"Chapter", "Section", "Ref", "SameAs", "Key", "Place""Chapter", "Section", "Ref", "SameAs", "Key", "Place"
"ch002", "récit", "https://raw.githubusercontent.com/BucknellDSC/suzette/refs/heads/master/suzette_gazetteer.xml#suzpl0296", "", "Falaise", "Falaise"
"ch002", "récit", "https://raw.githubusercontent.com/BucknellDSC/suzette/refs/heads/master/suzette_gazetteer.xml#suzpl0296", "", "Falaise", "Falaise"
"ch002", "récit", "https://raw.githubusercontent.com/BucknellDSC/suzette/refs/heads/master/suzette_gazetteer.xml#suzpl0720", "", "Normandie", "Normandie"
"ch002", "composition", "https://raw.githubusercontent.com/BucknellDSC/suzette/refs/heads/master/suzette_gazetteer.xml#suzpl0296", "", "Falaise", "Falaise"
"ch002", "composition", "https://raw.githubusercontent.com/BucknellDSC/suzette/refs/heads/master/suzette_gazetteer.xml#suzpl0296", "", "Falaise", "Falaise"
"ch002", "composition", "https://raw.githubusercontent.com/BucknellDSC/suzette/refs/heads/master/suzette_gazetteer.xml#suzpl0296", "", "Falaise", "Falaise"
"ch002", "composition", "https://raw.githubusercontent.com/BucknellDSC/suzette/refs/heads/master/suzette_gazetteer.xml#suzpl0720", "", "Normandie", "Normandie"
"ch002", "sciences_naturelles", "https://raw.githubusercontent.com/BucknellDSC/suzette/refs/heads/master/suzette_gazetteer.xml#suzpl0377", "", "Alleghany", "Alleghany"
"ch002", "sciences_naturelles", "https://raw.githubusercontent.com/BucknellDSC/suzette/refs/heads/master/suzette_gazetteer.xml#suzpl0432", "", "Caspienne", "Caspienne"
"ch002", "sciences_naturelles", "https://raw.githubusercontent.com/BucknellDSC/suzette/refs/heads/master/suzette_gazetteer.xml#suzpl0005", "", "Europe", "Europe"
"ch002", "sciences_naturelles", "https://raw.githubusercontent.com/BucknellDSC/suzette/refs/heads/master/suzette_gazetteer.xml#suzpl0721", "", "Valachie", "Valachie"
"ch002", "sciences_naturelles", "https://raw.githubusercontent.com/BucknellDSC/suzette/refs/heads/master/suzette_gazetteer.xml#suzpl0009", "", "États-Unis", "États-Unis""Chapter", "Section", "Ref", "SameAs", "Key", "Place"
"ch003", "récit", "", "", "", "Fragicourt""Chapter", "Section", "Ref", "SameAs", "Key", "Place"
"ch004", "récit", "https://raw.githubusercontent.com/BucknellDSC/suzette/refs/heads/master/suzette_gazetteer.xml#suzpl0302", "", "Canada", "Canada"
"ch004", "récit", "", "", "", "Fragicourt"
"ch004", "récit", "https://raw.githubusercontent.com/BucknellDSC/suzette/refs/heads/master/suzette_gazetteer.xml#suzpl0016", "", "France", "France"
"ch004", "récit", "https://raw.githubusercontent.com/BucknellDSC/suzette/refs/heads/master/suzette_gazetteer.xml#suzpl0722", "", "Sibérie", "Sibérie"
"ch004", "histoire", "https://raw.githubusercontent.com/BucknellDSC/suzette/refs/heads/master/suzette_gazetteer.xml#suzpl0016", "", "France", "France"
"ch004", "histoire", "https://raw.githubusercontent.com/BucknellDSC/suzette/refs/heads/master/suzette_gazetteer.xml#suzpl0016", "", "France", "France""Chapter", "Section", "Ref", "SameAs", "Key", "Place"
"ch005", "sciences_naturelles", "https://raw.githubusercontent.com/BucknellDSC/suzette/refs/heads/master/suzette_gazetteer.xml#suzpl0001", "", "Afrique", "Afrique"
"ch005", "sciences_naturelles", "https://raw.githubusercontent.com/BucknellDSC/suzette/refs/heads/master/suzette_gazetteer.xml#suzpl0016", "", "France", "France"
"ch005", "sciences_naturelles", "https://raw.githubusercontent.com/BucknellDSC/suzette/refs/heads/master/suzette_gazetteer.xml#suzpl0525", "", "l'Asie centrale", "l'Asie centrale"
"ch005", "sciences_naturelles", "https://raw.githubusercontent.com/BucknellDSC/suzette/refs/heads/master/suzette_gazetteer.xml#suzpl0528", "", "l'Italie méridionale", "l'Italie méridionale"
"ch005", "sciences_naturelles", "https://raw.githubusercontent.com/BucknellDSC/suzette/refs/heads/master/suzette_gazetteer.xml#suzpl0214", "", "la Syrie", "la Syrie"
"ch005", "sciences_naturelles", "https://raw.githubusercontent.com/BucknellDSC/suzette/refs/heads/master/suzette_gazetteer.xml#suzpl0368", "", "Afrique septentrionale", "le nord de l'Afrique"
"ch005", "sciences_naturelles", "https://raw.githubusercontent.com/BucknellDSC/suzette/refs/heads/master/suzette_gazetteer.xml#suzpl0303", "", "Alpes", "les Alpes"
"ch005", "sciences_naturelles", "https://raw.githubusercontent.com/BucknellDSC/suzette/refs/heads/master/suzette_gazetteer.xml#suzpl0542", "", "les Pyrénées", "les Pyrénées"
"ch005", "sciences_naturelles", "https://raw.githubusercontent.com/BucknellDSC/suzette/refs/heads/master/suzette_gazetteer.xml#suzpl0542", "", "les Pyrénées", "les Pyrénées""Chapter", "Section", "Ref", "SameAs", "Key", "Place"
"ch006", "sciences_naturelles", "https://raw.githubusercontent.com/BucknellDSC/suzette/refs/heads/master/suzette_gazetteer.xml#suzpl0002", "", "Amérique du nord", "Amérique"
"ch006", "sciences_naturelles", "https://raw.githubusercontent.com/BucknellDSC/suzette/refs/heads/master/suzette_gazetteer.xml#suzpl0012", "", "Chili", "Chili"
"ch006", "sciences_naturelles", "https://raw.githubusercontent.com/BucknellDSC/suzette/refs/heads/master/suzette_gazetteer.xml#suzpl0005", "", "Europe", "Europe"
"ch006", "sciences_naturelles", "https://raw.githubusercontent.com/BucknellDSC/suzette/refs/heads/master/suzette_gazetteer.xml#suzpl0043", "", "Pérou", "Pérou""Chapter", "Section", "Ref", "SameAs", "Key", "Place"
"ch007", "récit", "https://raw.githubusercontent.com/BucknellDSC/suzette/refs/heads/master/suzette_gazetteer.xml#suzpl0066", "", "Beauvais", "Beauvais"
"ch007", "récit", "https://raw.githubusercontent.com/BucknellDSC/suzette/refs/heads/master/suzette_gazetteer.xml#suzpl0156", "", "Lorraine", "Lorraine"
"ch007", "récit", "https://raw.githubusercontent.com/BucknellDSC/suzette/refs/heads/master/suzette_gazetteer.xml#suzpl0364", "", "Villedieu", "Villedieu"
"ch007", "questionnaire", "https://raw.githubusercontent.com/BucknellDSC/suzette/refs/heads/master/suzette_gazetteer.xml#suzpl0066", "", "Beauvais", "Beauvais"
"ch007", "questionnaire", "https://raw.githubusercontent.com/BucknellDSC/suzette/refs/heads/master/suzette_gazetteer.xml#suzpl0307", "", "Metz", "Metz"
"ch007", "questionnaire", "https://raw.githubusercontent.com/BucknellDSC/suzette/refs/heads/master/suzette_gazetteer.xml#suzpl0156", "", "la Lorraine", "la Lorraine"
"ch007", "histoire", "https://raw.githubusercontent.com/BucknellDSC/suzette/refs/heads/master/suzette_gazetteer.xml#suzpl0066", "", "Beauvais", "Beauvais"
"ch007", "histoire", "https://raw.githubusercontent.com/BucknellDSC/suzette/refs/heads/master/suzette_gazetteer.xml#suzpl0016", "", "France", "France"
"ch007", "histoire", "https://raw.githubusercontent.com/BucknellDSC/suzette/refs/heads/master/suzette_gazetteer.xml#suzpl0016", "", "France", "France"
"ch007", "histoire", "https://raw.githubusercontent.com/BucknellDSC/suzette/refs/heads/master/suzette_gazetteer.xml#suzpl0016", "", "France", "France"
"ch007", "histoire", "https://raw.githubusercontent.com/BucknellDSC/suzette/refs/heads/master/suzette_gazetteer.xml#suzpl0048", "", "Marseille", "Marseille"
"ch007", "histoire", "https://raw.githubusercontent.com/BucknellDSC/suzette/refs/heads/master/suzette_gazetteer.xml#suzpl0069", "", "Rouen", "Rouen"
"ch007", "histoire", "https://raw.githubusercontent.com/BucknellDSC/suzette/refs/heads/master/suzette_gazetteer.xml#suzpl0005", "", "Europe", "le continent européen"
"ch007", "sciences_naturelles", "https://raw.githubusercontent.com/BucknellDSC/suzette/refs/heads/master/suzette_gazetteer.xml#suzpl0249", "", "Compiègne", "Compiègne"
"ch007", "sciences_naturelles", "https://raw.githubusercontent.com/BucknellDSC/suzette/refs/heads/master/suzette_gazetteer.xml#suzpl0707", "", "Fontainebleau", "Fontainebleau"
"ch007", "sciences_naturelles", "https://raw.githubusercontent.com/BucknellDSC/suzette/refs/heads/master/suzette_gazetteer.xml#suzpl0016", "", "France", "France"
"ch007", "sciences_naturelles", "https://raw.githubusercontent.com/BucknellDSC/suzette/refs/heads/master/suzette_gazetteer.xml#suzpl0206", "", "Jura", "Jura"
"ch007", "sciences_naturelles", "https://raw.githubusercontent.com/BucknellDSC/suzette/refs/heads/master/suzette_gazetteer.xml#suzpl0565", "", "Morvan", "Morvan"
"ch007", "sciences_naturelles", "https://raw.githubusercontent.com/BucknellDSC/suzette/refs/heads/master/suzette_gazetteer.xml#suzpl0064", "", "Orléans", "Orléans"
"ch007", "sciences_naturelles", "https://raw.githubusercontent.com/BucknellDSC/suzette/refs/heads/master/suzette_gazetteer.xml#suzpl0183", "", "Vosges", "Vosges"
"ch007", "sciences_naturelles", "https://raw.githubusercontent.com/BucknellDSC/suzette/refs/heads/master/suzette_gazetteer.xml#suzpl0534", "", "Landes", "les Landes""Chapter", "Section", "Ref", "SameAs", "Key", "Place"
"ch008", "récit", "https://raw.githubusercontent.com/BucknellDSC/suzette/refs/heads/master/suzette_gazetteer.xml#suzpl0026", "", "Inde", "Inde"
"ch008", "économie_domestique", "https://raw.githubusercontent.com/BucknellDSC/suzette/refs/heads/master/suzette_gazetteer.xml#suzpl0032", "", "Malaisie", "Malaisie""Chapter", "Section", "Ref", "SameAs", "Key", "Place"
"ch009", "industrie", "https://raw.githubusercontent.com/BucknellDSC/suzette/refs/heads/master/suzette_gazetteer.xml#suzpl0141", "", "Mayence", "Mayence"
"ch009", "industrie", "https://raw.githubusercontent.com/BucknellDSC/suzette/refs/heads/master/suzette_gazetteer.xml#suzpl0141", "", "Mayence", "Mayence"
"ch009", "industrie", "https://raw.githubusercontent.com/BucknellDSC/suzette/refs/heads/master/suzette_gazetteer.xml#suzpl0140", "", "Strasbourg", "Strasbourg""Chapter", "Section", "Ref", "SameAs", "Key", "Place"
"ch010", "histoire", "https://raw.githubusercontent.com/BucknellDSC/suzette/refs/heads/master/suzette_gazetteer.xml#suzpl0153", "", "Aquitaine", "Aquitaine"
"ch010", "histoire", "https://raw.githubusercontent.com/BucknellDSC/suzette/refs/heads/master/suzette_gazetteer.xml#suzpl0309", "", "Austrasie", "Austrasie"
"ch010", "histoire", "https://raw.githubusercontent.com/BucknellDSC/suzette/refs/heads/master/suzette_gazetteer.xml#suzpl0016", "", "France", "France"
"ch010", "histoire", "https://raw.githubusercontent.com/BucknellDSC/suzette/refs/heads/master/suzette_gazetteer.xml#suzpl0725", "", "Neustrie", "Neustrie"
"ch010", "histoire", "https://raw.githubusercontent.com/BucknellDSC/suzette/refs/heads/master/suzette_gazetteer.xml#suzpl0114", "", "Noyon", "Noyon"
"ch010", "histoire", "https://raw.githubusercontent.com/BucknellDSC/suzette/refs/heads/master/suzette_gazetteer.xml#suzpl0793", "", "Abbaye de Saint-Denis", "abbaye de Saint-Denis""Chapter", "Section", "Ref", "SameAs", "Key", "Place""Chapter", "Section", "Ref", "SameAs", "Key", "Place"
"ch012", "industrie", "https://raw.githubusercontent.com/BucknellDSC/suzette/refs/heads/master/suzette_gazetteer.xml#suzpl0048", "", "Marseille", "Marseille"
"ch012", "industrie", "https://raw.githubusercontent.com/BucknellDSC/suzette/refs/heads/master/suzette_gazetteer.xml#suzpl0115", "", "Nantes", "Nantes"
"ch012", "industrie", "https://raw.githubusercontent.com/BucknellDSC/suzette/refs/heads/master/suzette_gazetteer.xml#suzpl0044", "", "Paris", "Paris"
"ch012", "industrie", "https://raw.githubusercontent.com/BucknellDSC/suzette/refs/heads/master/suzette_gazetteer.xml#suzpl0070", "", "Reims", "Reims"
"ch012", "industrie", "https://raw.githubusercontent.com/BucknellDSC/suzette/refs/heads/master/suzette_gazetteer.xml#suzpl0069", "", "Rouen", "Rouen""Chapter", "Section", "Ref", "SameAs", "Key", "Place"
"ch013", "récit", "https://raw.githubusercontent.com/BucknellDSC/suzette/refs/heads/master/suzette_gazetteer.xml#suzpl0112", "", "Saint-Quentin", "Saint-Quentin""Chapter", "Section", "Ref", "SameAs", "Key", "Place"
"ch014", "récit", "https://raw.githubusercontent.com/BucknellDSC/suzette/refs/heads/master/suzette_gazetteer.xml#suzpl0309", "", "Austrasie", "Austrasie"
"ch014", "récit", "https://raw.githubusercontent.com/BucknellDSC/suzette/refs/heads/master/suzette_gazetteer.xml#suzpl0309", "", "Austrasie", "Austrasie"
"ch014", "récit", "https://raw.githubusercontent.com/BucknellDSC/suzette/refs/heads/master/suzette_gazetteer.xml#suzpl0091", "", "Cambrai", "Cambrai"
"ch014", "récit", "", "", "", "Fragicourt"
"ch014", "récit", "https://raw.githubusercontent.com/BucknellDSC/suzette/refs/heads/master/suzette_gazetteer.xml#suzpl0016", "", "France", "France"
"ch014", "récit", "https://raw.githubusercontent.com/BucknellDSC/suzette/refs/heads/master/suzette_gazetteer.xml#suzpl0016", "", "France", "France"
"ch014", "récit", "https://raw.githubusercontent.com/BucknellDSC/suzette/refs/heads/master/suzette_gazetteer.xml#suzpl0044", "", "Paris", "Paris"
"ch014", "récit", "https://raw.githubusercontent.com/BucknellDSC/suzette/refs/heads/master/suzette_gazetteer.xml#suzpl0311", "", "Chausée Brunehaut", "chaussée Brunehaut"
"ch014", "morale", "https://raw.githubusercontent.com/BucknellDSC/suzette/refs/heads/master/suzette_gazetteer.xml#suzpl0091", "", "Cambrai", "Cambrai"
"ch014", "histoire", "https://raw.githubusercontent.com/BucknellDSC/suzette/refs/heads/master/suzette_gazetteer.xml#suzpl0309", "", "Austrasie", "Austrasie"
"ch014", "histoire", "https://raw.githubusercontent.com/BucknellDSC/suzette/refs/heads/master/suzette_gazetteer.xml#suzpl0014", "", "Espagne", "Espagne"
"ch014", "histoire", "https://raw.githubusercontent.com/BucknellDSC/suzette/refs/heads/master/suzette_gazetteer.xml#suzpl0016", "", "France", "France"
"ch014", "histoire", "https://raw.githubusercontent.com/BucknellDSC/suzette/refs/heads/master/suzette_gazetteer.xml#suzpl0117", "", "Lyon", "Lyon"
"ch014", "histoire", "https://raw.githubusercontent.com/BucknellDSC/suzette/refs/heads/master/suzette_gazetteer.xml#suzpl0725", "", "Neustrie", "Neustrie""Chapter", "Section", "Ref", "SameAs", "Key", "Place"
"ch015", "récit", "https://raw.githubusercontent.com/BucknellDSC/suzette/refs/heads/master/suzette_gazetteer.xml#suzpl0726", "", "Vermandois", " Vermandois"
"ch015", "récit", "https://raw.githubusercontent.com/BucknellDSC/suzette/refs/heads/master/suzette_gazetteer.xml#suzpl0002", "", "Amérique du nord", "Amérique"
"ch015", "récit", "https://raw.githubusercontent.com/BucknellDSC/suzette/refs/heads/master/suzette_gazetteer.xml#suzpl0002", "", "Amérique du nord", "Amérique"
"ch015", "récit", "https://raw.githubusercontent.com/BucknellDSC/suzette/refs/heads/master/suzette_gazetteer.xml#suzpl0794", "", "Beffroi de Douai", "Beffroi de Douai"
"ch015", "récit", "https://raw.githubusercontent.com/BucknellDSC/suzette/refs/heads/master/suzette_gazetteer.xml#suzpl0912", "", "Hôtel de ville de Saint-Quentin", "Hôtel de ville de Saint-Quentin"
"ch015", "récit", "https://raw.githubusercontent.com/BucknellDSC/suzette/refs/heads/master/suzette_gazetteer.xml#suzpl0112", "", "Saint-Quentin", "Saint-Quentin"
"ch015", "récit", "https://raw.githubusercontent.com/BucknellDSC/suzette/refs/heads/master/suzette_gazetteer.xml#suzpl0112", "", "Saint-Quentin", "Saint-Quentin"
"ch015", "questionnaire", "", "", "", "Fragicourt"
"ch015", "questionnaire", "https://raw.githubusercontent.com/BucknellDSC/suzette/refs/heads/master/suzette_gazetteer.xml#suzpl0112", "", "Saint-Quentin", "Saint-Quentin"
"ch015", "questionnaire", "https://raw.githubusercontent.com/BucknellDSC/suzette/refs/heads/master/suzette_gazetteer.xml#suzpl0794", "", "Beffroi de Douai", "beffroi"
"ch015", "questionnaire", "https://raw.githubusercontent.com/BucknellDSC/suzette/refs/heads/master/suzette_gazetteer.xml#suzpl0912", "", "Hôtel de ville de Saint-Quentin", "hôtel de ville"
"ch015", "questionnaire", "https://raw.githubusercontent.com/BucknellDSC/suzette/refs/heads/master/suzette_gazetteer.xml#suzpl0912", "", "Hôtel de ville de Saint-Quentin", "hôtel de ville"
"ch015", "questionnaire", "https://raw.githubusercontent.com/BucknellDSC/suzette/refs/heads/master/suzette_gazetteer.xml#suzpl0912", "", "Hôtel de ville de Saint-Quentin", "hôtel de ville de Saint-Quentin"
"ch015", "industrie", "https://raw.githubusercontent.com/BucknellDSC/suzette/refs/heads/master/suzette_gazetteer.xml#suzpl0435", "", "Cathédrale Notre-Dame", "Notre-Dame de Paris"
"ch015", "industrie", "https://raw.githubusercontent.com/BucknellDSC/suzette/refs/heads/master/suzette_gazetteer.xml#suzpl0795", "", "Sainte-Chapelle", "Sainte-Chapelle"
"ch015", "industrie", "https://raw.githubusercontent.com/BucknellDSC/suzette/refs/heads/master/suzette_gazetteer.xml#suzpl0902", "", "cathédrale de Saint-Denis", "cathédrale de Saint-Denis"
"ch015", "industrie", "https://raw.githubusercontent.com/BucknellDSC/suzette/refs/heads/master/suzette_gazetteer.xml#suzpl0023", "", "Égypte", "Égypte""Chapter", "Section", "Ref", "SameAs", "Key", "Place"
"ch016", "récit", "https://raw.githubusercontent.com/BucknellDSC/suzette/refs/heads/master/suzette_gazetteer.xml#suzpl0022", "", "Algérie", "Algérie"
"ch016", "récit", "https://raw.githubusercontent.com/BucknellDSC/suzette/refs/heads/master/suzette_gazetteer.xml#suzpl0023", "", "Égypte", "Egypte"
"ch016", "récit", "https://raw.githubusercontent.com/BucknellDSC/suzette/refs/heads/master/suzette_gazetteer.xml#suzpl0009", "", "États-Unis", "Etats-Unis"
"ch016", "récit", "https://raw.githubusercontent.com/BucknellDSC/suzette/refs/heads/master/suzette_gazetteer.xml#suzpl0026", "", "Inde", "Inde"
"ch016", "récit", "https://raw.githubusercontent.com/BucknellDSC/suzette/refs/heads/master/suzette_gazetteer.xml#suzpl0169", "", "Nord", "Nord"
"ch016", "récit", "https://raw.githubusercontent.com/BucknellDSC/suzette/refs/heads/master/suzette_gazetteer.xml#suzpl0070", "", "Reims", "Reims"
"ch016", "récit", "https://raw.githubusercontent.com/BucknellDSC/suzette/refs/heads/master/suzette_gazetteer.xml#suzpl0056", "", "Roubaix", "Roubaix"
"ch016", "récit", "https://raw.githubusercontent.com/BucknellDSC/suzette/refs/heads/master/suzette_gazetteer.xml#suzpl0053", "", "Sedan", "Sedan"
"ch016", "récit", "https://raw.githubusercontent.com/BucknellDSC/suzette/refs/heads/master/suzette_gazetteer.xml#suzpl0180", "", "Seine-Inférieure", "Seine-Inférieure"
"ch016", "récit", "https://raw.githubusercontent.com/BucknellDSC/suzette/refs/heads/master/suzette_gazetteer.xml#suzpl0057", "", "Tourcoing", "Tourcoing""Chapter", "Section", "Ref", "SameAs", "Key", "Place"
"ch017", "complexe", "https://raw.githubusercontent.com/BucknellDSC/suzette/refs/heads/master/suzette_gazetteer.xml#suzpl0022", "", "Algérie", "Algérie"
"ch017", "complexe", "https://raw.githubusercontent.com/BucknellDSC/suzette/refs/heads/master/suzette_gazetteer.xml#suzpl0014", "", "Espagne", "Espagne"
"ch017", "complexe", "https://raw.githubusercontent.com/BucknellDSC/suzette/refs/heads/master/suzette_gazetteer.xml#suzpl0005", "", "Europe", "Europe"
"ch017", "complexe", "https://raw.githubusercontent.com/BucknellDSC/suzette/refs/heads/master/suzette_gazetteer.xml#suzpl0005", "", "Europe", "Europe"
"ch017", "complexe", "https://raw.githubusercontent.com/BucknellDSC/suzette/refs/heads/master/suzette_gazetteer.xml#suzpl0005", "", "Europe", "Europe"
"ch017", "complexe", "https://raw.githubusercontent.com/BucknellDSC/suzette/refs/heads/master/suzette_gazetteer.xml#suzpl0016", "", "France", "France"
"ch017", "complexe", "https://raw.githubusercontent.com/BucknellDSC/suzette/refs/heads/master/suzette_gazetteer.xml#suzpl0354", "", "Hindoustan", "Hindoustan"
"ch017", "complexe", "https://raw.githubusercontent.com/BucknellDSC/suzette/refs/heads/master/suzette_gazetteer.xml#suzpl0104", "", "Rambouillet", "Rambouillet"
"ch017", "complexe", "https://raw.githubusercontent.com/BucknellDSC/suzette/refs/heads/master/suzette_gazetteer.xml#suzpl0023", "", "Égypte", "Égypte"
"ch017", "complexe", "https://raw.githubusercontent.com/BucknellDSC/suzette/refs/heads/master/suzette_gazetteer.xml#suzpl0009", "", "États-Unis", "États-Unis"
"ch017", "géographie", "https://raw.githubusercontent.com/BucknellDSC/suzette/refs/heads/master/suzette_gazetteer.xml#suzpl0058", "", "Amiens", "Amiens"
"ch017", "géographie", "https://raw.githubusercontent.com/BucknellDSC/suzette/refs/heads/master/suzette_gazetteer.xml#suzpl0086", "", "Angers", "Angers"
"ch017", "géographie", "https://raw.githubusercontent.com/BucknellDSC/suzette/refs/heads/master/suzette_gazetteer.xml#suzpl0074", "", "Armentières", "Armentières"
"ch017", "géographie", "https://raw.githubusercontent.com/BucknellDSC/suzette/refs/heads/master/suzette_gazetteer.xml#suzpl0073", "", "Arras", "Arras"
"ch017", "géographie", "https://raw.githubusercontent.com/BucknellDSC/suzette/refs/heads/master/suzette_gazetteer.xml#suzpl0067", "", "Aubusson", "Aubusson"
"ch017", "géographie", "https://raw.githubusercontent.com/BucknellDSC/suzette/refs/heads/master/suzette_gazetteer.xml#suzpl0066", "", "Beauvais", "Beauvais"
"ch017", "géographie", "https://raw.githubusercontent.com/BucknellDSC/suzette/refs/heads/master/suzette_gazetteer.xml#suzpl0090", "", "Bernay", "Bernay"
"ch017", "géographie", "https://raw.githubusercontent.com/BucknellDSC/suzette/refs/heads/master/suzette_gazetteer.xml#suzpl0091", "", "Cambrai", "Cambrai"
"ch017", "géographie", "https://raw.githubusercontent.com/BucknellDSC/suzette/refs/heads/master/suzette_gazetteer.xml#suzpl0063", "", "Carcassonne", "Carcassonne"
"ch017", "géographie", "https://raw.githubusercontent.com/BucknellDSC/suzette/refs/heads/master/suzette_gazetteer.xml#suzpl0055", "", "Castres", "Castres"
"ch017", "géographie", "https://raw.githubusercontent.com/BucknellDSC/suzette/refs/heads/master/suzette_gazetteer.xml#suzpl0071", "", "Chantilly", "Chantilly"
"ch017", "géographie", "https://raw.githubusercontent.com/BucknellDSC/suzette/refs/heads/master/suzette_gazetteer.xml#suzpl0084", "", "Cholet", "Cholet"
"ch017", "géographie", "https://raw.githubusercontent.com/BucknellDSC/suzette/refs/heads/master/suzette_gazetteer.xml#suzpl0087", "", "Condé-sur-Noireau", "Condé-sur-Noireau"
"ch017", "géographie", "https://raw.githubusercontent.com/BucknellDSC/suzette/refs/heads/master/suzette_gazetteer.xml#suzpl0116", "", "Elbeuf", "Elbeuf"
"ch017", "géographie", "https://raw.githubusercontent.com/BucknellDSC/suzette/refs/heads/master/suzette_gazetteer.xml#suzpl0088", "", "Flers", "Flers"
"ch017", "géographie", "https://raw.githubusercontent.com/BucknellDSC/suzette/refs/heads/master/suzette_gazetteer.xml#suzpl0016", "", "France", "France"
"ch017", "géographie", "https://raw.githubusercontent.com/BucknellDSC/suzette/refs/heads/master/suzette_gazetteer.xml#suzpl0016", "", "France", "France"
"ch017", "géographie", "https://raw.githubusercontent.com/BucknellDSC/suzette/refs/heads/master/suzette_gazetteer.xml#suzpl0079", "", "Grenoble", "Grenoble"
"ch017", "géographie", "https://raw.githubusercontent.com/BucknellDSC/suzette/refs/heads/master/suzette_gazetteer.xml#suzpl0083", "", "Laval", "Laval"
"ch017", "géographie", "https://raw.githubusercontent.com/BucknellDSC/suzette/refs/heads/master/suzette_gazetteer.xml#suzpl0078", "", "Lavaur", "Lavaur"
"ch017", "géographie", "https://raw.githubusercontent.com/BucknellDSC/suzette/refs/heads/master/suzette_gazetteer.xml#suzpl0914", "", "Le Mans", "Le Mans"
"ch017", "géographie", "https://raw.githubusercontent.com/BucknellDSC/suzette/refs/heads/master/suzette_gazetteer.xml#suzpl0608", "", "Le Puy-en-Velay", "Le Puy"
"ch017", "géographie", "https://raw.githubusercontent.com/BucknellDSC/suzette/refs/heads/master/suzette_gazetteer.xml#suzpl0089", "", "Lisieux", "Lisieux"
"ch017", "géographie", "https://raw.githubusercontent.com/BucknellDSC/suzette/refs/heads/master/suzette_gazetteer.xml#suzpl0060", "", "Lodève", "Lodève"
"ch017", "géographie", "https://raw.githubusercontent.com/BucknellDSC/suzette/refs/heads/master/suzette_gazetteer.xml#suzpl0047", "", "Louviers", "Louviers"
"ch017", "géographie", "https://raw.githubusercontent.com/BucknellDSC/suzette/refs/heads/master/suzette_gazetteer.xml#suzpl0054", "", "Mazamet", "Mazamet"
"ch017", "géographie", "https://raw.githubusercontent.com/BucknellDSC/suzette/refs/heads/master/suzette_gazetteer.xml#suzpl0077", "", "Moselle", "Moselle"
"ch017", "géographie", "https://raw.githubusercontent.com/BucknellDSC/suzette/refs/heads/master/suzette_gazetteer.xml#suzpl0064", "", "Orléans", "Orléans"
"ch017", "géographie", "https://raw.githubusercontent.com/BucknellDSC/suzette/refs/heads/master/suzette_gazetteer.xml#suzpl0062", "", "Privas", "Privas"
"ch017", "géographie", "https://raw.githubusercontent.com/BucknellDSC/suzette/refs/heads/master/suzette_gazetteer.xml#suzpl0068", "", "Puteaux", "Puteaux"
"ch017", "géographie", "https://raw.githubusercontent.com/BucknellDSC/suzette/refs/heads/master/suzette_gazetteer.xml#suzpl0070", "", "Reims", "Reims"
"ch017", "géographie", "https://raw.githubusercontent.com/BucknellDSC/suzette/refs/heads/master/suzette_gazetteer.xml#suzpl0061", "", "Rethel", "Rethel"
"ch017", "géographie", "https://raw.githubusercontent.com/BucknellDSC/suzette/refs/heads/master/suzette_gazetteer.xml#suzpl0082", "", "Roanne", "Roanne"
"ch017", "géographie", "https://raw.githubusercontent.com/BucknellDSC/suzette/refs/heads/master/suzette_gazetteer.xml#suzpl0056", "", "Roubaix", "Roubaix"
"ch017", "géographie", "https://raw.githubusercontent.com/BucknellDSC/suzette/refs/heads/master/suzette_gazetteer.xml#suzpl0069", "", "Rouen", "Rouen"
"ch017", "géographie", "https://raw.githubusercontent.com/BucknellDSC/suzette/refs/heads/master/suzette_gazetteer.xml#suzpl0072", "", "Saint-Omer", "Saint-Omer"
"ch017", "géographie", "https://raw.githubusercontent.com/BucknellDSC/suzette/refs/heads/master/suzette_gazetteer.xml#suzpl0053", "", "Sedan", "Sedan"
"ch017", "géographie", "https://raw.githubusercontent.com/BucknellDSC/suzette/refs/heads/master/suzette_gazetteer.xml#suzpl0057", "", "Tourcoing", "Tourcoing"
"ch017", "géographie", "https://raw.githubusercontent.com/BucknellDSC/suzette/refs/heads/master/suzette_gazetteer.xml#suzpl0065", "", "Tours", "Tours"
"ch017", "géographie", "https://raw.githubusercontent.com/BucknellDSC/suzette/refs/heads/master/suzette_gazetteer.xml#suzpl0059", "", "Troyes", "Troyes"
"ch017", "géographie", "https://raw.githubusercontent.com/BucknellDSC/suzette/refs/heads/master/suzette_gazetteer.xml#suzpl0080", "", "Valence", "Valence"
"ch017", "géographie", "https://raw.githubusercontent.com/BucknellDSC/suzette/refs/heads/master/suzette_gazetteer.xml#suzpl0075", "", "Épinal", "Épinal""Chapter", "Section", "Ref", "SameAs", "Key", "Place"
"ch018", "récit", "https://raw.githubusercontent.com/BucknellDSC/suzette/refs/heads/master/suzette_gazetteer.xml#suzpl0122", "", "Aix-la-Chapelle", "Aix-la-Chapelle"
"ch018", "récit", "https://raw.githubusercontent.com/BucknellDSC/suzette/refs/heads/master/suzette_gazetteer.xml#suzpl0122", "", "Aix-la-Chapelle", "Aix-la-Chapelle"
"ch018", "récit", "https://raw.githubusercontent.com/BucknellDSC/suzette/refs/heads/master/suzette_gazetteer.xml#suzpl0118", "", "Alençon", "Alençon"
"ch018", "récit", "https://raw.githubusercontent.com/BucknellDSC/suzette/refs/heads/master/suzette_gazetteer.xml#suzpl0011", "", "Allemagne", "Allemagne"
"ch018", "récit", "https://raw.githubusercontent.com/BucknellDSC/suzette/refs/heads/master/suzette_gazetteer.xml#suzpl0120", "", "Bayonne", "Bayonne"
"ch018", "récit", "https://raw.githubusercontent.com/BucknellDSC/suzette/refs/heads/master/suzette_gazetteer.xml#suzpl0123", "", "Beaucaire", "Beaucaire"
"ch018", "récit", "https://raw.githubusercontent.com/BucknellDSC/suzette/refs/heads/master/suzette_gazetteer.xml#suzpl0021", "", "Belgique", "Belgique"
"ch018", "récit", "https://raw.githubusercontent.com/BucknellDSC/suzette/refs/heads/master/suzette_gazetteer.xml#suzpl0091", "", "Cambrai", "Cambrai"
"ch018", "récit", "https://raw.githubusercontent.com/BucknellDSC/suzette/refs/heads/master/suzette_gazetteer.xml#suzpl0121", "", "Châtellerault", "Châtellerault"
"ch018", "récit", "https://raw.githubusercontent.com/BucknellDSC/suzette/refs/heads/master/suzette_gazetteer.xml#suzpl0116", "", "Elbeuf", "Elbeuf"
"ch018", "récit", "https://raw.githubusercontent.com/BucknellDSC/suzette/refs/heads/master/suzette_gazetteer.xml#suzpl0016", "", "France", "France"
"ch018", "récit", "https://raw.githubusercontent.com/BucknellDSC/suzette/refs/heads/master/suzette_gazetteer.xml#suzpl0915", "", "Marché de Landit", "Landit"
"ch018", "récit", "https://raw.githubusercontent.com/BucknellDSC/suzette/refs/heads/master/suzette_gazetteer.xml#suzpl0089", "", "Lisieux", "Lisieux"
"ch018", "récit", "https://raw.githubusercontent.com/BucknellDSC/suzette/refs/heads/master/suzette_gazetteer.xml#suzpl0060", "", "Lodève", "Lodève"
"ch018", "récit", "https://raw.githubusercontent.com/BucknellDSC/suzette/refs/heads/master/suzette_gazetteer.xml#suzpl0117", "", "Lyon", "Lyon"
"ch018", "récit", "https://raw.githubusercontent.com/BucknellDSC/suzette/refs/heads/master/suzette_gazetteer.xml#suzpl0117", "", "Lyon", "Lyon"
"ch018", "récit", "https://raw.githubusercontent.com/BucknellDSC/suzette/refs/heads/master/suzette_gazetteer.xml#suzpl0124", "", "Provins", "Provins"
"ch018", "récit", "https://raw.githubusercontent.com/BucknellDSC/suzette/refs/heads/master/suzette_gazetteer.xml#suzpl0070", "", "Reims", "Reims"
"ch018", "récit", "https://raw.githubusercontent.com/BucknellDSC/suzette/refs/heads/master/suzette_gazetteer.xml#suzpl0056", "", "Roubaix", "Roubaix"
"ch018", "récit", "https://raw.githubusercontent.com/BucknellDSC/suzette/refs/heads/master/suzette_gazetteer.xml#suzpl0113", "", "Saint-Denis", "Saint-Denis"
"ch018", "récit", "https://raw.githubusercontent.com/BucknellDSC/suzette/refs/heads/master/suzette_gazetteer.xml#suzpl0112", "", "Saint-Quentin", "Saint-Quentin"
"ch018", "récit", "https://raw.githubusercontent.com/BucknellDSC/suzette/refs/heads/master/suzette_gazetteer.xml#suzpl0313", "", "Saint-Étienne", "Saint-Étienne"
"ch018", "récit", "https://raw.githubusercontent.com/BucknellDSC/suzette/refs/heads/master/suzette_gazetteer.xml#suzpl0053", "", "Sedan", "Sedan"
"ch018", "récit", "https://raw.githubusercontent.com/BucknellDSC/suzette/refs/heads/master/suzette_gazetteer.xml#suzpl0059", "", "Troyes", "Troyes"
"ch018", "récit", "https://raw.githubusercontent.com/BucknellDSC/suzette/refs/heads/master/suzette_gazetteer.xml#suzpl0119", "", "Valenciennes", "Valenciennes"
"ch018", "français", "https://raw.githubusercontent.com/BucknellDSC/suzette/refs/heads/master/suzette_gazetteer.xml#suzpl0070", "", "Reims", "Reims"
"ch018", "sciences_naturelles", "https://raw.githubusercontent.com/BucknellDSC/suzette/refs/heads/master/suzette_gazetteer.xml#suzpl0013", "", "Chine", "Chine"
"ch018", "sciences_naturelles", "https://raw.githubusercontent.com/BucknellDSC/suzette/refs/heads/master/suzette_gazetteer.xml#suzpl0016", "", "France", "France"
"ch018", "sciences_naturelles", "https://raw.githubusercontent.com/BucknellDSC/suzette/refs/heads/master/suzette_gazetteer.xml#suzpl0016", "", "France", "France"
"ch018", "sciences_naturelles", "https://raw.githubusercontent.com/BucknellDSC/suzette/refs/heads/master/suzette_gazetteer.xml#suzpl0017", "", "Japon", "Japon"
"ch018", "géographie", "https://raw.githubusercontent.com/BucknellDSC/suzette/refs/heads/master/suzette_gazetteer.xml#suzpl0440", "", "Champagne", "Champagne"
"ch018", "géographie", "https://raw.githubusercontent.com/BucknellDSC/suzette/refs/heads/master/suzette_gazetteer.xml#suzpl0116", "", "Elbeuf", "Elbeuf"
"ch018", "géographie", "https://raw.githubusercontent.com/BucknellDSC/suzette/refs/heads/master/suzette_gazetteer.xml#suzpl0151", "", "Flandre", "Flandre"
"ch018", "géographie", "https://raw.githubusercontent.com/BucknellDSC/suzette/refs/heads/master/suzette_gazetteer.xml#suzpl0181", "", "Marne", "Marne"
"ch018", "géographie", "https://raw.githubusercontent.com/BucknellDSC/suzette/refs/heads/master/suzette_gazetteer.xml#suzpl0169", "", "Nord", "Nord"
"ch018", "géographie", "https://raw.githubusercontent.com/BucknellDSC/suzette/refs/heads/master/suzette_gazetteer.xml#suzpl0720", "", "Normandie", "Normandie"
"ch018", "géographie", "https://raw.githubusercontent.com/BucknellDSC/suzette/refs/heads/master/suzette_gazetteer.xml#suzpl0070", "", "Reims", "Reims"
"ch018", "géographie", "https://raw.githubusercontent.com/BucknellDSC/suzette/refs/heads/master/suzette_gazetteer.xml#suzpl0056", "", "Roubaix", "Roubaix"
"ch018", "géographie", "https://raw.githubusercontent.com/BucknellDSC/suzette/refs/heads/master/suzette_gazetteer.xml#suzpl0180", "", "Seine-Inférieure", "Seine-Inférieure""Chapter", "Section", "Ref", "SameAs", "Key", "Place"
"ch019", "instruction_civique", "https://raw.githubusercontent.com/BucknellDSC/suzette/refs/heads/master/suzette_gazetteer.xml#suzpl0052", "", "Bordeaux", "Bordeaux"
"ch019", "instruction_civique", "https://raw.githubusercontent.com/BucknellDSC/suzette/refs/heads/master/suzette_gazetteer.xml#suzpl0052", "", "Bordeaux", "Bordeaux"
"ch019", "instruction_civique", "https://raw.githubusercontent.com/BucknellDSC/suzette/refs/heads/master/suzette_gazetteer.xml#suzpl0052", "", "Bordeaux", "Bordeaux"
"ch019", "instruction_civique", "https://raw.githubusercontent.com/BucknellDSC/suzette/refs/heads/master/suzette_gazetteer.xml#suzpl0052", "", "Bordeaux", "Bordeaux"
"ch019", "instruction_civique", "https://raw.githubusercontent.com/BucknellDSC/suzette/refs/heads/master/suzette_gazetteer.xml#suzpl0220", "", "France méridionale (Midi)", "Midi"
"ch019", "instruction_civique", "https://raw.githubusercontent.com/BucknellDSC/suzette/refs/heads/master/suzette_gazetteer.xml#suzpl0044", "", "Paris", "Paris"
"ch019", "instruction_civique", "https://raw.githubusercontent.com/BucknellDSC/suzette/refs/heads/master/suzette_gazetteer.xml#suzpl0044", "", "Paris", "Paris"
"ch019", "instruction_civique", "https://raw.githubusercontent.com/BucknellDSC/suzette/refs/heads/master/suzette_gazetteer.xml#suzpl0056", "", "Roubaix", "Roubaix""Chapter", "Section", "Ref", "SameAs", "Key", "Place""Chapter", "Section", "Ref", "SameAs", "Key", "Place"
"ch021", "récit", "https://raw.githubusercontent.com/BucknellDSC/suzette/refs/heads/master/suzette_gazetteer.xml#suzpl0690", "", "Avre", "Avre"
"ch021", "récit", "", "", "", "Fragicourt"
"ch021", "récit", "https://raw.githubusercontent.com/BucknellDSC/suzette/refs/heads/master/suzette_gazetteer.xml#suzpl0310", "", "Noye", "Noye"
"ch021", "récit", "https://raw.githubusercontent.com/BucknellDSC/suzette/refs/heads/master/suzette_gazetteer.xml#suzpl0926", "", "Paraclet", "Paraclet"
"ch021", "récit", "https://raw.githubusercontent.com/BucknellDSC/suzette/refs/heads/master/suzette_gazetteer.xml#suzpl0727", "", "Paraclet", "Paraclet"
"ch021", "questionnaire", "https://raw.githubusercontent.com/BucknellDSC/suzette/refs/heads/master/suzette_gazetteer.xml#suzpl0727", "", "Paraclet", "Paraclet""Chapter", "Section", "Ref", "SameAs", "Key", "Place"
"ch022", "agriculture", "https://raw.githubusercontent.com/BucknellDSC/suzette/refs/heads/master/suzette_gazetteer.xml#suzpl0102", "", "Auxerre", "Auxerre"
"ch022", "agriculture", "https://raw.githubusercontent.com/BucknellDSC/suzette/refs/heads/master/suzette_gazetteer.xml#suzpl0016", "", "France", "France"
"ch022", "agriculture", "https://raw.githubusercontent.com/BucknellDSC/suzette/refs/heads/master/suzette_gazetteer.xml#suzpl0101", "", "Montmorency", "Montmorency""Chapter", "Section", "Ref", "SameAs", "Key", "Place""Chapter", "Section", "Ref", "SameAs", "Key", "Place""Chapter", "Section", "Ref", "SameAs", "Key", "Place""Chapter", "Section", "Ref", "SameAs", "Key", "Place"
"ch026", "géographie", "https://raw.githubusercontent.com/BucknellDSC/suzette/refs/heads/master/suzette_gazetteer.xml#suzpl0046", "", "Aix en Provence", "Aix en Provence"
"ch026", "géographie", "https://raw.githubusercontent.com/BucknellDSC/suzette/refs/heads/master/suzette_gazetteer.xml#suzpl0334", "", "Aulus", "Aulus"
"ch026", "géographie", "https://raw.githubusercontent.com/BucknellDSC/suzette/refs/heads/master/suzette_gazetteer.xml#suzpl0332", "", "Bagnères", "Bagnères"
"ch026", "géographie", "https://raw.githubusercontent.com/BucknellDSC/suzette/refs/heads/master/suzette_gazetteer.xml#suzpl0333", "", "Barèges", "Barèges"
"ch026", "géographie", "https://raw.githubusercontent.com/BucknellDSC/suzette/refs/heads/master/suzette_gazetteer.xml#suzpl0330", "", "Bourbonne-les-Bains", "Bourbonne-les-Bains"
"ch026", "géographie", "https://raw.githubusercontent.com/BucknellDSC/suzette/refs/heads/master/suzette_gazetteer.xml#suzpl0782", "", "La Bourboule", "Bourboule"
"ch026", "géographie", "https://raw.githubusercontent.com/BucknellDSC/suzette/refs/heads/master/suzette_gazetteer.xml#suzpl0318", "", "Bussang", "Bussang"
"ch026", "géographie", "https://raw.githubusercontent.com/BucknellDSC/suzette/refs/heads/master/suzette_gazetteer.xml#suzpl0327", "", "Chaudesaigues", "Chaudesaigues"
"ch026", "géographie", "https://raw.githubusercontent.com/BucknellDSC/suzette/refs/heads/master/suzette_gazetteer.xml#suzpl0321", "", "Contrexéville", "Contrexéville"
"ch026", "géographie", "https://raw.githubusercontent.com/BucknellDSC/suzette/refs/heads/master/suzette_gazetteer.xml#suzpl0335", "", "Enghien", "Enghien"
"ch026", "géographie", "https://raw.githubusercontent.com/BucknellDSC/suzette/refs/heads/master/suzette_gazetteer.xml#suzpl0016", "", "France", "France"
"ch026", "géographie", "https://raw.githubusercontent.com/BucknellDSC/suzette/refs/heads/master/suzette_gazetteer.xml#suzpl0044", "", "Paris", "Paris"
"ch026", "géographie", "https://raw.githubusercontent.com/BucknellDSC/suzette/refs/heads/master/suzette_gazetteer.xml#suzpl0728", "", "Plombières", "Plombières"
"ch026", "géographie", "https://raw.githubusercontent.com/BucknellDSC/suzette/refs/heads/master/suzette_gazetteer.xml#suzpl0325", "", "Royat", "Royat"
"ch026", "géographie", "https://raw.githubusercontent.com/BucknellDSC/suzette/refs/heads/master/suzette_gazetteer.xml#suzpl0336", "", "Saint-Galmier", "Saint-Galmier"
"ch026", "géographie", "https://raw.githubusercontent.com/BucknellDSC/suzette/refs/heads/master/suzette_gazetteer.xml#suzpl0729", "", "Uriage", "Uriage"
"ch026", "géographie", "https://raw.githubusercontent.com/BucknellDSC/suzette/refs/heads/master/suzette_gazetteer.xml#suzpl0780", "", "Vichy", "Vichy"
"ch026", "géographie", "https://raw.githubusercontent.com/BucknellDSC/suzette/refs/heads/master/suzette_gazetteer.xml#suzpl0322", "", "Mont Dore", "mont Dore""Chapter", "Section", "Ref", "SameAs", "Key", "Place""Chapter", "Section", "Ref", "SameAs", "Key", "Place""Chapter", "Section", "Ref", "SameAs", "Key", "Place"
"ch029", "morale", "https://raw.githubusercontent.com/BucknellDSC/suzette/refs/heads/master/suzette_gazetteer.xml#suzpl0015", "", "Italie", "Italie"
"ch029", "industrie", "https://raw.githubusercontent.com/BucknellDSC/suzette/refs/heads/master/suzette_gazetteer.xml#suzpl0343", "", "Auvergne", "Auvergne"
"ch029", "industrie", "https://raw.githubusercontent.com/BucknellDSC/suzette/refs/heads/master/suzette_gazetteer.xml#suzpl0337", "", "Bretagne", "Bretagne"
"ch029", "industrie", "https://raw.githubusercontent.com/BucknellDSC/suzette/refs/heads/master/suzette_gazetteer.xml#suzpl0338", "", "Brie", "Brie"
"ch029", "industrie", "https://raw.githubusercontent.com/BucknellDSC/suzette/refs/heads/master/suzette_gazetteer.xml#suzpl0339", "", "Camembert", "Camembert"
"ch029", "industrie", "https://raw.githubusercontent.com/BucknellDSC/suzette/refs/heads/master/suzette_gazetteer.xml#suzpl0340", "", "Epoisses", "Epoisses"
"ch029", "industrie", "https://raw.githubusercontent.com/BucknellDSC/suzette/refs/heads/master/suzette_gazetteer.xml#suzpl0345", "", "Gruyère", "Gruyère"
"ch029", "industrie", "https://raw.githubusercontent.com/BucknellDSC/suzette/refs/heads/master/suzette_gazetteer.xml#suzpl0342", "", "Gérardmer", "Gérardmer"
"ch029", "industrie", "https://raw.githubusercontent.com/BucknellDSC/suzette/refs/heads/master/suzette_gazetteer.xml#suzpl0206", "", "Jura", "Jura"
"ch029", "industrie", "https://raw.githubusercontent.com/BucknellDSC/suzette/refs/heads/master/suzette_gazetteer.xml#suzpl0344", "", "Neufchâtel", "Neufchâtel"
"ch029", "industrie", "https://raw.githubusercontent.com/BucknellDSC/suzette/refs/heads/master/suzette_gazetteer.xml#suzpl0720", "", "Normandie", "Normandie"
"ch029", "industrie", "https://raw.githubusercontent.com/BucknellDSC/suzette/refs/heads/master/suzette_gazetteer.xml#suzpl0341", "", "Rollot", "Rollot"
"ch029", "industrie", "https://raw.githubusercontent.com/BucknellDSC/suzette/refs/heads/master/suzette_gazetteer.xml#suzpl0356", "", "Roquefort", "roquefort""Chapter", "Section", "Ref", "SameAs", "Key", "Place"
"ch030", "récit", "https://raw.githubusercontent.com/BucknellDSC/suzette/refs/heads/master/suzette_gazetteer.xml#suzpl0009", "", "États-Unis", "Amérique"
"ch030", "récit", "https://raw.githubusercontent.com/BucknellDSC/suzette/refs/heads/master/suzette_gazetteer.xml#suzpl0009", "", "États-Unis", "Amérique"
"ch030", "récit", "https://raw.githubusercontent.com/BucknellDSC/suzette/refs/heads/master/suzette_gazetteer.xml#suzpl0005", "", "Europe", "Europe"
"ch030", "récit", "https://raw.githubusercontent.com/BucknellDSC/suzette/refs/heads/master/suzette_gazetteer.xml#suzpl0016", "", "France", "France"
"ch030", "questionnaire", "https://raw.githubusercontent.com/BucknellDSC/suzette/refs/heads/master/suzette_gazetteer.xml#suzpl0009", "", "États-Unis", "Amérique (États-Unis)"
"ch030", "questionnaire", "https://raw.githubusercontent.com/BucknellDSC/suzette/refs/heads/master/suzette_gazetteer.xml#suzpl0016", "", "France", "France"
"ch030", "géographie", "https://raw.githubusercontent.com/BucknellDSC/suzette/refs/heads/master/suzette_gazetteer.xml#suzpl0011", "", "Allemagne", "Allemagne"
"ch030", "géographie", "https://raw.githubusercontent.com/BucknellDSC/suzette/refs/heads/master/suzette_gazetteer.xml#suzpl0002", "", "Amérique du nord", "Amérique"
"ch030", "géographie", "https://raw.githubusercontent.com/BucknellDSC/suzette/refs/heads/master/suzette_gazetteer.xml#suzpl0927", "", "les Amériques", "Amérique"
"ch030", "géographie", "https://raw.githubusercontent.com/BucknellDSC/suzette/refs/heads/master/suzette_gazetteer.xml#suzpl0927", "", "les Amériques", "Amérique"
"ch030", "géographie", "https://raw.githubusercontent.com/BucknellDSC/suzette/refs/heads/master/suzette_gazetteer.xml#suzpl0009", "", "États-Unis", "Amérique"
"ch030", "géographie", "https://raw.githubusercontent.com/BucknellDSC/suzette/refs/heads/master/suzette_gazetteer.xml#suzpl0009", "", "États-Unis", "Amérique"
"ch030", "géographie", "https://raw.githubusercontent.com/BucknellDSC/suzette/refs/heads/master/suzette_gazetteer.xml#suzpl0366", "", "Afrique méridionale", "Amérique méridionale"
"ch030", "géographie", "https://raw.githubusercontent.com/BucknellDSC/suzette/refs/heads/master/suzette_gazetteer.xml#suzpl0349", "", "Amérique septentrionale", "Amérique septentrionale"
"ch030", "géographie", "https://raw.githubusercontent.com/BucknellDSC/suzette/refs/heads/master/suzette_gazetteer.xml#suzpl0149", "", "Andalousie", "Andalousie"
"ch030", "géographie", "https://raw.githubusercontent.com/BucknellDSC/suzette/refs/heads/master/suzette_gazetteer.xml#suzpl0348", "", "Atlantique", "Atlantique"
"ch030", "géographie", "https://raw.githubusercontent.com/BucknellDSC/suzette/refs/heads/master/suzette_gazetteer.xml#suzpl0105", "", "Calvi", "Calvi"
"ch030", "géographie", "https://raw.githubusercontent.com/BucknellDSC/suzette/refs/heads/master/suzette_gazetteer.xml#suzpl0028", "", "Corse", "Corse"
"ch030", "géographie", "https://raw.githubusercontent.com/BucknellDSC/suzette/refs/heads/master/suzette_gazetteer.xml#suzpl0030", "", "Cuba", "Cuba"
"ch030", "géographie", "https://raw.githubusercontent.com/BucknellDSC/suzette/refs/heads/master/suzette_gazetteer.xml#suzpl0014", "", "Espagne", "Espagne"
"ch030", "géographie", "https://raw.githubusercontent.com/BucknellDSC/suzette/refs/heads/master/suzette_gazetteer.xml#suzpl0014", "", "Espagne", "Espagne"
"ch030", "géographie", "https://raw.githubusercontent.com/BucknellDSC/suzette/refs/heads/master/suzette_gazetteer.xml#suzpl0005", "", "Europe", "Europe"
"ch030", "géographie", "https://raw.githubusercontent.com/BucknellDSC/suzette/refs/heads/master/suzette_gazetteer.xml#suzpl0016", "", "France", "France"
"ch030", "géographie", "https://raw.githubusercontent.com/BucknellDSC/suzette/refs/heads/master/suzette_gazetteer.xml#suzpl0512", "", "Guanahain", "Guanahain"
"ch030", "géographie", "https://raw.githubusercontent.com/BucknellDSC/suzette/refs/heads/master/suzette_gazetteer.xml#suzpl0029", "", "Haïti", "Haïti"
"ch030", "géographie", "https://raw.githubusercontent.com/BucknellDSC/suzette/refs/heads/master/suzette_gazetteer.xml#suzpl0361", "", "Indes", "Indes"
"ch030", "géographie", "https://raw.githubusercontent.com/BucknellDSC/suzette/refs/heads/master/suzette_gazetteer.xml#suzpl0150", "", "Lucayes", "Lucayes"
"ch030", "géographie", "https://raw.githubusercontent.com/BucknellDSC/suzette/refs/heads/master/suzette_gazetteer.xml#suzpl0150", "", "Lucayes", "Lucayes"
"ch030", "géographie", "https://raw.githubusercontent.com/BucknellDSC/suzette/refs/heads/master/suzette_gazetteer.xml#suzpl0103", "", "Palos", "Palos"
"ch030", "géographie", "https://raw.githubusercontent.com/BucknellDSC/suzette/refs/heads/master/suzette_gazetteer.xml#suzpl0027", "", "Portugal", "Portugal"
"ch030", "géographie", "https://raw.githubusercontent.com/BucknellDSC/suzette/refs/heads/master/suzette_gazetteer.xml#suzpl0353", "", "Saint-Domingue", "Saint-Domingue"
"ch030", "géographie", "https://raw.githubusercontent.com/BucknellDSC/suzette/refs/heads/master/suzette_gazetteer.xml#suzpl0106", "", "San-Salvador", "San-Salvador"
"ch030", "géographie", "https://raw.githubusercontent.com/BucknellDSC/suzette/refs/heads/master/suzette_gazetteer.xml#suzpl0002", "", "Amérique du nord", "continent américain"
"ch030", "géographie", "https://raw.githubusercontent.com/BucknellDSC/suzette/refs/heads/master/suzette_gazetteer.xml#suzpl0352", "", "Isthme de Suez", "l'isthme de Suez"
"ch030", "géographie", "https://raw.githubusercontent.com/BucknellDSC/suzette/refs/heads/master/suzette_gazetteer.xml#suzpl0526", "", "isthme de Panama", "l'isthme de Panama"
"ch030", "géographie", "https://raw.githubusercontent.com/BucknellDSC/suzette/refs/heads/master/suzette_gazetteer.xml#suzpl0009", "", "États-Unis", "États-Unis""Chapter", "Section", "Ref", "SameAs", "Key", "Place"
"ch031", "récit", "https://raw.githubusercontent.com/BucknellDSC/suzette/refs/heads/master/suzette_gazetteer.xml#suzpl0013", "", "Chine", "Chine"
"ch031", "récit", "https://raw.githubusercontent.com/BucknellDSC/suzette/refs/heads/master/suzette_gazetteer.xml#suzpl0013", "", "Chine", "Chine"
"ch031", "récit", "https://raw.githubusercontent.com/BucknellDSC/suzette/refs/heads/master/suzette_gazetteer.xml#suzpl0024", "", "Mongolie", "Mongolie"
"ch031", "géographie", "https://raw.githubusercontent.com/BucknellDSC/suzette/refs/heads/master/suzette_gazetteer.xml#suzpl0004", "", "Asie", "Asie"
"ch031", "géographie", "https://raw.githubusercontent.com/BucknellDSC/suzette/refs/heads/master/suzette_gazetteer.xml#suzpl0099", "", "Canton", "Canton"
"ch031", "géographie", "https://raw.githubusercontent.com/BucknellDSC/suzette/refs/heads/master/suzette_gazetteer.xml#suzpl0013", "", "Chine", "Chine"
"ch031", "géographie", "https://raw.githubusercontent.com/BucknellDSC/suzette/refs/heads/master/suzette_gazetteer.xml#suzpl0013", "", "Chine", "Chine"
"ch031", "géographie", "https://raw.githubusercontent.com/BucknellDSC/suzette/refs/heads/master/suzette_gazetteer.xml#suzpl0013", "", "Chine", "Chine"
"ch031", "géographie", "https://raw.githubusercontent.com/BucknellDSC/suzette/refs/heads/master/suzette_gazetteer.xml#suzpl0013", "", "Chine", "Chine"
"ch031", "géographie", "https://raw.githubusercontent.com/BucknellDSC/suzette/refs/heads/master/suzette_gazetteer.xml#suzpl0005", "", "Europe", "Europe"
"ch031", "géographie", "https://raw.githubusercontent.com/BucknellDSC/suzette/refs/heads/master/suzette_gazetteer.xml#suzpl0094", "", "Hankéou", "Han-kéou"
"ch031", "géographie", "https://raw.githubusercontent.com/BucknellDSC/suzette/refs/heads/master/suzette_gazetteer.xml#suzpl0095", "", "Nan-king", "Nan-king"
"ch031", "géographie", "https://raw.githubusercontent.com/BucknellDSC/suzette/refs/heads/master/suzette_gazetteer.xml#suzpl0096", "", "Nan-tchang", "Nan-tchang"
"ch031", "géographie", "https://raw.githubusercontent.com/BucknellDSC/suzette/refs/heads/master/suzette_gazetteer.xml#suzpl0092", "", "Péking", "Péking"
"ch031", "géographie", "https://raw.githubusercontent.com/BucknellDSC/suzette/refs/heads/master/suzette_gazetteer.xml#suzpl0098", "", "Shang-haî", "Shang-haï"
"ch031", "géographie", "https://raw.githubusercontent.com/BucknellDSC/suzette/refs/heads/master/suzette_gazetteer.xml#suzpl0097", "", "Soutchéou", "Sou-tchéou"
"ch031", "géographie", "https://raw.githubusercontent.com/BucknellDSC/suzette/refs/heads/master/suzette_gazetteer.xml#suzpl0100", "", "Tien-tsin", "Tien-Tsin"
"ch031", "complexe", "https://raw.githubusercontent.com/BucknellDSC/suzette/refs/heads/master/suzette_gazetteer.xml#suzpl0013", "", "Chine", "Chine"
"ch031", "complexe", "https://raw.githubusercontent.com/BucknellDSC/suzette/refs/heads/master/suzette_gazetteer.xml#suzpl0005", "", "Europe", "Europe"
"ch031", "complexe", "https://raw.githubusercontent.com/BucknellDSC/suzette/refs/heads/master/suzette_gazetteer.xml#suzpl0354", "", "Hindoustan", "Hindoustan"
"ch031", "complexe", "https://raw.githubusercontent.com/BucknellDSC/suzette/refs/heads/master/suzette_gazetteer.xml#suzpl0008", "", "Indo-Chine", "Indo-Chine"
"ch031", "complexe", "https://raw.githubusercontent.com/BucknellDSC/suzette/refs/heads/master/suzette_gazetteer.xml#suzpl0017", "", "Japon", "Japon"
"ch031", "complexe", "https://raw.githubusercontent.com/BucknellDSC/suzette/refs/heads/master/suzette_gazetteer.xml#suzpl0148", "", "Lombardie", "Lombardie"
"ch031", "complexe", "https://raw.githubusercontent.com/BucknellDSC/suzette/refs/heads/master/suzette_gazetteer.xml#suzpl0355", "", "Pô", "Pô""Chapter", "Section", "Ref", "SameAs", "Key", "Place"
"ch032", "instruction_civique", "https://raw.githubusercontent.com/BucknellDSC/suzette/refs/heads/master/suzette_gazetteer.xml#suzpl0016", "", "France", "France"
"ch032", "instruction_civique", "https://raw.githubusercontent.com/BucknellDSC/suzette/refs/heads/master/suzette_gazetteer.xml#suzpl0127", "", "Versailles", "Versailles"
"ch032", "sciences_naturelles", "https://raw.githubusercontent.com/BucknellDSC/suzette/refs/heads/master/suzette_gazetteer.xml#suzpl0020", "", "Australie", "Australie"
"ch032", "sciences_naturelles", "https://raw.githubusercontent.com/BucknellDSC/suzette/refs/heads/master/suzette_gazetteer.xml#suzpl0740", "", "Californie", "Californie"
"ch032", "sciences_naturelles", "https://raw.githubusercontent.com/BucknellDSC/suzette/refs/heads/master/suzette_gazetteer.xml#suzpl0012", "", "Chili", "Chili"
"ch032", "sciences_naturelles", "https://raw.githubusercontent.com/BucknellDSC/suzette/refs/heads/master/suzette_gazetteer.xml#suzpl0014", "", "Espagne", "Espagne"
"ch032", "sciences_naturelles", "https://raw.githubusercontent.com/BucknellDSC/suzette/refs/heads/master/suzette_gazetteer.xml#suzpl0009", "", "États-Unis", "Etats-Unis"
"ch032", "sciences_naturelles", "https://raw.githubusercontent.com/BucknellDSC/suzette/refs/heads/master/suzette_gazetteer.xml#suzpl0357", "", "Mexique", "Mexique"
"ch032", "sciences_naturelles", "https://raw.githubusercontent.com/BucknellDSC/suzette/refs/heads/master/suzette_gazetteer.xml#suzpl0358", "", "Potosi", "Potosi"
"ch032", "sciences_naturelles", "https://raw.githubusercontent.com/BucknellDSC/suzette/refs/heads/master/suzette_gazetteer.xml#suzpl0043", "", "Pérou", "Pérou"
"ch032", "sciences_naturelles", "https://raw.githubusercontent.com/BucknellDSC/suzette/refs/heads/master/suzette_gazetteer.xml#suzpl0043", "", "Pérou", "Pérou"
"ch032", "sciences_naturelles", "https://raw.githubusercontent.com/BucknellDSC/suzette/refs/heads/master/suzette_gazetteer.xml#suzpl0722", "", "Sibérie", "Sibérie"
"ch032", "sciences_naturelles", "https://raw.githubusercontent.com/BucknellDSC/suzette/refs/heads/master/suzette_gazetteer.xml#suzpl0717", "", "lac Supérieur", "lac Supérieur""Chapter", "Section", "Ref", "SameAs", "Key", "Place"
"ch033", "récit", "", "", "", "Fragicourt""Chapter", "Section", "Ref", "SameAs", "Key", "Place""Chapter", "Section", "Ref", "SameAs", "Key", "Place"
"ch035", "français", "https://raw.githubusercontent.com/BucknellDSC/suzette/refs/heads/master/suzette_gazetteer.xml#suzpl0764", "", "équateur", "L'équateur""Chapter", "Section", "Ref", "SameAs", "Key", "Place"
"ch036", "récit", "", "", "", "Câtelet"
"ch036", "récit", "", "", "", "Câtelet"
"ch036", "récit", "https://raw.githubusercontent.com/BucknellDSC/suzette/refs/heads/master/suzette_gazetteer.xml#suzpl0144", "", "Le Catalet", "Câtelet"
"ch036", "récit", "https://raw.githubusercontent.com/BucknellDSC/suzette/refs/heads/master/suzette_gazetteer.xml#suzpl0144", "", "Le Catalet", "Câtelet""Chapter", "Section", "Ref", "SameAs", "Key", "Place"
"ch037", "morale", "https://raw.githubusercontent.com/BucknellDSC/suzette/refs/heads/master/suzette_gazetteer.xml#suzpl0016", "", "France", "France""Chapter", "Section", "Ref", "SameAs", "Key", "Place"
"ch038", "récit", "https://raw.githubusercontent.com/BucknellDSC/suzette/refs/heads/master/suzette_gazetteer.xml#suzpl0022", "", "Algérie", "Algérie"
"ch038", "récit", "https://raw.githubusercontent.com/BucknellDSC/suzette/refs/heads/master/suzette_gazetteer.xml#suzpl0022", "", "Algérie", "Algérie"
"ch038", "récit", "", "", "", "Fragicourt"
"ch038", "complexe", "https://raw.githubusercontent.com/BucknellDSC/suzette/refs/heads/master/suzette_gazetteer.xml#suzpl0146", "", "Issy", "Issy"
"ch038", "complexe", "https://raw.githubusercontent.com/BucknellDSC/suzette/refs/heads/master/suzette_gazetteer.xml#suzpl0044", "", "Paris", "Paris"
"ch038", "géographie", "https://raw.githubusercontent.com/BucknellDSC/suzette/refs/heads/master/suzette_gazetteer.xml#suzpl0147", "", "Alger", "Alger"
"ch038", "géographie", "https://raw.githubusercontent.com/BucknellDSC/suzette/refs/heads/master/suzette_gazetteer.xml#suzpl0117", "", "Lyon", "Lyon"
"ch038", "géographie", "https://raw.githubusercontent.com/BucknellDSC/suzette/refs/heads/master/suzette_gazetteer.xml#suzpl0048", "", "Marseille", "Marseille"
"ch038", "géographie", "https://raw.githubusercontent.com/BucknellDSC/suzette/refs/heads/master/suzette_gazetteer.xml#suzpl0044", "", "Paris", "Paris"
"ch038", "géographie", "https://raw.githubusercontent.com/BucknellDSC/suzette/refs/heads/master/suzette_gazetteer.xml#suzpl0112", "", "Saint-Quentin", "Saint-Quentin""Chapter", "Section", "Ref", "SameAs", "Key", "Place"
"ch039", "récit", "https://raw.githubusercontent.com/BucknellDSC/suzette/refs/heads/master/suzette_gazetteer.xml#suzpl0044", "", "Paris", "Paris"
"ch039", "instruction_civique", "https://raw.githubusercontent.com/BucknellDSC/suzette/refs/heads/master/suzette_gazetteer.xml#suzpl0044", "", "Paris", "Paris""Chapter", "Section", "Ref", "SameAs", "Key", "Place""Chapter", "Section", "Ref", "SameAs", "Key", "Place"
"ch041", "sciences_naturelles", "https://raw.githubusercontent.com/BucknellDSC/suzette/refs/heads/master/suzette_gazetteer.xml#suzpl0010", "", "Angleterre", "Angleterre"
"ch041", "sciences_naturelles", "https://raw.githubusercontent.com/BucknellDSC/suzette/refs/heads/master/suzette_gazetteer.xml#suzpl0125", "", "Besançon", "Besançon"
"ch041", "sciences_naturelles", "https://raw.githubusercontent.com/BucknellDSC/suzette/refs/heads/master/suzette_gazetteer.xml#suzpl0016", "", "France", "France"
"ch041", "sciences_naturelles", "https://raw.githubusercontent.com/BucknellDSC/suzette/refs/heads/master/suzette_gazetteer.xml#suzpl0033", "", "Hollande", "Hollande"
"ch041", "sciences_naturelles", "https://raw.githubusercontent.com/BucknellDSC/suzette/refs/heads/master/suzette_gazetteer.xml#suzpl0126", "", "Montdidier", "Montdidier"
"ch041", "sciences_naturelles", "https://raw.githubusercontent.com/BucknellDSC/suzette/refs/heads/master/suzette_gazetteer.xml#suzpl0127", "", "Versailles", "Versailles""Chapter", "Section", "Ref", "SameAs", "Key", "Place"
"ch042", "récit", "https://raw.githubusercontent.com/BucknellDSC/suzette/refs/heads/master/suzette_gazetteer.xml#suzpl0110", "", "Bruxelles", "Bruxelles"
"ch042", "récit", "", "", "", "Fragicourt"
"ch042", "récit", "", "", "", "Fragicourt"
"ch042", "récit", "https://raw.githubusercontent.com/BucknellDSC/suzette/refs/heads/master/suzette_gazetteer.xml#suzpl0044", "", "Paris", "Paris""Chapter", "Section", "Ref", "SameAs", "Key", "Place""Chapter", "Section", "Ref", "SameAs", "Key", "Place""Chapter", "Section", "Ref", "SameAs", "Key", "Place"
"ch045", "récit", "https://raw.githubusercontent.com/BucknellDSC/suzette/refs/heads/master/suzette_gazetteer.xml#suzpl0241", "", "Bérésina", "Bérésina"
"ch045", "récit", "", "", "", "Fragicourt"
"ch045", "récit", "https://raw.githubusercontent.com/BucknellDSC/suzette/refs/heads/master/suzette_gazetteer.xml#suzpl0108", "", "Moscou", "Moscou"
"ch045", "récit", "https://raw.githubusercontent.com/BucknellDSC/suzette/refs/heads/master/suzette_gazetteer.xml#suzpl0108", "", "Moscou", "Moscou"
"ch045", "récit", "https://raw.githubusercontent.com/BucknellDSC/suzette/refs/heads/master/suzette_gazetteer.xml#suzpl0108", "", "Moscou", "Moscou"
"ch045", "récit", "https://raw.githubusercontent.com/BucknellDSC/suzette/refs/heads/master/suzette_gazetteer.xml#suzpl0031", "", "Russie", "Russie"
"ch045", "histoire", "https://raw.githubusercontent.com/BucknellDSC/suzette/refs/heads/master/suzette_gazetteer.xml#suzpl0241", "", "Bérésina", "Bérésina"
"ch045", "histoire", "https://raw.githubusercontent.com/BucknellDSC/suzette/refs/heads/master/suzette_gazetteer.xml#suzpl0108", "", "Moscou", "Moscou"
"ch045", "histoire", "https://raw.githubusercontent.com/BucknellDSC/suzette/refs/heads/master/suzette_gazetteer.xml#suzpl0108", "", "Moscou", "Moscou"
"ch045", "histoire", "https://raw.githubusercontent.com/BucknellDSC/suzette/refs/heads/master/suzette_gazetteer.xml#suzpl0031", "", "Russie", "Russie"
"ch045", "histoire", "https://raw.githubusercontent.com/BucknellDSC/suzette/refs/heads/master/suzette_gazetteer.xml#suzpl0109", "", "Smolensk", "Smolensk""Chapter", "Section", "Ref", "SameAs", "Key", "Place"
"ch046", "récit", "https://raw.githubusercontent.com/BucknellDSC/suzette/refs/heads/master/suzette_gazetteer.xml#suzpl0016", "", "France", "France""Chapter", "Section", "Ref", "SameAs", "Key", "Place"
"ch047", "récit", "", "", "", "Fragicourt"
"ch047", "récit", "https://raw.githubusercontent.com/BucknellDSC/suzette/refs/heads/master/suzette_gazetteer.xml#suzpl0016", "", "France", "France"
"ch047", "questionnaire", "", "", "", "Fragicourt"
"ch047", "morale", "https://raw.githubusercontent.com/BucknellDSC/suzette/refs/heads/master/suzette_gazetteer.xml#suzpl0016", "", "France", "France"
"ch047", "complexe", "https://raw.githubusercontent.com/BucknellDSC/suzette/refs/heads/master/suzette_gazetteer.xml#suzpl0151", "", "Flandre", "Flandre"
"ch047", "complexe", "https://raw.githubusercontent.com/BucknellDSC/suzette/refs/heads/master/suzette_gazetteer.xml#suzpl0152", "", "Poitou", "Poitou""Chapter", "Section", "Ref", "SameAs", "Key", "Place"
"ch048", "récit", "https://raw.githubusercontent.com/BucknellDSC/suzette/refs/heads/master/suzette_gazetteer.xml#suzpl0044", "", "Paris", "Paris"
"ch048", "récit", "https://raw.githubusercontent.com/BucknellDSC/suzette/refs/heads/master/suzette_gazetteer.xml#suzpl0112", "", "Saint-Quentin", "Saint-Quentin"
"ch048", "agriculture", "https://raw.githubusercontent.com/BucknellDSC/suzette/refs/heads/master/suzette_gazetteer.xml#suzpl0151", "", "Flandre", "Flandre"
"ch048", "agriculture", "https://raw.githubusercontent.com/BucknellDSC/suzette/refs/heads/master/suzette_gazetteer.xml#suzpl0033", "", "Hollande", "Hollande"
"ch048", "agriculture", "https://raw.githubusercontent.com/BucknellDSC/suzette/refs/heads/master/suzette_gazetteer.xml#suzpl0115", "", "Nantes", "nantaise""Chapter", "Section", "Ref", "SameAs", "Key", "Place"
"ch049", "récit", "", "", "", "Fragicourt""Chapter", "Section", "Ref", "SameAs", "Key", "Place"
"ch050", "récit", "https://raw.githubusercontent.com/BucknellDSC/suzette/refs/heads/master/suzette_gazetteer.xml#suzpl0016", "", "France", "France"
"ch050", "récit", "https://raw.githubusercontent.com/BucknellDSC/suzette/refs/heads/master/suzette_gazetteer.xml#suzpl0112", "", "Saint-Quentin", "Saint-Quentin"
"ch050", "questionnaire", "https://raw.githubusercontent.com/BucknellDSC/suzette/refs/heads/master/suzette_gazetteer.xml#suzpl0016", "", "France", "France"
"ch050", "économie_domestique", "https://raw.githubusercontent.com/BucknellDSC/suzette/refs/heads/master/suzette_gazetteer.xml#suzpl0052", "", "Bordeaux", "Bordeaux""Chapter", "Section", "Ref", "SameAs", "Key", "Place""Chapter", "Section", "Ref", "SameAs", "Key", "Place""Chapter", "Section", "Ref", "SameAs", "Key", "Place"
"ch053", "sciences_naturelles", "https://raw.githubusercontent.com/BucknellDSC/suzette/refs/heads/master/suzette_gazetteer.xml#suzpl0451", "", "Chicago", "Chicago"
"ch053", "sciences_naturelles", "https://raw.githubusercontent.com/BucknellDSC/suzette/refs/heads/master/suzette_gazetteer.xml#suzpl0453", "", "Cincinnati", "Cincinnati"
"ch053", "sciences_naturelles", "https://raw.githubusercontent.com/BucknellDSC/suzette/refs/heads/master/suzette_gazetteer.xml#suzpl0009", "", "États-Unis", "Etats-Unis"
"ch053", "sciences_naturelles", "https://raw.githubusercontent.com/BucknellDSC/suzette/refs/heads/master/suzette_gazetteer.xml#suzpl0009", "", "États-Unis", "Etats-Unis"
"ch053", "sciences_naturelles", "https://raw.githubusercontent.com/BucknellDSC/suzette/refs/heads/master/suzette_gazetteer.xml#suzpl0523", "", "Illinois", "Illinois""Chapter", "Section", "Ref", "SameAs", "Key", "Place"
"ch054", "récit", "https://raw.githubusercontent.com/BucknellDSC/suzette/refs/heads/master/suzette_gazetteer.xml#suzpl0013", "", "Chine", "Chine"
"ch054", "récit", "https://raw.githubusercontent.com/BucknellDSC/suzette/refs/heads/master/suzette_gazetteer.xml#suzpl0013", "", "Chine", "Chine"
"ch054", "récit", "https://raw.githubusercontent.com/BucknellDSC/suzette/refs/heads/master/suzette_gazetteer.xml#suzpl0013", "", "Chine", "Chine"
"ch054", "questionnaire", "https://raw.githubusercontent.com/BucknellDSC/suzette/refs/heads/master/suzette_gazetteer.xml#suzpl0013", "", "Chine", "Chine""Chapter", "Section", "Ref", "SameAs", "Key", "Place"
"ch055", "récit", "https://raw.githubusercontent.com/BucknellDSC/suzette/refs/heads/master/suzette_gazetteer.xml#suzpl0001", "", "Afrique", "Afrique"
"ch055", "récit", "https://raw.githubusercontent.com/BucknellDSC/suzette/refs/heads/master/suzette_gazetteer.xml#suzpl0001", "", "Afrique", "Afrique"
"ch055", "récit", "https://raw.githubusercontent.com/BucknellDSC/suzette/refs/heads/master/suzette_gazetteer.xml#suzpl0001", "", "Afrique", "Afrique"
"ch055", "récit", "https://raw.githubusercontent.com/BucknellDSC/suzette/refs/heads/master/suzette_gazetteer.xml#suzpl0002", "", "Amérique du nord", "Amérique du Nord"
"ch055", "récit", "", "", "", "Fragicourt"
"ch055", "récit", "", "", "", "Fragicourt"
"ch055", "géographie", "https://raw.githubusercontent.com/BucknellDSC/suzette/refs/heads/master/suzette_gazetteer.xml#suzpl0001", "", "Afrique", "Afrique"
"ch055", "géographie", "https://raw.githubusercontent.com/BucknellDSC/suzette/refs/heads/master/suzette_gazetteer.xml#suzpl0001", "", "Afrique", "Afrique"
"ch055", "géographie", "https://raw.githubusercontent.com/BucknellDSC/suzette/refs/heads/master/suzette_gazetteer.xml#suzpl0001", "", "Afrique", "Afrique"
"ch055", "géographie", "https://raw.githubusercontent.com/BucknellDSC/suzette/refs/heads/master/suzette_gazetteer.xml#suzpl0001", "", "Afrique", "Afrique"
"ch055", "géographie", "https://raw.githubusercontent.com/BucknellDSC/suzette/refs/heads/master/suzette_gazetteer.xml#suzpl0004", "", "Asie", "Asie"
"ch055", "géographie", "https://raw.githubusercontent.com/BucknellDSC/suzette/refs/heads/master/suzette_gazetteer.xml#suzpl0005", "", "Europe", "Europe"
"ch055", "géographie", "https://raw.githubusercontent.com/BucknellDSC/suzette/refs/heads/master/suzette_gazetteer.xml#suzpl0016", "", "France", "France"
"ch055", "géographie", "https://raw.githubusercontent.com/BucknellDSC/suzette/refs/heads/master/suzette_gazetteer.xml#suzpl0215", "", "La Méditerranée", "Méditerranée"
"ch055", "géographie", "https://raw.githubusercontent.com/BucknellDSC/suzette/refs/heads/master/suzette_gazetteer.xml#suzpl0352", "", "Isthme de Suez", "isthme de Suez""Chapter", "Section", "Ref", "SameAs", "Key", "Place"
"ch056", "récit", "https://raw.githubusercontent.com/BucknellDSC/suzette/refs/heads/master/suzette_gazetteer.xml#suzpl0002", "", "Amérique du nord", "Amérique"
"ch056", "récit", "https://raw.githubusercontent.com/BucknellDSC/suzette/refs/heads/master/suzette_gazetteer.xml#suzpl0002", "", "Amérique du nord", "Amérique"
"ch056", "récit", "https://raw.githubusercontent.com/BucknellDSC/suzette/refs/heads/master/suzette_gazetteer.xml#suzpl0002", "", "Amérique du nord", "Amérique du Nord"
"ch056", "récit", "https://raw.githubusercontent.com/BucknellDSC/suzette/refs/heads/master/suzette_gazetteer.xml#suzpl0002", "", "Amérique du nord", "Amérique du Nord"
"ch056", "récit", "https://raw.githubusercontent.com/BucknellDSC/suzette/refs/heads/master/suzette_gazetteer.xml#suzpl0248", "", "Anvers", "Anvers"
"ch056", "récit", "https://raw.githubusercontent.com/BucknellDSC/suzette/refs/heads/master/suzette_gazetteer.xml#suzpl0248", "", "Anvers", "Anvers"
"ch056", "récit", "https://raw.githubusercontent.com/BucknellDSC/suzette/refs/heads/master/suzette_gazetteer.xml#suzpl0247", "", "Escaut", "Escaut"
"ch056", "récit", "https://raw.githubusercontent.com/BucknellDSC/suzette/refs/heads/master/suzette_gazetteer.xml#suzpl0247", "", "Escaut", "Escaut"
"ch056", "récit", "https://raw.githubusercontent.com/BucknellDSC/suzette/refs/heads/master/suzette_gazetteer.xml#suzpl0009", "", "États-Unis", "Etats-Unis"
"ch056", "récit", "https://raw.githubusercontent.com/BucknellDSC/suzette/refs/heads/master/suzette_gazetteer.xml#suzpl0005", "", "Europe", "Europe"
"ch056", "récit", "https://raw.githubusercontent.com/BucknellDSC/suzette/refs/heads/master/suzette_gazetteer.xml#suzpl0510", "", "Grœnland", "Grœnland"
"ch056", "récit", "https://raw.githubusercontent.com/BucknellDSC/suzette/refs/heads/master/suzette_gazetteer.xml#suzpl0312", "", "Niagara", "Niagara"
"ch056", "récit", "https://raw.githubusercontent.com/BucknellDSC/suzette/refs/heads/master/suzette_gazetteer.xml#suzpl0232", "", "baie d'Hudson", "baie d'Hudson"
"ch056", "récit", "https://raw.githubusercontent.com/BucknellDSC/suzette/refs/heads/master/suzette_gazetteer.xml#suzpl0928", "", "Lac de l'Esclave", "l'Esclave"
"ch056", "récit", "https://raw.githubusercontent.com/BucknellDSC/suzette/refs/heads/master/suzette_gazetteer.xml#suzpl0532", "", "Grands Lacs", "la région des Lacs"
"ch056", "questionnaire", "https://raw.githubusercontent.com/BucknellDSC/suzette/refs/heads/master/suzette_gazetteer.xml#suzpl0005", "", "Europe", "Europe"
"ch056", "composition", "https://raw.githubusercontent.com/BucknellDSC/suzette/refs/heads/master/suzette_gazetteer.xml#suzpl0002", "", "Amérique du nord", "Amérique"
"ch056", "composition", "https://raw.githubusercontent.com/BucknellDSC/suzette/refs/heads/master/suzette_gazetteer.xml#suzpl0425", "", "Buffalo", "Buffalo"
"ch056", "composition", "https://raw.githubusercontent.com/BucknellDSC/suzette/refs/heads/master/suzette_gazetteer.xml#suzpl0706", "", "lac Erié", "Erié"
"ch056", "composition", "https://raw.githubusercontent.com/BucknellDSC/suzette/refs/heads/master/suzette_gazetteer.xml#suzpl0312", "", "Niagara", "NIAGARA"
"ch056", "composition", "https://raw.githubusercontent.com/BucknellDSC/suzette/refs/heads/master/suzette_gazetteer.xml#suzpl0312", "", "Niagara", "Niagara"
"ch056", "composition", "https://raw.githubusercontent.com/BucknellDSC/suzette/refs/heads/master/suzette_gazetteer.xml#suzpl0320", "", "lac Ontario", "Ontario"
"ch056", "géographie", "https://raw.githubusercontent.com/BucknellDSC/suzette/refs/heads/master/suzette_gazetteer.xml#suzpl0195", "", "Aisne", "Aisne"
"ch056", "géographie", "https://raw.githubusercontent.com/BucknellDSC/suzette/refs/heads/master/suzette_gazetteer.xml#suzpl0248", "", "Anvers", "Anvers"
"ch056", "géographie", "https://raw.githubusercontent.com/BucknellDSC/suzette/refs/heads/master/suzette_gazetteer.xml#suzpl0248", "", "Anvers", "Anvers"
"ch056", "géographie", "https://raw.githubusercontent.com/BucknellDSC/suzette/refs/heads/master/suzette_gazetteer.xml#suzpl0248", "", "Anvers", "Anvers"
"ch056", "géographie", "https://raw.githubusercontent.com/BucknellDSC/suzette/refs/heads/master/suzette_gazetteer.xml#suzpl0348", "", "Atlantique", "Atlantique"
"ch056", "géographie", "https://raw.githubusercontent.com/BucknellDSC/suzette/refs/heads/master/suzette_gazetteer.xml#suzpl0021", "", "Belgique", "Belgique"
"ch056", "géographie", "https://raw.githubusercontent.com/BucknellDSC/suzette/refs/heads/master/suzette_gazetteer.xml#suzpl0021", "", "Belgique", "Belgique"
"ch056", "géographie", "https://raw.githubusercontent.com/BucknellDSC/suzette/refs/heads/master/suzette_gazetteer.xml#suzpl0091", "", "Cambrai", "Cambrai"
"ch056", "géographie", "https://raw.githubusercontent.com/BucknellDSC/suzette/refs/heads/master/suzette_gazetteer.xml#suzpl0247", "", "Escaut", "Escaut"
"ch056", "géographie", "https://raw.githubusercontent.com/BucknellDSC/suzette/refs/heads/master/suzette_gazetteer.xml#suzpl0247", "", "Escaut", "Escaut"
"ch056", "géographie", "https://raw.githubusercontent.com/BucknellDSC/suzette/refs/heads/master/suzette_gazetteer.xml#suzpl0247", "", "Escaut", "Escaut"
"ch056", "géographie", "https://raw.githubusercontent.com/BucknellDSC/suzette/refs/heads/master/suzette_gazetteer.xml#suzpl0247", "", "Escaut", "Escaut"
"ch056", "géographie", "https://raw.githubusercontent.com/BucknellDSC/suzette/refs/heads/master/suzette_gazetteer.xml#suzpl0005", "", "Europe", "Europe"
"ch056", "géographie", "https://raw.githubusercontent.com/BucknellDSC/suzette/refs/heads/master/suzette_gazetteer.xml#suzpl0016", "", "France", "France"
"ch056", "géographie", "https://raw.githubusercontent.com/BucknellDSC/suzette/refs/heads/master/suzette_gazetteer.xml#suzpl0502", "", "Gand", "Gand"
"ch056", "géographie", "https://raw.githubusercontent.com/BucknellDSC/suzette/refs/heads/master/suzette_gazetteer.xml#suzpl0575", "", "New York (City)", "New York"
"ch056", "géographie", "https://raw.githubusercontent.com/BucknellDSC/suzette/refs/heads/master/suzette_gazetteer.xml#suzpl0312", "", "Niagara", "Niagara"
"ch056", "géographie", "https://raw.githubusercontent.com/BucknellDSC/suzette/refs/heads/master/suzette_gazetteer.xml#suzpl0657", "", "Tournai", "Tournai"
"ch056", "géographie", "https://raw.githubusercontent.com/BucknellDSC/suzette/refs/heads/master/suzette_gazetteer.xml#suzpl0119", "", "Valenciennes", "Valenciennes"
"ch056", "géographie", "https://raw.githubusercontent.com/BucknellDSC/suzette/refs/heads/master/suzette_gazetteer.xml#suzpl0532", "", "Grands Lacs", "grands lacs"
"ch056", "géographie", "https://raw.githubusercontent.com/BucknellDSC/suzette/refs/heads/master/suzette_gazetteer.xml#suzpl0279", "", "la Manche", "la Manche"
"ch056", "géographie", "https://raw.githubusercontent.com/BucknellDSC/suzette/refs/heads/master/suzette_gazetteer.xml#suzpl0279", "", "la Manche", "la Manche"
"ch056", "géographie", "https://raw.githubusercontent.com/BucknellDSC/suzette/refs/heads/master/suzette_gazetteer.xml#suzpl0280", "", "la mer d'Hudson", "mer d'Hudson"
"ch056", "géographie", "https://raw.githubusercontent.com/BucknellDSC/suzette/refs/heads/master/suzette_gazetteer.xml#suzpl0299", "", "mer du Nord", "mer du Nord"
"ch056", "géographie", "https://raw.githubusercontent.com/BucknellDSC/suzette/refs/heads/master/suzette_gazetteer.xml#suzpl0299", "", "mer du Nord", "mer du Nord"
"ch056", "sciences_naturelles", "https://raw.githubusercontent.com/BucknellDSC/suzette/refs/heads/master/suzette_gazetteer.xml#suzpl0581", "", "Norvège", "Norvège"
"ch056", "sciences_naturelles", "https://raw.githubusercontent.com/BucknellDSC/suzette/refs/heads/master/suzette_gazetteer.xml#suzpl0031", "", "Russie", "Russie"
"ch056", "sciences_naturelles", "https://raw.githubusercontent.com/BucknellDSC/suzette/refs/heads/master/suzette_gazetteer.xml#suzpl0722", "", "Sibérie", "Sibérie"
"ch056", "sciences_naturelles", "https://raw.githubusercontent.com/BucknellDSC/suzette/refs/heads/master/suzette_gazetteer.xml#suzpl0722", "", "Sibérie", "Sibérie"
"ch056", "sciences_naturelles", "https://raw.githubusercontent.com/BucknellDSC/suzette/refs/heads/master/suzette_gazetteer.xml#suzpl0019", "", "Suéde", "Suède""Chapter", "Section", "Ref", "SameAs", "Key", "Place"
"ch057", "récit", "https://raw.githubusercontent.com/BucknellDSC/suzette/refs/heads/master/suzette_gazetteer.xml#suzpl0001", "", "Afrique", "Afrique"
"ch057", "récit", "https://raw.githubusercontent.com/BucknellDSC/suzette/refs/heads/master/suzette_gazetteer.xml#suzpl0247", "", "Escaut", "Escaut"
"ch057", "récit", "https://raw.githubusercontent.com/BucknellDSC/suzette/refs/heads/master/suzette_gazetteer.xml#suzpl0221", "", "Zanzibar", "Zanzibar"
"ch057", "questionnaire", "https://raw.githubusercontent.com/BucknellDSC/suzette/refs/heads/master/suzette_gazetteer.xml#suzpl0001", "", "Afrique", "Afrique"
"ch057", "géographie", "https://raw.githubusercontent.com/BucknellDSC/suzette/refs/heads/master/suzette_gazetteer.xml#suzpl0001", "", "Afrique", "Afrique"
"ch057", "géographie", "https://raw.githubusercontent.com/BucknellDSC/suzette/refs/heads/master/suzette_gazetteer.xml#suzpl0221", "", "Zanzibar", "Zanzibar"
"ch057", "géographie", "https://raw.githubusercontent.com/BucknellDSC/suzette/refs/heads/master/suzette_gazetteer.xml#suzpl0221", "", "Zanzibar", "Zanzibar""Chapter", "Section", "Ref", "SameAs", "Key", "Place"
"ch058", "récit", "https://raw.githubusercontent.com/BucknellDSC/suzette/refs/heads/master/suzette_gazetteer.xml#suzpl0016", "", "France", "France"
"ch058", "récit", "", "", "", "tour de Babel"
"ch058", "questionnaire", "https://raw.githubusercontent.com/BucknellDSC/suzette/refs/heads/master/suzette_gazetteer.xml#suzpl0221", "", "Zanzibar", "Zanzibar"
"ch058", "sciences_naturelles", "https://raw.githubusercontent.com/BucknellDSC/suzette/refs/heads/master/suzette_gazetteer.xml#suzpl0001", "", "Afrique", "Afrique"
"ch058", "sciences_naturelles", "https://raw.githubusercontent.com/BucknellDSC/suzette/refs/heads/master/suzette_gazetteer.xml#suzpl0001", "", "Afrique", "Afrique"
"ch058", "sciences_naturelles", "https://raw.githubusercontent.com/BucknellDSC/suzette/refs/heads/master/suzette_gazetteer.xml#suzpl0791", "", "Americas", "Amérique"
"ch058", "sciences_naturelles", "https://raw.githubusercontent.com/BucknellDSC/suzette/refs/heads/master/suzette_gazetteer.xml#suzpl0002", "", "Amérique du nord", "Amérique"
"ch058", "sciences_naturelles", "https://raw.githubusercontent.com/BucknellDSC/suzette/refs/heads/master/suzette_gazetteer.xml#suzpl0363", "", "Antilles", "Antilles"
"ch058", "sciences_naturelles", "https://raw.githubusercontent.com/BucknellDSC/suzette/refs/heads/master/suzette_gazetteer.xml#suzpl0004", "", "Asie", "Asie"
"ch058", "sciences_naturelles", "https://raw.githubusercontent.com/BucknellDSC/suzette/refs/heads/master/suzette_gazetteer.xml#suzpl0020", "", "Australie", "Australie"
"ch058", "sciences_naturelles", "https://raw.githubusercontent.com/BucknellDSC/suzette/refs/heads/master/suzette_gazetteer.xml#suzpl0020", "", "Australie", "Australie"
"ch058", "sciences_naturelles", "https://raw.githubusercontent.com/BucknellDSC/suzette/refs/heads/master/suzette_gazetteer.xml#suzpl0421", "", "Brésil", "Brésil"
"ch058", "sciences_naturelles", "https://raw.githubusercontent.com/BucknellDSC/suzette/refs/heads/master/suzette_gazetteer.xml#suzpl0013", "", "Chine", "Chine"
"ch058", "sciences_naturelles", "https://raw.githubusercontent.com/BucknellDSC/suzette/refs/heads/master/suzette_gazetteer.xml#suzpl0014", "", "Espagne", "Espagne"
"ch058", "sciences_naturelles", "https://raw.githubusercontent.com/BucknellDSC/suzette/refs/heads/master/suzette_gazetteer.xml#suzpl0005", "", "Europe", "Europe"
"ch058", "sciences_naturelles", "https://raw.githubusercontent.com/BucknellDSC/suzette/refs/heads/master/suzette_gazetteer.xml#suzpl0005", "", "Europe", "Europe"
"ch058", "sciences_naturelles", "https://raw.githubusercontent.com/BucknellDSC/suzette/refs/heads/master/suzette_gazetteer.xml#suzpl0354", "", "Hindoustan", "Hindoustan"
"ch058", "sciences_naturelles", "https://raw.githubusercontent.com/BucknellDSC/suzette/refs/heads/master/suzette_gazetteer.xml#suzpl0008", "", "Indo-Chine", "Indo-Chine"
"ch058", "sciences_naturelles", "https://raw.githubusercontent.com/BucknellDSC/suzette/refs/heads/master/suzette_gazetteer.xml#suzpl0017", "", "Japon", "Japon"
"ch058", "sciences_naturelles", "https://raw.githubusercontent.com/BucknellDSC/suzette/refs/heads/master/suzette_gazetteer.xml#suzpl0032", "", "Malaisie", "Malaisie"
"ch058", "sciences_naturelles", "https://raw.githubusercontent.com/BucknellDSC/suzette/refs/heads/master/suzette_gazetteer.xml#suzpl0006", "", "Océanie", "Océanie"
"ch058", "sciences_naturelles", "https://raw.githubusercontent.com/BucknellDSC/suzette/refs/heads/master/suzette_gazetteer.xml#suzpl0211", "", "Provence", "Provence"
"ch058", "sciences_naturelles", "https://raw.githubusercontent.com/BucknellDSC/suzette/refs/heads/master/suzette_gazetteer.xml#suzpl0722", "", "Sibérie", "Sibérie"
"ch058", "sciences_naturelles", "https://raw.githubusercontent.com/BucknellDSC/suzette/refs/heads/master/suzette_gazetteer.xml#suzpl0009", "", "États-Unis", "États-Unis"
"ch058", "instruction_civique", "https://raw.githubusercontent.com/BucknellDSC/suzette/refs/heads/master/suzette_gazetteer.xml#suzpl0001", "", "Afrique", "Afrique"
"ch058", "instruction_civique", "https://raw.githubusercontent.com/BucknellDSC/suzette/refs/heads/master/suzette_gazetteer.xml#suzpl0001", "", "Afrique", "Afrique"
"ch058", "instruction_civique", "https://raw.githubusercontent.com/BucknellDSC/suzette/refs/heads/master/suzette_gazetteer.xml#suzpl0001", "", "Afrique", "Afrique"
"ch058", "instruction_civique", "https://raw.githubusercontent.com/BucknellDSC/suzette/refs/heads/master/suzette_gazetteer.xml#suzpl0005", "", "Europe", "Europe"
"ch058", "géographie", "https://raw.githubusercontent.com/BucknellDSC/suzette/refs/heads/master/suzette_gazetteer.xml#suzpl0035", "", "Arabie Saoudite", "Arabie"
"ch058", "géographie", "https://raw.githubusercontent.com/BucknellDSC/suzette/refs/heads/master/suzette_gazetteer.xml#suzpl0675", "", "Asie méridionale", "Asie méridionale"
"ch058", "géographie", "https://raw.githubusercontent.com/BucknellDSC/suzette/refs/heads/master/suzette_gazetteer.xml#suzpl0679", "", "Bombay", "Bombay"
"ch058", "géographie", "https://raw.githubusercontent.com/BucknellDSC/suzette/refs/heads/master/suzette_gazetteer.xml#suzpl0678", "", "Bénarès", "Bénarès"
"ch058", "géographie", "https://raw.githubusercontent.com/BucknellDSC/suzette/refs/heads/master/suzette_gazetteer.xml#suzpl0681", "", "Calcutta", "Calcutta"
"ch058", "géographie", "https://raw.githubusercontent.com/BucknellDSC/suzette/refs/heads/master/suzette_gazetteer.xml#suzpl0682", "", "Chandernagor", "Chandernagor"
"ch058", "géographie", "https://raw.githubusercontent.com/BucknellDSC/suzette/refs/heads/master/suzette_gazetteer.xml#suzpl0684", "", "Daman et Diu", "Daman et Diu"
"ch058", "géographie", "https://raw.githubusercontent.com/BucknellDSC/suzette/refs/heads/master/suzette_gazetteer.xml#suzpl0687", "", "Goa", "Goa"
"ch058", "géographie", "https://raw.githubusercontent.com/BucknellDSC/suzette/refs/heads/master/suzette_gazetteer.xml#suzpl0796", "", "Hyderabad", "Hyderabad"
"ch058", "géographie", "https://raw.githubusercontent.com/BucknellDSC/suzette/refs/heads/master/suzette_gazetteer.xml#suzpl0026", "", "Inde", "Inde"
"ch058", "géographie", "https://raw.githubusercontent.com/BucknellDSC/suzette/refs/heads/master/suzette_gazetteer.xml#suzpl0797", "", "Inde anglaise", "Inde anglaise"
"ch058", "géographie", "https://raw.githubusercontent.com/BucknellDSC/suzette/refs/heads/master/suzette_gazetteer.xml#suzpl0798", "", "Ispahan", "Ispahan"
"ch058", "géographie", "https://raw.githubusercontent.com/BucknellDSC/suzette/refs/heads/master/suzette_gazetteer.xml#suzpl0799", "", "Karikal", "Karikal"
"ch058", "géographie", "https://raw.githubusercontent.com/BucknellDSC/suzette/refs/heads/master/suzette_gazetteer.xml#suzpl0800", "", "Katmandou", "Katmandou"
"ch058", "géographie", "https://raw.githubusercontent.com/BucknellDSC/suzette/refs/heads/master/suzette_gazetteer.xml#suzpl0801", "", "Lahore", "Lahore"
"ch058", "géographie", "https://raw.githubusercontent.com/BucknellDSC/suzette/refs/heads/master/suzette_gazetteer.xml#suzpl0802", "", "Madras", "Madras"
"ch058", "géographie", "https://raw.githubusercontent.com/BucknellDSC/suzette/refs/heads/master/suzette_gazetteer.xml#suzpl0803", "", "Mahé", "Mahé"
"ch058", "géographie", "https://raw.githubusercontent.com/BucknellDSC/suzette/refs/heads/master/suzette_gazetteer.xml#suzpl0804", "", "Moka", "Moka"
"ch058", "géographie", "https://raw.githubusercontent.com/BucknellDSC/suzette/refs/heads/master/suzette_gazetteer.xml#suzpl0230", "", "Médine", "Médine"
"ch058", "géographie", "https://raw.githubusercontent.com/BucknellDSC/suzette/refs/heads/master/suzette_gazetteer.xml#suzpl0805", "", "Pondichéry", "Pondichéry"
"ch058", "géographie", "https://raw.githubusercontent.com/BucknellDSC/suzette/refs/heads/master/suzette_gazetteer.xml#suzpl0806", "", "Pounaka", "Pounaka"
"ch058", "géographie", "https://raw.githubusercontent.com/BucknellDSC/suzette/refs/heads/master/suzette_gazetteer.xml#suzpl0807", "", "Surate", "Surate"
"ch058", "géographie", "https://raw.githubusercontent.com/BucknellDSC/suzette/refs/heads/master/suzette_gazetteer.xml#suzpl0808", "", "Téhéran", "Téhéran"
"ch058", "géographie", "https://raw.githubusercontent.com/BucknellDSC/suzette/refs/heads/master/suzette_gazetteer.xml#suzpl0810", "", "Yanaon", "Yanaon"
"ch058", "géographie", "https://raw.githubusercontent.com/BucknellDSC/suzette/refs/heads/master/suzette_gazetteer.xml#suzpl0266", "", "golfe Persique", "golfe Persique"
"ch058", "géographie", "https://raw.githubusercontent.com/BucknellDSC/suzette/refs/heads/master/suzette_gazetteer.xml#suzpl0709", "", "golfe d'Oman", "golfe d'Oman"
"ch058", "géographie", "https://raw.githubusercontent.com/BucknellDSC/suzette/refs/heads/master/suzette_gazetteer.xml#suzpl0129", "", "Mecque", "la Mecque""Chapter", "Section", "Ref", "SameAs", "Key", "Place"
"ch059", "récit", "https://raw.githubusercontent.com/BucknellDSC/suzette/refs/heads/master/suzette_gazetteer.xml#suzpl0001", "", "Afrique", "Afrique"
"ch059", "récit", "https://raw.githubusercontent.com/BucknellDSC/suzette/refs/heads/master/suzette_gazetteer.xml#suzpl0022", "", "Algérie", "Algérie"
"ch059", "récit", "https://raw.githubusercontent.com/BucknellDSC/suzette/refs/heads/master/suzette_gazetteer.xml#suzpl0010", "", "Angleterre", "Angleterre"
"ch059", "récit", "https://raw.githubusercontent.com/BucknellDSC/suzette/refs/heads/master/suzette_gazetteer.xml#suzpl0221", "", "Zanzibar", "Zanzibar"
"ch059", "récit", "https://raw.githubusercontent.com/BucknellDSC/suzette/refs/heads/master/suzette_gazetteer.xml#suzpl0221", "", "Zanzibar", "Zanzibar"
"ch059", "récit", "https://raw.githubusercontent.com/BucknellDSC/suzette/refs/heads/master/suzette_gazetteer.xml#suzpl0221", "", "Zanzibar", "Zanzibar"
"ch059", "questionnaire", "https://raw.githubusercontent.com/BucknellDSC/suzette/refs/heads/master/suzette_gazetteer.xml#suzpl0001", "", "Afrique", "Afrique"
"ch059", "questionnaire", "https://raw.githubusercontent.com/BucknellDSC/suzette/refs/heads/master/suzette_gazetteer.xml#suzpl0001", "", "Afrique", "Afrique"
"ch059", "morale", "https://raw.githubusercontent.com/BucknellDSC/suzette/refs/heads/master/suzette_gazetteer.xml#suzpl0366", "", "Afrique méridionale", "Afrique méridionale"
"ch059", "morale", "https://raw.githubusercontent.com/BucknellDSC/suzette/refs/heads/master/suzette_gazetteer.xml#suzpl0010", "", "Angleterre", "Angleterre"
"ch059", "morale", "https://raw.githubusercontent.com/BucknellDSC/suzette/refs/heads/master/suzette_gazetteer.xml#suzpl0428", "", "Cafrerie", "Cafrerie"
"ch059", "morale", "https://raw.githubusercontent.com/BucknellDSC/suzette/refs/heads/master/suzette_gazetteer.xml#suzpl0038", "", "Gabon", "Gabon"
"ch059", "morale", "https://raw.githubusercontent.com/BucknellDSC/suzette/refs/heads/master/suzette_gazetteer.xml#suzpl0038", "", "Gabon", "Gabon"
"ch059", "morale", "https://raw.githubusercontent.com/BucknellDSC/suzette/refs/heads/master/suzette_gazetteer.xml#suzpl0609", "", "Quilimané", "Quilimané"
"ch059", "morale", "https://raw.githubusercontent.com/BucknellDSC/suzette/refs/heads/master/suzette_gazetteer.xml#suzpl0627", "", "Saint-Paul de Loanda", "Saint-Paul de Loanda"
"ch059", "morale", "https://raw.githubusercontent.com/BucknellDSC/suzette/refs/heads/master/suzette_gazetteer.xml#suzpl0671", "", "Westminster", "basilique de Westminster"
"ch059", "morale", "https://raw.githubusercontent.com/BucknellDSC/suzette/refs/heads/master/suzette_gazetteer.xml#suzpl0811", "", "Grands Lacs (d'Afrique)", "grands lacs"
"ch059", "morale", "https://raw.githubusercontent.com/BucknellDSC/suzette/refs/heads/master/suzette_gazetteer.xml#suzpl0612", "", "région équatoriale de l'Afrique", "région équatoriale de l'Afrique"
"ch059", "morale", "https://raw.githubusercontent.com/BucknellDSC/suzette/refs/heads/master/suzette_gazetteer.xml#suzpl0488", "", "Ecosse", "Écosse"
"ch059", "français", "https://raw.githubusercontent.com/BucknellDSC/suzette/refs/heads/master/suzette_gazetteer.xml#suzpl0011", "", "Allemagne", "Allemagne"
"ch059", "français", "https://raw.githubusercontent.com/BucknellDSC/suzette/refs/heads/master/suzette_gazetteer.xml#suzpl0010", "", "Angleterre", "Angleterre"
"ch059", "français", "https://raw.githubusercontent.com/BucknellDSC/suzette/refs/heads/master/suzette_gazetteer.xml#suzpl0021", "", "Belgique", "Belgique"
"ch059", "français", "https://raw.githubusercontent.com/BucknellDSC/suzette/refs/heads/master/suzette_gazetteer.xml#suzpl0033", "", "Hollande", "Hollande"
"ch059", "français", "https://raw.githubusercontent.com/BucknellDSC/suzette/refs/heads/master/suzette_gazetteer.xml#suzpl0521", "", "Hongrie", "Hongrie"
"ch059", "français", "https://raw.githubusercontent.com/BucknellDSC/suzette/refs/heads/master/suzette_gazetteer.xml#suzpl0031", "", "Russie", "Russie"
"ch059", "français", "https://raw.githubusercontent.com/BucknellDSC/suzette/refs/heads/master/suzette_gazetteer.xml#suzpl0645", "", "Suisse", "Suisse"
"ch059", "géographie", "https://raw.githubusercontent.com/BucknellDSC/suzette/refs/heads/master/suzette_gazetteer.xml#suzpl0001", "", "Afrique", "Afrique"
"ch059", "géographie", "https://raw.githubusercontent.com/BucknellDSC/suzette/refs/heads/master/suzette_gazetteer.xml#suzpl0420", "", "Brazzaville", "Brazzaville"
"ch059", "géographie", "https://raw.githubusercontent.com/BucknellDSC/suzette/refs/heads/master/suzette_gazetteer.xml#suzpl0016", "", "France", "France"
"ch059", "géographie", "https://raw.githubusercontent.com/BucknellDSC/suzette/refs/heads/master/suzette_gazetteer.xml#suzpl0500", "", "Franceville", "Franceville"
"ch059", "géographie", "https://raw.githubusercontent.com/BucknellDSC/suzette/refs/heads/master/suzette_gazetteer.xml#suzpl0038", "", "Gabon", "Gabon"
"ch059", "géographie", "https://raw.githubusercontent.com/BucknellDSC/suzette/refs/heads/master/suzette_gazetteer.xml#suzpl0644", "", "Stanley-Pool", "Stanley-Pool""Chapter", "Section", "Ref", "SameAs", "Key", "Place"
"ch060", "récit", "https://raw.githubusercontent.com/BucknellDSC/suzette/refs/heads/master/suzette_gazetteer.xml#suzpl0001", "", "Afrique", "Afrique"
"ch060", "récit", "https://raw.githubusercontent.com/BucknellDSC/suzette/refs/heads/master/suzette_gazetteer.xml#suzpl0001", "", "Afrique", "Afrique"
"ch060", "récit", "https://raw.githubusercontent.com/BucknellDSC/suzette/refs/heads/master/suzette_gazetteer.xml#suzpl0001", "", "Afrique", "Afrique"
"ch060", "récit", "https://raw.githubusercontent.com/BucknellDSC/suzette/refs/heads/master/suzette_gazetteer.xml#suzpl0128", "", "Benguéla", "Benguéla"
"ch060", "récit", "https://raw.githubusercontent.com/BucknellDSC/suzette/refs/heads/master/suzette_gazetteer.xml#suzpl0129", "", "Mecque", "Mecque"
"ch060", "récit", "https://raw.githubusercontent.com/BucknellDSC/suzette/refs/heads/master/suzette_gazetteer.xml#suzpl0221", "", "Zanzibar", "Zanzibar"
"ch060", "questionnaire", "https://raw.githubusercontent.com/BucknellDSC/suzette/refs/heads/master/suzette_gazetteer.xml#suzpl0128", "", "Benguéla", "Benguéla"
"ch060", "sciences_naturelles", "https://raw.githubusercontent.com/BucknellDSC/suzette/refs/heads/master/suzette_gazetteer.xml#suzpl0001", "", "Afrique", "Afrique"
"ch060", "sciences_naturelles", "https://raw.githubusercontent.com/BucknellDSC/suzette/refs/heads/master/suzette_gazetteer.xml#suzpl0001", "", "Afrique", "Afrique"
"ch060", "sciences_naturelles", "https://raw.githubusercontent.com/BucknellDSC/suzette/refs/heads/master/suzette_gazetteer.xml#suzpl0022", "", "Algérie", "Algérie"
"ch060", "sciences_naturelles", "https://raw.githubusercontent.com/BucknellDSC/suzette/refs/heads/master/suzette_gazetteer.xml#suzpl0791", "", "Americas", "Amérique"
"ch060", "sciences_naturelles", "https://raw.githubusercontent.com/BucknellDSC/suzette/refs/heads/master/suzette_gazetteer.xml#suzpl0004", "", "Asie", "Asie"
"ch060", "sciences_naturelles", "https://raw.githubusercontent.com/BucknellDSC/suzette/refs/heads/master/suzette_gazetteer.xml#suzpl0004", "", "Asie", "Asie"
"ch060", "sciences_naturelles", "https://raw.githubusercontent.com/BucknellDSC/suzette/refs/heads/master/suzette_gazetteer.xml#suzpl0004", "", "Asie", "Asie"
"ch060", "sciences_naturelles", "https://raw.githubusercontent.com/BucknellDSC/suzette/refs/heads/master/suzette_gazetteer.xml#suzpl0013", "", "Chine", "Chine"
"ch060", "sciences_naturelles", "https://raw.githubusercontent.com/BucknellDSC/suzette/refs/heads/master/suzette_gazetteer.xml#suzpl0014", "", "Espagne", "Espagne"
"ch060", "sciences_naturelles", "https://raw.githubusercontent.com/BucknellDSC/suzette/refs/heads/master/suzette_gazetteer.xml#suzpl0005", "", "Europe", "Europe"
"ch060", "sciences_naturelles", "https://raw.githubusercontent.com/BucknellDSC/suzette/refs/heads/master/suzette_gazetteer.xml#suzpl0005", "", "Europe", "Europe"
"ch060", "sciences_naturelles", "https://raw.githubusercontent.com/BucknellDSC/suzette/refs/heads/master/suzette_gazetteer.xml#suzpl0354", "", "Hindoustan", "Hindoustan"
"ch060", "sciences_naturelles", "https://raw.githubusercontent.com/BucknellDSC/suzette/refs/heads/master/suzette_gazetteer.xml#suzpl0008", "", "Indo-Chine", "Indo-Chine"
"ch060", "sciences_naturelles", "https://raw.githubusercontent.com/BucknellDSC/suzette/refs/heads/master/suzette_gazetteer.xml#suzpl0017", "", "Japon", "Japon"
"ch060", "sciences_naturelles", "https://raw.githubusercontent.com/BucknellDSC/suzette/refs/heads/master/suzette_gazetteer.xml#suzpl0812", "", "Java", "Java"
"ch060", "sciences_naturelles", "https://raw.githubusercontent.com/BucknellDSC/suzette/refs/heads/master/suzette_gazetteer.xml#suzpl0032", "", "Malaisie", "Malaisie"
"ch060", "sciences_naturelles", "https://raw.githubusercontent.com/BucknellDSC/suzette/refs/heads/master/suzette_gazetteer.xml#suzpl0155", "", "Sicile", "Sicile"
"ch060", "sciences_naturelles", "https://raw.githubusercontent.com/BucknellDSC/suzette/refs/heads/master/suzette_gazetteer.xml#suzpl0813", "", "Sumatra", "Sumatra""Chapter", "Section", "Ref", "SameAs", "Key", "Place"
"ch061", "récit", "https://raw.githubusercontent.com/BucknellDSC/suzette/refs/heads/master/suzette_gazetteer.xml#suzpl0001", "", "Afrique", "Afrique"
"ch061", "récit", "https://raw.githubusercontent.com/BucknellDSC/suzette/refs/heads/master/suzette_gazetteer.xml#suzpl0159", "", "Sahara", "Sahara"
"ch061", "récit", "https://raw.githubusercontent.com/BucknellDSC/suzette/refs/heads/master/suzette_gazetteer.xml#suzpl0642", "", "Soudan", "Soudan"
"ch061", "récit", "https://raw.githubusercontent.com/BucknellDSC/suzette/refs/heads/master/suzette_gazetteer.xml#suzpl0130", "", "Tombouctou", "Tombouctou"
"ch061", "récit", "https://raw.githubusercontent.com/BucknellDSC/suzette/refs/heads/master/suzette_gazetteer.xml#suzpl0245", "", "Zambèze", "Zambèze"
"ch061", "questionnaire", "https://raw.githubusercontent.com/BucknellDSC/suzette/refs/heads/master/suzette_gazetteer.xml#suzpl0130", "", "Tombouctou", "Tombouctou"
"ch061", "questionnaire", "https://raw.githubusercontent.com/BucknellDSC/suzette/refs/heads/master/suzette_gazetteer.xml#suzpl0245", "", "Zambèze", "Zambèze"
"ch061", "morale", "https://raw.githubusercontent.com/BucknellDSC/suzette/refs/heads/master/suzette_gazetteer.xml#suzpl0001", "", "Afrique", "Afrique"
"ch061", "morale", "https://raw.githubusercontent.com/BucknellDSC/suzette/refs/heads/master/suzette_gazetteer.xml#suzpl0004", "", "Asie", "Asie"
"ch061", "morale", "https://raw.githubusercontent.com/BucknellDSC/suzette/refs/heads/master/suzette_gazetteer.xml#suzpl0006", "", "Océanie", "Océanie"
"ch061", "sciences_naturelles", "https://raw.githubusercontent.com/BucknellDSC/suzette/refs/heads/master/suzette_gazetteer.xml#suzpl0001", "", "Afrique", "Afrique"
"ch061", "sciences_naturelles", "https://raw.githubusercontent.com/BucknellDSC/suzette/refs/heads/master/suzette_gazetteer.xml#suzpl0001", "", "Afrique", "Afrique"
"ch061", "sciences_naturelles", "https://raw.githubusercontent.com/BucknellDSC/suzette/refs/heads/master/suzette_gazetteer.xml#suzpl0003", "", "Amérique du sud", "Amérique"
"ch061", "sciences_naturelles", "https://raw.githubusercontent.com/BucknellDSC/suzette/refs/heads/master/suzette_gazetteer.xml#suzpl0302", "", "Canada", "Amérique anglaise"
"ch061", "sciences_naturelles", "https://raw.githubusercontent.com/BucknellDSC/suzette/refs/heads/master/suzette_gazetteer.xml#suzpl0020", "", "Australie", "Australie"
"ch061", "sciences_naturelles", "https://raw.githubusercontent.com/BucknellDSC/suzette/refs/heads/master/suzette_gazetteer.xml#suzpl0740", "", "Californie", "Californie"
"ch061", "sciences_naturelles", "https://raw.githubusercontent.com/BucknellDSC/suzette/refs/heads/master/suzette_gazetteer.xml#suzpl0740", "", "Californie", "Californie"
"ch061", "sciences_naturelles", "https://raw.githubusercontent.com/BucknellDSC/suzette/refs/heads/master/suzette_gazetteer.xml#suzpl0013", "", "Chine", "Chine"
"ch061", "sciences_naturelles", "https://raw.githubusercontent.com/BucknellDSC/suzette/refs/heads/master/suzette_gazetteer.xml#suzpl0016", "", "France", "France"
"ch061", "géographie", "https://raw.githubusercontent.com/BucknellDSC/suzette/refs/heads/master/suzette_gazetteer.xml#suzpl0001", "", "Afrique", "Afrique"
"ch061", "géographie", "https://raw.githubusercontent.com/BucknellDSC/suzette/refs/heads/master/suzette_gazetteer.xml#suzpl0038", "", "Gabon", "Gabon"
"ch061", "géographie", "https://raw.githubusercontent.com/BucknellDSC/suzette/refs/heads/master/suzette_gazetteer.xml#suzpl0695", "", "Niger", "Niger"
"ch061", "géographie", "https://raw.githubusercontent.com/BucknellDSC/suzette/refs/heads/master/suzette_gazetteer.xml#suzpl0692", "", "Sénégal", "Sénégal"
"ch061", "géographie", "https://raw.githubusercontent.com/BucknellDSC/suzette/refs/heads/master/suzette_gazetteer.xml#suzpl0692", "", "Sénégal", "Sénégal "
"ch061", "géographie", "https://raw.githubusercontent.com/BucknellDSC/suzette/refs/heads/master/suzette_gazetteer.xml#suzpl0130", "", "Tombouctou", "Tombouctou""Chapter", "Section", "Ref", "SameAs", "Key", "Place"
"ch062", "récit", "https://raw.githubusercontent.com/BucknellDSC/suzette/refs/heads/master/suzette_gazetteer.xml#suzpl0016", "", "France", "France "
"ch062", "récit", "https://raw.githubusercontent.com/BucknellDSC/suzette/refs/heads/master/suzette_gazetteer.xml#suzpl0026", "", "Inde", "Inde"
"ch062", "récit", "https://raw.githubusercontent.com/BucknellDSC/suzette/refs/heads/master/suzette_gazetteer.xml#suzpl0159", "", "Sahara", "Sahara"
"ch062", "récit", "https://raw.githubusercontent.com/BucknellDSC/suzette/refs/heads/master/suzette_gazetteer.xml#suzpl0642", "", "Soudan", "Soudan"
"ch062", "récit", "https://raw.githubusercontent.com/BucknellDSC/suzette/refs/heads/master/suzette_gazetteer.xml#suzpl0642", "", "Soudan", "Soudan"
"ch062", "récit", "https://raw.githubusercontent.com/BucknellDSC/suzette/refs/heads/master/suzette_gazetteer.xml#suzpl0130", "", "Tombouctou", "Tombouctou"
"ch062", "récit", "https://raw.githubusercontent.com/BucknellDSC/suzette/refs/heads/master/suzette_gazetteer.xml#suzpl0130", "", "Tombouctou", "Tombouctou"
"ch062", "questionnaire", "https://raw.githubusercontent.com/BucknellDSC/suzette/refs/heads/master/suzette_gazetteer.xml#suzpl0130", "", "Tombouctou", "Tombouctou"
"ch062", "géographie", "https://raw.githubusercontent.com/BucknellDSC/suzette/refs/heads/master/suzette_gazetteer.xml#suzpl0022", "", "Algérie", "Algerie"
"ch062", "géographie", "https://raw.githubusercontent.com/BucknellDSC/suzette/refs/heads/master/suzette_gazetteer.xml#suzpl0348", "", "Atlantique", "Atlantique"
"ch062", "géographie", "https://raw.githubusercontent.com/BucknellDSC/suzette/refs/heads/master/suzette_gazetteer.xml#suzpl0159", "", "Sahara", "Grand Désert"
"ch062", "géographie", "https://raw.githubusercontent.com/BucknellDSC/suzette/refs/heads/master/suzette_gazetteer.xml#suzpl0159", "", "Sahara", "Grand Désert"
"ch062", "géographie", "https://raw.githubusercontent.com/BucknellDSC/suzette/refs/heads/master/suzette_gazetteer.xml#suzpl0159", "", "Sahara", "Grand Désert"
"ch062", "géographie", "https://raw.githubusercontent.com/BucknellDSC/suzette/refs/heads/master/suzette_gazetteer.xml#suzpl0040", "", "Maroc", "Maroc"
"ch062", "géographie", "https://raw.githubusercontent.com/BucknellDSC/suzette/refs/heads/master/suzette_gazetteer.xml#suzpl0814", "", "Nigritie", "Nigritie"
"ch062", "géographie", "https://raw.githubusercontent.com/BucknellDSC/suzette/refs/heads/master/suzette_gazetteer.xml#suzpl0586", "", "Nubie", "Nubie"
"ch062", "géographie", "https://raw.githubusercontent.com/BucknellDSC/suzette/refs/heads/master/suzette_gazetteer.xml#suzpl0159", "", "Sahara", "Sahara"
"ch062", "géographie", "https://raw.githubusercontent.com/BucknellDSC/suzette/refs/heads/master/suzette_gazetteer.xml#suzpl0159", "", "Sahara", "Sahara"
"ch062", "géographie", "https://raw.githubusercontent.com/BucknellDSC/suzette/refs/heads/master/suzette_gazetteer.xml#suzpl0235", "", "Tripoli", "Tripoli"
"ch062", "géographie", "https://raw.githubusercontent.com/BucknellDSC/suzette/refs/heads/master/suzette_gazetteer.xml#suzpl0023", "", "Égypte", "Égypte"
"ch062", "sciences_naturelles", "https://raw.githubusercontent.com/BucknellDSC/suzette/refs/heads/master/suzette_gazetteer.xml#suzpl0022", "", "Algérie", "Algérie"
"ch062", "sciences_naturelles", "https://raw.githubusercontent.com/BucknellDSC/suzette/refs/heads/master/suzette_gazetteer.xml#suzpl0132", "", "Bochnia", "Bochnia"
"ch062", "sciences_naturelles", "https://raw.githubusercontent.com/BucknellDSC/suzette/refs/heads/master/suzette_gazetteer.xml#suzpl0158", "", "Béarn", "Béarn"
"ch062", "sciences_naturelles", "https://raw.githubusercontent.com/BucknellDSC/suzette/refs/heads/master/suzette_gazetteer.xml#suzpl0134", "", "Château-Salins", "Château-Salins"
"ch062", "sciences_naturelles", "https://raw.githubusercontent.com/BucknellDSC/suzette/refs/heads/master/suzette_gazetteer.xml#suzpl0133", "", "Cracovie", "Cracovie"
"ch062", "sciences_naturelles", "https://raw.githubusercontent.com/BucknellDSC/suzette/refs/heads/master/suzette_gazetteer.xml#suzpl0135", "", "Dieuze", "Dieuze"
"ch062", "sciences_naturelles", "https://raw.githubusercontent.com/BucknellDSC/suzette/refs/heads/master/suzette_gazetteer.xml#suzpl0014", "", "Espagne", "Espagne"
"ch062", "sciences_naturelles", "https://raw.githubusercontent.com/BucknellDSC/suzette/refs/heads/master/suzette_gazetteer.xml#suzpl0009", "", "États-Unis", "Etats-Unis"
"ch062", "sciences_naturelles", "https://raw.githubusercontent.com/BucknellDSC/suzette/refs/heads/master/suzette_gazetteer.xml#suzpl0005", "", "Europe", "Europe"
"ch062", "sciences_naturelles", "https://raw.githubusercontent.com/BucknellDSC/suzette/refs/heads/master/suzette_gazetteer.xml#suzpl0016", "", "France", "France"
"ch062", "sciences_naturelles", "https://raw.githubusercontent.com/BucknellDSC/suzette/refs/heads/master/suzette_gazetteer.xml#suzpl0016", "", "France", "France"
"ch062", "sciences_naturelles", "https://raw.githubusercontent.com/BucknellDSC/suzette/refs/heads/master/suzette_gazetteer.xml#suzpl0157", "", "Franche-Comté", "Franche-Comté"
"ch062", "sciences_naturelles", "https://raw.githubusercontent.com/BucknellDSC/suzette/refs/heads/master/suzette_gazetteer.xml#suzpl0137", "", "Lons-le-Saunier", "Lons-le-Saunier"
"ch062", "sciences_naturelles", "https://raw.githubusercontent.com/BucknellDSC/suzette/refs/heads/master/suzette_gazetteer.xml#suzpl0156", "", "Lorraine", "Lorraine"
"ch062", "sciences_naturelles", "https://raw.githubusercontent.com/BucknellDSC/suzette/refs/heads/master/suzette_gazetteer.xml#suzpl0169", "", "Nord", "Nord"
"ch062", "sciences_naturelles", "https://raw.githubusercontent.com/BucknellDSC/suzette/refs/heads/master/suzette_gazetteer.xml#suzpl0042", "", "Pologne", "Pologne"
"ch062", "sciences_naturelles", "https://raw.githubusercontent.com/BucknellDSC/suzette/refs/heads/master/suzette_gazetteer.xml#suzpl0042", "", "Pologne", "Pologne"
"ch062", "sciences_naturelles", "https://raw.githubusercontent.com/BucknellDSC/suzette/refs/heads/master/suzette_gazetteer.xml#suzpl0043", "", "Pérou", "Pérou"
"ch062", "sciences_naturelles", "https://raw.githubusercontent.com/BucknellDSC/suzette/refs/heads/master/suzette_gazetteer.xml#suzpl0139", "", "Salies", "Salies"
"ch062", "sciences_naturelles", "https://raw.githubusercontent.com/BucknellDSC/suzette/refs/heads/master/suzette_gazetteer.xml#suzpl0138", "", "Salins", "Salins"
"ch062", "sciences_naturelles", "https://raw.githubusercontent.com/BucknellDSC/suzette/refs/heads/master/suzette_gazetteer.xml#suzpl0136", "", "Vic", "Vic"
"ch062", "sciences_naturelles", "https://raw.githubusercontent.com/BucknellDSC/suzette/refs/heads/master/suzette_gazetteer.xml#suzpl0131", "", "Wieliczka", "Wieliczka""Chapter", "Section", "Ref", "SameAs", "Key", "Place"
"ch063", "récit", "https://raw.githubusercontent.com/BucknellDSC/suzette/refs/heads/master/suzette_gazetteer.xml#suzpl0159", "", "Sahara", "Sahara""Chapter", "Section", "Ref", "SameAs", "Key", "Place"
"ch064", "récit", "https://raw.githubusercontent.com/BucknellDSC/suzette/refs/heads/master/suzette_gazetteer.xml#suzpl0001", "", "Afrique", "Afrique"
"ch064", "récit", "https://raw.githubusercontent.com/BucknellDSC/suzette/refs/heads/master/suzette_gazetteer.xml#suzpl0001", "", "Afrique", "Afrique"
"ch064", "récit", "https://raw.githubusercontent.com/BucknellDSC/suzette/refs/heads/master/suzette_gazetteer.xml#suzpl0004", "", "Asie", "Asie"
"ch064", "récit", "https://raw.githubusercontent.com/BucknellDSC/suzette/refs/heads/master/suzette_gazetteer.xml#suzpl0159", "", "Sahara", "Sahara"
"ch064", "récit", "https://raw.githubusercontent.com/BucknellDSC/suzette/refs/heads/master/suzette_gazetteer.xml#suzpl0159", "", "Sahara", "Sahara"
"ch064", "récit", "https://raw.githubusercontent.com/BucknellDSC/suzette/refs/heads/master/suzette_gazetteer.xml#suzpl0214", "", "Syrie", "Syrie"
"ch064", "français", "https://raw.githubusercontent.com/BucknellDSC/suzette/refs/heads/master/suzette_gazetteer.xml#suzpl0016", "", "France", "France"
"ch064", "sciences_naturelles", "https://raw.githubusercontent.com/BucknellDSC/suzette/refs/heads/master/suzette_gazetteer.xml#suzpl0001", "", "Afrique", "Afrique"
"ch064", "sciences_naturelles", "https://raw.githubusercontent.com/BucknellDSC/suzette/refs/heads/master/suzette_gazetteer.xml#suzpl0023", "", "Égypte", "Egypte"
"ch064", "sciences_naturelles", "https://raw.githubusercontent.com/BucknellDSC/suzette/refs/heads/master/suzette_gazetteer.xml#suzpl0159", "", "Sahara", "Grand Désert"
"ch064", "sciences_naturelles", "https://raw.githubusercontent.com/BucknellDSC/suzette/refs/heads/master/suzette_gazetteer.xml#suzpl0044", "", "Paris", "Paris"
"ch064", "sciences_naturelles", "https://raw.githubusercontent.com/BucknellDSC/suzette/refs/heads/master/suzette_gazetteer.xml#suzpl0044", "", "Paris", "Paris"
"ch064", "sciences_naturelles", "https://raw.githubusercontent.com/BucknellDSC/suzette/refs/heads/master/suzette_gazetteer.xml#suzpl0815", "", "Place de la Concorde", "place de la Concorde""Chapter", "Section", "Ref", "SameAs", "Key", "Place"
"ch065", "récit", "https://raw.githubusercontent.com/BucknellDSC/suzette/refs/heads/master/suzette_gazetteer.xml#suzpl0022", "", "Algérie", "Algérie"
"ch065", "récit", "https://raw.githubusercontent.com/BucknellDSC/suzette/refs/heads/master/suzette_gazetteer.xml#suzpl0022", "", "Algérie", "Algérie"
"ch065", "récit", "https://raw.githubusercontent.com/BucknellDSC/suzette/refs/heads/master/suzette_gazetteer.xml#suzpl0022", "", "Algérie", "Algérie"
"ch065", "récit", "https://raw.githubusercontent.com/BucknellDSC/suzette/refs/heads/master/suzette_gazetteer.xml#suzpl0022", "", "Algérie", "Algérie"
"ch065", "récit", "https://raw.githubusercontent.com/BucknellDSC/suzette/refs/heads/master/suzette_gazetteer.xml#suzpl0210", "", "Blidah", "Blidah"
"ch065", "récit", "https://raw.githubusercontent.com/BucknellDSC/suzette/refs/heads/master/suzette_gazetteer.xml#suzpl0016", "", "France", "France"
"ch065", "récit", "https://raw.githubusercontent.com/BucknellDSC/suzette/refs/heads/master/suzette_gazetteer.xml#suzpl0016", "", "France", "France"
"ch065", "récit", "https://raw.githubusercontent.com/BucknellDSC/suzette/refs/heads/master/suzette_gazetteer.xml#suzpl0016", "", "France", "France"
"ch065", "récit", "https://raw.githubusercontent.com/BucknellDSC/suzette/refs/heads/master/suzette_gazetteer.xml#suzpl0209", "", "Grenelle", "Grenelle"
"ch065", "récit", "https://raw.githubusercontent.com/BucknellDSC/suzette/refs/heads/master/suzette_gazetteer.xml#suzpl0044", "", "Paris", "Paris"
"ch065", "récit", "https://raw.githubusercontent.com/BucknellDSC/suzette/refs/heads/master/suzette_gazetteer.xml#suzpl0159", "", "Sahara", "Sahara"
"ch065", "récit", "https://raw.githubusercontent.com/BucknellDSC/suzette/refs/heads/master/suzette_gazetteer.xml#suzpl0208", "", "Tell", "Tell"
"ch065", "questionnaire", "https://raw.githubusercontent.com/BucknellDSC/suzette/refs/heads/master/suzette_gazetteer.xml#suzpl0022", "", "Algérie", "Algèrie"
"ch065", "questionnaire", "https://raw.githubusercontent.com/BucknellDSC/suzette/refs/heads/master/suzette_gazetteer.xml#suzpl0022", "", "Algérie", "Algérie"
"ch065", "questionnaire", "https://raw.githubusercontent.com/BucknellDSC/suzette/refs/heads/master/suzette_gazetteer.xml#suzpl0022", "", "Algérie", "Algérie"
"ch065", "questionnaire", "https://raw.githubusercontent.com/BucknellDSC/suzette/refs/heads/master/suzette_gazetteer.xml#suzpl0016", "", "France", "France"
"ch065", "questionnaire", "https://raw.githubusercontent.com/BucknellDSC/suzette/refs/heads/master/suzette_gazetteer.xml#suzpl0208", "", "Tell", "Tell"
"ch065", "sciences_naturelles", "https://raw.githubusercontent.com/BucknellDSC/suzette/refs/heads/master/suzette_gazetteer.xml#suzpl0368", "", "Afrique septentrionale", "Afrique septentrionale"
"ch065", "sciences_naturelles", "https://raw.githubusercontent.com/BucknellDSC/suzette/refs/heads/master/suzette_gazetteer.xml#suzpl0022", "", "Algérie", "Algérie"
"ch065", "sciences_naturelles", "https://raw.githubusercontent.com/BucknellDSC/suzette/refs/heads/master/suzette_gazetteer.xml#suzpl0388", "", "Asie Mineure", "Asie Mineure"
"ch065", "sciences_naturelles", "https://raw.githubusercontent.com/BucknellDSC/suzette/refs/heads/master/suzette_gazetteer.xml#suzpl0014", "", "Espagne", "Espagne"
"ch065", "sciences_naturelles", "https://raw.githubusercontent.com/BucknellDSC/suzette/refs/heads/master/suzette_gazetteer.xml#suzpl0005", "", "Europe", "Europe"
"ch065", "sciences_naturelles", "https://raw.githubusercontent.com/BucknellDSC/suzette/refs/heads/master/suzette_gazetteer.xml#suzpl0016", "", "France", "France"
"ch065", "sciences_naturelles", "https://raw.githubusercontent.com/BucknellDSC/suzette/refs/heads/master/suzette_gazetteer.xml#suzpl0016", "", "France", "France"
"ch065", "sciences_naturelles", "https://raw.githubusercontent.com/BucknellDSC/suzette/refs/heads/master/suzette_gazetteer.xml#suzpl0016", "", "France", "France"
"ch065", "sciences_naturelles", "https://raw.githubusercontent.com/BucknellDSC/suzette/refs/heads/master/suzette_gazetteer.xml#suzpl0016", "", "France", "France"
"ch065", "sciences_naturelles", "https://raw.githubusercontent.com/BucknellDSC/suzette/refs/heads/master/suzette_gazetteer.xml#suzpl0212", "", "Grèce", "Grèce"
"ch065", "sciences_naturelles", "https://raw.githubusercontent.com/BucknellDSC/suzette/refs/heads/master/suzette_gazetteer.xml#suzpl0015", "", "Italie", "Italie"
"ch065", "sciences_naturelles", "https://raw.githubusercontent.com/BucknellDSC/suzette/refs/heads/master/suzette_gazetteer.xml#suzpl0048", "", "Marseille", "Marseille"
"ch065", "sciences_naturelles", "https://raw.githubusercontent.com/BucknellDSC/suzette/refs/heads/master/suzette_gazetteer.xml#suzpl0215", "", "Méditerranée", "Méditerranée"
"ch065", "sciences_naturelles", "https://raw.githubusercontent.com/BucknellDSC/suzette/refs/heads/master/suzette_gazetteer.xml#suzpl0211", "", "Provence", "Provence"
"ch065", "sciences_naturelles", "https://raw.githubusercontent.com/BucknellDSC/suzette/refs/heads/master/suzette_gazetteer.xml#suzpl0214", "", "Syrie", "Syrie"
"ch065", "industrie", "https://raw.githubusercontent.com/BucknellDSC/suzette/refs/heads/master/suzette_gazetteer.xml#suzpl0217", "", "Artois", "Artois"
"ch065", "industrie", "https://raw.githubusercontent.com/BucknellDSC/suzette/refs/heads/master/suzette_gazetteer.xml#suzpl0016", "", "France", "France"
"ch065", "industrie", "https://raw.githubusercontent.com/BucknellDSC/suzette/refs/heads/master/suzette_gazetteer.xml#suzpl0209", "", "Grenelle", "Grenelle"
"ch065", "industrie", "https://raw.githubusercontent.com/BucknellDSC/suzette/refs/heads/master/suzette_gazetteer.xml#suzpl0044", "", "Paris", "Paris"
"ch065", "industrie", "https://raw.githubusercontent.com/BucknellDSC/suzette/refs/heads/master/suzette_gazetteer.xml#suzpl0216", "", "Passy", "Passy""Chapter", "Section", "Ref", "SameAs", "Key", "Place"
"ch066", "récit", "https://raw.githubusercontent.com/BucknellDSC/suzette/refs/heads/master/suzette_gazetteer.xml#suzpl0001", "", "Afrique", "Afrique"
"ch066", "récit", "https://raw.githubusercontent.com/BucknellDSC/suzette/refs/heads/master/suzette_gazetteer.xml#suzpl0001", "", "Afrique", "Afrique"
"ch066", "récit", "https://raw.githubusercontent.com/BucknellDSC/suzette/refs/heads/master/suzette_gazetteer.xml#suzpl0368", "", "Afrique septentrionale", "Afrique septentrionale"
"ch066", "récit", "https://raw.githubusercontent.com/BucknellDSC/suzette/refs/heads/master/suzette_gazetteer.xml#suzpl0040", "", "Maroc", "Maroc"
"ch066", "récit", "https://raw.githubusercontent.com/BucknellDSC/suzette/refs/heads/master/suzette_gazetteer.xml#suzpl0040", "", "Maroc", "Maroc"
"ch066", "composition", "https://raw.githubusercontent.com/BucknellDSC/suzette/refs/heads/master/suzette_gazetteer.xml#suzpl0022", "", "Algérie", "Algérie"
"ch066", "composition", "https://raw.githubusercontent.com/BucknellDSC/suzette/refs/heads/master/suzette_gazetteer.xml#suzpl0211", "", "Provence", "Provence"
"ch066", "industrie", "https://raw.githubusercontent.com/BucknellDSC/suzette/refs/heads/master/suzette_gazetteer.xml#suzpl0125", "", "Besançon", "Besançon"
"ch066", "industrie", "https://raw.githubusercontent.com/BucknellDSC/suzette/refs/heads/master/suzette_gazetteer.xml#suzpl0218", "", "Cluses", "Cluses"
"ch066", "industrie", "https://raw.githubusercontent.com/BucknellDSC/suzette/refs/heads/master/suzette_gazetteer.xml#suzpl0016", "", "France", "France"
"ch066", "industrie", "https://raw.githubusercontent.com/BucknellDSC/suzette/refs/heads/master/suzette_gazetteer.xml#suzpl0157", "", "Franche-Comté", "Franche-Comté"
"ch066", "industrie", "https://raw.githubusercontent.com/BucknellDSC/suzette/refs/heads/master/suzette_gazetteer.xml#suzpl0262", "", "Savoie", "Savoie"
"ch066", "complexe", "https://raw.githubusercontent.com/BucknellDSC/suzette/refs/heads/master/suzette_gazetteer.xml#suzpl0220", "", "France méridionale (Midi)", "Midi""Chapter", "Section", "Ref", "SameAs", "Key", "Place"
"ch067", "récit", "https://raw.githubusercontent.com/BucknellDSC/suzette/refs/heads/master/suzette_gazetteer.xml#suzpl0001", "", "Afrique", "Afrique"
"ch067", "récit", "https://raw.githubusercontent.com/BucknellDSC/suzette/refs/heads/master/suzette_gazetteer.xml#suzpl0002", "", "Amérique du nord", "Amérique"
"ch067", "récit", "https://raw.githubusercontent.com/BucknellDSC/suzette/refs/heads/master/suzette_gazetteer.xml#suzpl0038", "", "Gabon", "Gabon"
"ch067", "récit", "https://raw.githubusercontent.com/BucknellDSC/suzette/refs/heads/master/suzette_gazetteer.xml#suzpl0044", "", "Paris", "Paris"
"ch067", "récit", "https://raw.githubusercontent.com/BucknellDSC/suzette/refs/heads/master/suzette_gazetteer.xml#suzpl0221", "", "Zanzibar", "Zanzibar"
"ch067", "récit", "https://raw.githubusercontent.com/BucknellDSC/suzette/refs/heads/master/suzette_gazetteer.xml#suzpl0221", "", "Zanzibar", "Zanzibar"
"ch067", "géographie", "https://raw.githubusercontent.com/BucknellDSC/suzette/refs/heads/master/suzette_gazetteer.xml#suzpl0365", "", "Abyssinie", "Abyssinie"
"ch067", "géographie", "https://raw.githubusercontent.com/BucknellDSC/suzette/refs/heads/master/suzette_gazetteer.xml#suzpl0365", "", "Abyssinie", "Abyssinie"
"ch067", "géographie", "https://raw.githubusercontent.com/BucknellDSC/suzette/refs/heads/master/suzette_gazetteer.xml#suzpl0365", "", "Abyssinie", "Abyssinie"
"ch067", "géographie", "https://raw.githubusercontent.com/BucknellDSC/suzette/refs/heads/master/suzette_gazetteer.xml#suzpl0365", "", "Abyssinie", "Abyssinie"
"ch067", "géographie", "https://raw.githubusercontent.com/BucknellDSC/suzette/refs/heads/master/suzette_gazetteer.xml#suzpl0001", "", "Afrique", "Afrique,"
"ch067", "géographie", "https://raw.githubusercontent.com/BucknellDSC/suzette/refs/heads/master/suzette_gazetteer.xml#suzpl0022", "", "Algérie", "Algérie"
"ch067", "géographie", "https://raw.githubusercontent.com/BucknellDSC/suzette/refs/heads/master/suzette_gazetteer.xml#suzpl0228", "", "Bakel", "Bakel"
"ch067", "géographie", "https://raw.githubusercontent.com/BucknellDSC/suzette/refs/heads/master/suzette_gazetteer.xml#suzpl0228", "", "Bakel", "Bakel"
"ch067", "géographie", "https://raw.githubusercontent.com/BucknellDSC/suzette/refs/heads/master/suzette_gazetteer.xml#suzpl0234", "", "Bamakou", "Bamakou"
"ch067", "géographie", "https://raw.githubusercontent.com/BucknellDSC/suzette/refs/heads/master/suzette_gazetteer.xml#suzpl0229", "", "Bambouk", "Bambouk"
"ch067", "géographie", "https://raw.githubusercontent.com/BucknellDSC/suzette/refs/heads/master/suzette_gazetteer.xml#suzpl0238", "", "Bangouéolo", "Bangouéolo"
"ch067", "géographie", "https://raw.githubusercontent.com/BucknellDSC/suzette/refs/heads/master/suzette_gazetteer.xml#suzpl0128", "", "Benguéla", "Benguéla"
"ch067", "géographie", "https://raw.githubusercontent.com/BucknellDSC/suzette/refs/heads/master/suzette_gazetteer.xml#suzpl0128", "", "Benguéla", "Benguéla"
"ch067", "géographie", "https://raw.githubusercontent.com/BucknellDSC/suzette/refs/heads/master/suzette_gazetteer.xml#suzpl0694", "", "Bilma", "Bilma"
"ch067", "géographie", "https://raw.githubusercontent.com/BucknellDSC/suzette/refs/heads/master/suzette_gazetteer.xml#suzpl0408", "", "Bogamoya", "Bogamoya"
"ch067", "géographie", "https://raw.githubusercontent.com/BucknellDSC/suzette/refs/heads/master/suzette_gazetteer.xml#suzpl0693", "", "Bornou", "Bornou"
"ch067", "géographie", "https://raw.githubusercontent.com/BucknellDSC/suzette/refs/heads/master/suzette_gazetteer.xml#suzpl0693", "", "Bornou", "Bornou"
"ch067", "géographie", "https://raw.githubusercontent.com/BucknellDSC/suzette/refs/heads/master/suzette_gazetteer.xml#suzpl0929", "", "Cazembé", "Cazembé"
"ch067", "géographie", "https://raw.githubusercontent.com/BucknellDSC/suzette/refs/heads/master/suzette_gazetteer.xml#suzpl0701", "", "Chiroua", "Chiroua"
"ch067", "géographie", "https://raw.githubusercontent.com/BucknellDSC/suzette/refs/heads/master/suzette_gazetteer.xml#suzpl0295", "", "Congo", "Congo"
"ch067", "géographie", "https://raw.githubusercontent.com/BucknellDSC/suzette/refs/heads/master/suzette_gazetteer.xml#suzpl0295", "", "Congo", "Congo"
"ch067", "géographie", "https://raw.githubusercontent.com/BucknellDSC/suzette/refs/heads/master/suzette_gazetteer.xml#suzpl0487", "", "Durban", "Durban"
"ch067", "géographie", "https://raw.githubusercontent.com/BucknellDSC/suzette/refs/heads/master/suzette_gazetteer.xml#suzpl0612", "", "région équatoriale de l'Afrique", "Equateur"
"ch067", "géographie", "https://raw.githubusercontent.com/BucknellDSC/suzette/refs/heads/master/suzette_gazetteer.xml#suzpl0038", "", "Gabon", "Gabon"
"ch067", "géographie", "https://raw.githubusercontent.com/BucknellDSC/suzette/refs/heads/master/suzette_gazetteer.xml#suzpl0038", "", "Gabon", "Gabon"
"ch067", "géographie", "https://raw.githubusercontent.com/BucknellDSC/suzette/refs/heads/master/suzette_gazetteer.xml#suzpl0225", "", "Ghadamès", "Ghadamès"
"ch067", "géographie", "https://raw.githubusercontent.com/BucknellDSC/suzette/refs/heads/master/suzette_gazetteer.xml#suzpl0225", "", "Ghadamès", "Ghadamès"
"ch067", "géographie", "https://raw.githubusercontent.com/BucknellDSC/suzette/refs/heads/master/suzette_gazetteer.xml#suzpl0506", "", "Gondokoro", "Gondokoro"
"ch067", "géographie", "https://raw.githubusercontent.com/BucknellDSC/suzette/refs/heads/master/suzette_gazetteer.xml#suzpl0506", "", "Gondokoro", "Gondokoro"
"ch067", "géographie", "https://raw.githubusercontent.com/BucknellDSC/suzette/refs/heads/master/suzette_gazetteer.xml#suzpl0506", "", "Gondokoro", "Gondokoro"
"ch067", "géographie", "https://raw.githubusercontent.com/BucknellDSC/suzette/refs/heads/master/suzette_gazetteer.xml#suzpl0159", "", "Sahara", "Grand Désert"
"ch067", "géographie", "https://raw.githubusercontent.com/BucknellDSC/suzette/refs/heads/master/suzette_gazetteer.xml#suzpl0224", "", "Insalah", "Insalah"
"ch067", "géographie", "https://raw.githubusercontent.com/BucknellDSC/suzette/refs/heads/master/suzette_gazetteer.xml#suzpl0816", "", "Khartoum", "Khartoum"
"ch067", "géographie", "https://raw.githubusercontent.com/BucknellDSC/suzette/refs/heads/master/suzette_gazetteer.xml#suzpl0691", "", "Kita", "Kita"
"ch067", "géographie", "https://raw.githubusercontent.com/BucknellDSC/suzette/refs/heads/master/suzette_gazetteer.xml#suzpl0524", "", "Kordofan", "Kordofan"
"ch067", "géographie", "https://raw.githubusercontent.com/BucknellDSC/suzette/refs/heads/master/suzette_gazetteer.xml#suzpl0040", "", "Maroc", "Maroc"
"ch067", "géographie", "https://raw.githubusercontent.com/BucknellDSC/suzette/refs/heads/master/suzette_gazetteer.xml#suzpl0223", "", "Mourzouk", "Mourzouk"
"ch067", "géographie", "https://raw.githubusercontent.com/BucknellDSC/suzette/refs/heads/master/suzette_gazetteer.xml#suzpl0223", "", "Mourzouk", "Mourzouk"
"ch067", "géographie", "https://raw.githubusercontent.com/BucknellDSC/suzette/refs/heads/master/suzette_gazetteer.xml#suzpl0230", "", "Médine", "Médine"
"ch067", "géographie", "https://raw.githubusercontent.com/BucknellDSC/suzette/refs/heads/master/suzette_gazetteer.xml#suzpl0230", "", "Médine", "Médine"
"ch067", "géographie", "https://raw.githubusercontent.com/BucknellDSC/suzette/refs/heads/master/suzette_gazetteer.xml#suzpl0695", "", "Niger", "Niger"
"ch067", "géographie", "https://raw.githubusercontent.com/BucknellDSC/suzette/refs/heads/master/suzette_gazetteer.xml#suzpl0695", "", "Niger", "Niger"
"ch067", "géographie", "https://raw.githubusercontent.com/BucknellDSC/suzette/refs/heads/master/suzette_gazetteer.xml#suzpl0695", "", "Niger", "Niger"
"ch067", "géographie", "https://raw.githubusercontent.com/BucknellDSC/suzette/refs/heads/master/suzette_gazetteer.xml#suzpl0689", "", "Niger supérieur", "Niger supérieur"
"ch067", "géographie", "https://raw.githubusercontent.com/BucknellDSC/suzette/refs/heads/master/suzette_gazetteer.xml#suzpl0314", "", "Nil", "Nil"
"ch067", "géographie", "https://raw.githubusercontent.com/BucknellDSC/suzette/refs/heads/master/suzette_gazetteer.xml#suzpl0586", "", "Nubie", "Nubie"
"ch067", "géographie", "https://raw.githubusercontent.com/BucknellDSC/suzette/refs/heads/master/suzette_gazetteer.xml#suzpl0586", "", "Nubie", "Nubie"
"ch067", "géographie", "https://raw.githubusercontent.com/BucknellDSC/suzette/refs/heads/master/suzette_gazetteer.xml#suzpl0586", "", "Nubie", "Nubie"
"ch067", "géographie", "https://raw.githubusercontent.com/BucknellDSC/suzette/refs/heads/master/suzette_gazetteer.xml#suzpl0954", "", "Nyassa", "Nyassa"
"ch067", "géographie", "https://raw.githubusercontent.com/BucknellDSC/suzette/refs/heads/master/suzette_gazetteer.xml#suzpl0696", "", "Ouadai", "Ouadai"
"ch067", "géographie", "https://raw.githubusercontent.com/BucknellDSC/suzette/refs/heads/master/suzette_gazetteer.xml#suzpl0222", "", "Ouargla", "Ouargla"
"ch067", "géographie", "https://raw.githubusercontent.com/BucknellDSC/suzette/refs/heads/master/suzette_gazetteer.xml#suzpl0719", "", "Oudjiji", "Oudjiji"
"ch067", "géographie", "https://raw.githubusercontent.com/BucknellDSC/suzette/refs/heads/master/suzette_gazetteer.xml#suzpl0719", "", "Oudjiji", "Oudjiji"
"ch067", "géographie", "https://raw.githubusercontent.com/BucknellDSC/suzette/refs/heads/master/suzette_gazetteer.xml#suzpl0592", "", "Ounyoro", "Ounyoro"
"ch067", "géographie", "https://raw.githubusercontent.com/BucknellDSC/suzette/refs/heads/master/suzette_gazetteer.xml#suzpl0159", "", "Sahara", "Sahara"
"ch067", "géographie", "https://raw.githubusercontent.com/BucknellDSC/suzette/refs/heads/master/suzette_gazetteer.xml#suzpl0697", "", "Saint-Louis", "Saint-Louis"
"ch067", "géographie", "https://raw.githubusercontent.com/BucknellDSC/suzette/refs/heads/master/suzette_gazetteer.xml#suzpl0637", "", "Sennaar", "Sennaar"
"ch067", "géographie", "https://raw.githubusercontent.com/BucknellDSC/suzette/refs/heads/master/suzette_gazetteer.xml#suzpl0637", "", "Sennaar", "Sennaar"
"ch067", "géographie", "https://raw.githubusercontent.com/BucknellDSC/suzette/refs/heads/master/suzette_gazetteer.xml#suzpl0641", "", "Souakim", "Souakim"
"ch067", "géographie", "https://raw.githubusercontent.com/BucknellDSC/suzette/refs/heads/master/suzette_gazetteer.xml#suzpl0231", "", "Ségou", "Ségou"
"ch067", "géographie", "https://raw.githubusercontent.com/BucknellDSC/suzette/refs/heads/master/suzette_gazetteer.xml#suzpl0226", "", "Sénégambie", "Sénégambie"
"ch067", "géographie", "https://raw.githubusercontent.com/BucknellDSC/suzette/refs/heads/master/suzette_gazetteer.xml#suzpl0290", "", "Lac Tanganyika", "Tanganyika"
"ch067", "géographie", "https://raw.githubusercontent.com/BucknellDSC/suzette/refs/heads/master/suzette_gazetteer.xml#suzpl0290", "", "Lac Tanganyika", "Tanganyika"
"ch067", "géographie", "https://raw.githubusercontent.com/BucknellDSC/suzette/refs/heads/master/suzette_gazetteer.xml#suzpl0130", "", "Tombouctou", "Tombouctou"
"ch067", "géographie", "https://raw.githubusercontent.com/BucknellDSC/suzette/refs/heads/master/suzette_gazetteer.xml#suzpl0130", "", "Tombouctou", "Tombouctou"
"ch067", "géographie", "https://raw.githubusercontent.com/BucknellDSC/suzette/refs/heads/master/suzette_gazetteer.xml#suzpl0130", "", "Tombouctou", "Tombouctou"
"ch067", "géographie", "https://raw.githubusercontent.com/BucknellDSC/suzette/refs/heads/master/suzette_gazetteer.xml#suzpl0235", "", "Tripoli", "Tripoli"
"ch067", "géographie", "https://raw.githubusercontent.com/BucknellDSC/suzette/refs/heads/master/suzette_gazetteer.xml#suzpl0235", "", "Tripoli", "Tripoli"
"ch067", "géographie", "https://raw.githubusercontent.com/BucknellDSC/suzette/refs/heads/master/suzette_gazetteer.xml#suzpl0698", "", "Tété", "Tété"
"ch067", "géographie", "https://raw.githubusercontent.com/BucknellDSC/suzette/refs/heads/master/suzette_gazetteer.xml#suzpl0286", "", "lac Victoria", "Victoria"
"ch067", "géographie", "https://raw.githubusercontent.com/BucknellDSC/suzette/refs/heads/master/suzette_gazetteer.xml#suzpl0245", "", "Zambèze", "Zambèze"
"ch067", "géographie", "https://raw.githubusercontent.com/BucknellDSC/suzette/refs/heads/master/suzette_gazetteer.xml#suzpl0221", "", "Zanzibar", "Zanzibar"
"ch067", "géographie", "https://raw.githubusercontent.com/BucknellDSC/suzette/refs/heads/master/suzette_gazetteer.xml#suzpl0221", "", "Zanzibar", "Zanzibar"
"ch067", "géographie", "https://raw.githubusercontent.com/BucknellDSC/suzette/refs/heads/master/suzette_gazetteer.xml#suzpl0221", "", "Zanzibar", "Zanzibar"
"ch067", "géographie", "https://raw.githubusercontent.com/BucknellDSC/suzette/refs/heads/master/suzette_gazetteer.xml#suzpl0221", "", "Zanzibar", "Zanzibar"
"ch067", "géographie", "https://raw.githubusercontent.com/BucknellDSC/suzette/refs/heads/master/suzette_gazetteer.xml#suzpl0460", "", "colonie de Natal", "colonie de Natal"
"ch067", "géographie", "https://raw.githubusercontent.com/BucknellDSC/suzette/refs/heads/master/suzette_gazetteer.xml#suzpl0811", "", "Grands Lacs (d'Afrique)", "grands lacs"
"ch067", "géographie", "https://raw.githubusercontent.com/BucknellDSC/suzette/refs/heads/master/suzette_gazetteer.xml#suzpl0293", "", "Lac Mouéro", "lac Mouéro"
"ch067", "géographie", "https://raw.githubusercontent.com/BucknellDSC/suzette/refs/heads/master/suzette_gazetteer.xml#suzpl0699", "", "Lac Ngami", "lac Ngami"
"ch067", "géographie", "https://raw.githubusercontent.com/BucknellDSC/suzette/refs/heads/master/suzette_gazetteer.xml#suzpl0290", "", "Lac Tanganyika", "lac Tanganyika"
"ch067", "géographie", "https://raw.githubusercontent.com/BucknellDSC/suzette/refs/heads/master/suzette_gazetteer.xml#suzpl0237", "", "Lac Tchad", "lac Tchad"
"ch067", "géographie", "https://raw.githubusercontent.com/BucknellDSC/suzette/refs/heads/master/suzette_gazetteer.xml#suzpl0237", "", "Lac Tchad", "lac Tchad"
"ch067", "géographie", "https://raw.githubusercontent.com/BucknellDSC/suzette/refs/heads/master/suzette_gazetteer.xml#suzpl0286", "", "lac Victoria", "lac Victoria"
"ch067", "géographie", "https://raw.githubusercontent.com/BucknellDSC/suzette/refs/heads/master/suzette_gazetteer.xml#suzpl0290", "", "Lac Tanganyika", "lac Tanganyika"
"ch067", "géographie", "https://raw.githubusercontent.com/BucknellDSC/suzette/refs/heads/master/suzette_gazetteer.xml#suzpl0956", "", "Corne de l'Afrique", "pays des Gallas"
"ch067", "géographie", "https://raw.githubusercontent.com/BucknellDSC/suzette/refs/heads/master/suzette_gazetteer.xml#suzpl0955", "", "Afrique Centrale", "pays des Nyams-Nyams"
"ch067", "géographie", "https://raw.githubusercontent.com/BucknellDSC/suzette/refs/heads/master/suzette_gazetteer.xml#suzpl0023", "", "Égypte", "Égypte"
"ch067", "géographie", "https://raw.githubusercontent.com/BucknellDSC/suzette/refs/heads/master/suzette_gazetteer.xml#suzpl0023", "", "Égypte", "Égypte""Chapter", "Section", "Ref", "SameAs", "Key", "Place"
"ch068", "récit", "https://raw.githubusercontent.com/BucknellDSC/suzette/refs/heads/master/suzette_gazetteer.xml#suzpl0001", "", "Afrique", "Afrique"
"ch068", "récit", "https://raw.githubusercontent.com/BucknellDSC/suzette/refs/heads/master/suzette_gazetteer.xml#suzpl0001", "", "Afrique", "Afrique"
"ch068", "récit", "https://raw.githubusercontent.com/BucknellDSC/suzette/refs/heads/master/suzette_gazetteer.xml#suzpl0001", "", "Afrique", "Afrique"
"ch068", "récit", "https://raw.githubusercontent.com/BucknellDSC/suzette/refs/heads/master/suzette_gazetteer.xml#suzpl0248", "", "Anvers", "Anvers"
"ch068", "récit", "https://raw.githubusercontent.com/BucknellDSC/suzette/refs/heads/master/suzette_gazetteer.xml#suzpl0247", "", "Escaut", "Escaut"
"ch068", "récit", "https://raw.githubusercontent.com/BucknellDSC/suzette/refs/heads/master/suzette_gazetteer.xml#suzpl0044", "", "Paris", "Paris"
"ch068", "récit", "https://raw.githubusercontent.com/BucknellDSC/suzette/refs/heads/master/suzette_gazetteer.xml#suzpl0113", "", "Saint-Denis", "Saint-Denis"
"ch068", "récit", "https://raw.githubusercontent.com/BucknellDSC/suzette/refs/heads/master/suzette_gazetteer.xml#suzpl0702", "", "Seine-et-Oise", "Seine-et-Oise"
"ch068", "récit", "https://raw.githubusercontent.com/BucknellDSC/suzette/refs/heads/master/suzette_gazetteer.xml#suzpl0700", "", "Villepreux", "Villepreux"
"ch068", "récit", "https://raw.githubusercontent.com/BucknellDSC/suzette/refs/heads/master/suzette_gazetteer.xml#suzpl0700", "", "Villepreux", "Villepreux"
"ch068", "récit", "https://raw.githubusercontent.com/BucknellDSC/suzette/refs/heads/master/suzette_gazetteer.xml#suzpl0700", "", "Villepreux", "Villepreux"
"ch068", "questionnaire", "https://raw.githubusercontent.com/BucknellDSC/suzette/refs/heads/master/suzette_gazetteer.xml#suzpl0700", "", "Villepreux", "Villepreux"
"ch068", "instruction_civique", "https://raw.githubusercontent.com/BucknellDSC/suzette/refs/heads/master/suzette_gazetteer.xml#suzpl0702", "", "Seine-et-Oise", "Seine-et-Oise"
"ch068", "instruction_civique", "https://raw.githubusercontent.com/BucknellDSC/suzette/refs/heads/master/suzette_gazetteer.xml#suzpl0700", "", "Villepreux", "Villepreux"
"ch068", "instruction_civique", "https://raw.githubusercontent.com/BucknellDSC/suzette/refs/heads/master/suzette_gazetteer.xml#suzpl0700", "", "Villepreux", "Villepreux""Chapter", "Section", "Ref", "SameAs", "Key", "Place"
"ch069", "récit", "https://raw.githubusercontent.com/BucknellDSC/suzette/refs/heads/master/suzette_gazetteer.xml#suzpl0144", "", "Le Catalet", "Catelet"
"ch069", "morale", "https://raw.githubusercontent.com/BucknellDSC/suzette/refs/heads/master/suzette_gazetteer.xml#suzpl0248", "", "Anvers", "Anvers"
"ch069", "composition", "", "", "", "Fragicourt"
"ch069", "composition", "", "", "", "Fragicourt"
"ch069", "composition", "https://raw.githubusercontent.com/BucknellDSC/suzette/refs/heads/master/suzette_gazetteer.xml#suzpl0044", "", "Paris", "Paris""Chapter", "Section", "Ref", "SameAs", "Key", "Place"
"ch070", "récit", "https://raw.githubusercontent.com/BucknellDSC/suzette/refs/heads/master/suzette_gazetteer.xml#suzpl0144", "", "Le Catelet", "Catelet"
"ch070", "récit", "", "", "", "Fragicourt"
"ch070", "questionnaire", "https://raw.githubusercontent.com/BucknellDSC/suzette/refs/heads/master/suzette_gazetteer.xml#suzpl0144", "", "Le Catelet", "le Câtalet""Chapter", "Section", "Ref", "SameAs", "Key", "Place"
"ch071", "récit", "https://raw.githubusercontent.com/BucknellDSC/suzette/refs/heads/master/suzette_gazetteer.xml#suzpl0001", "", "Afrique", "Afrique"
"ch071", "récit", "https://raw.githubusercontent.com/BucknellDSC/suzette/refs/heads/master/suzette_gazetteer.xml#suzpl0924", "", "Bois-Maillard", "Bois-Maillard"
"ch071", "récit", "https://raw.githubusercontent.com/BucknellDSC/suzette/refs/heads/master/suzette_gazetteer.xml#suzpl0144", "", "Le Catelet", "Catelet"
"ch071", "questionnaire", "https://raw.githubusercontent.com/BucknellDSC/suzette/refs/heads/master/suzette_gazetteer.xml#suzpl0924", "", "Bois-Maillard", "Bois-Maillard"
"ch071", "questionnaire", "https://raw.githubusercontent.com/BucknellDSC/suzette/refs/heads/master/suzette_gazetteer.xml#suzpl0144", "", "Le Catelet", "Catelet"
"ch071", "composition", "https://raw.githubusercontent.com/BucknellDSC/suzette/refs/heads/master/suzette_gazetteer.xml#suzpl0001", "", "Afrique", "Afrique""Chapter", "Section", "Ref", "SameAs", "Key", "Place"
"ch072", "récit", "https://raw.githubusercontent.com/BucknellDSC/suzette/refs/heads/master/suzette_gazetteer.xml#suzpl0001", "", "Afrique", "Afrique"
"ch072", "récit", "https://raw.githubusercontent.com/BucknellDSC/suzette/refs/heads/master/suzette_gazetteer.xml#suzpl0144", "", "Le Catelet", "Catelet"
"ch072", "récit", "https://raw.githubusercontent.com/BucknellDSC/suzette/refs/heads/master/suzette_gazetteer.xml#suzpl0151", "", "Flandres", "Flandre"
"ch072", "récit", "", "", "", "Fragicourt"
"ch072", "récit", "https://raw.githubusercontent.com/BucknellDSC/suzette/refs/heads/master/suzette_gazetteer.xml#suzpl0016", "", "France", "France"
"ch072", "récit", "https://raw.githubusercontent.com/BucknellDSC/suzette/refs/heads/master/suzette_gazetteer.xml#suzpl0016", "", "France", "France"
"ch072", "récit", "https://raw.githubusercontent.com/BucknellDSC/suzette/refs/heads/master/suzette_gazetteer.xml#suzpl0044", "", "Paris", "Paris"
"ch072", "récit", "https://raw.githubusercontent.com/BucknellDSC/suzette/refs/heads/master/suzette_gazetteer.xml#suzpl0044", "", "Paris", "Paris"
"ch072", "récit", "https://raw.githubusercontent.com/BucknellDSC/suzette/refs/heads/master/suzette_gazetteer.xml#suzpl0252", "", "château de Coucy", "château de Coucy"
"ch072", "questionnaire", "https://raw.githubusercontent.com/BucknellDSC/suzette/refs/heads/master/suzette_gazetteer.xml#suzpl0144", "", "Le Catelet", "Catelet"
"ch072", "histoire", "https://raw.githubusercontent.com/BucknellDSC/suzette/refs/heads/master/suzette_gazetteer.xml#suzpl0011", "", "Allemagne", "Allemagne"
"ch072", "histoire", "https://raw.githubusercontent.com/BucknellDSC/suzette/refs/heads/master/suzette_gazetteer.xml#suzpl0256", "", "Autriche", "Autriche"
"ch072", "histoire", "https://raw.githubusercontent.com/BucknellDSC/suzette/refs/heads/master/suzette_gazetteer.xml#suzpl0014", "", "Espagne", "Espagne"
"ch072", "histoire", "https://raw.githubusercontent.com/BucknellDSC/suzette/refs/heads/master/suzette_gazetteer.xml#suzpl0014", "", "Espagne", "Espagne"
"ch072", "histoire", "https://raw.githubusercontent.com/BucknellDSC/suzette/refs/heads/master/suzette_gazetteer.xml#suzpl0016", "", "France", "France"
"ch072", "histoire", "https://raw.githubusercontent.com/BucknellDSC/suzette/refs/heads/master/suzette_gazetteer.xml#suzpl0016", "", "France", "France"
"ch072", "histoire", "https://raw.githubusercontent.com/BucknellDSC/suzette/refs/heads/master/suzette_gazetteer.xml#suzpl0016", "", "France", "France"
"ch072", "histoire", "https://raw.githubusercontent.com/BucknellDSC/suzette/refs/heads/master/suzette_gazetteer.xml#suzpl0016", "", "France", "France"
"ch072", "histoire", "https://raw.githubusercontent.com/BucknellDSC/suzette/refs/heads/master/suzette_gazetteer.xml#suzpl0253", "", "Pays-Bas", "Pays-Bas"
"ch072", "histoire", "https://raw.githubusercontent.com/BucknellDSC/suzette/refs/heads/master/suzette_gazetteer.xml#suzpl0253", "", "Pays-Bas", "Pays-Bas"
"ch072", "histoire", "https://raw.githubusercontent.com/BucknellDSC/suzette/refs/heads/master/suzette_gazetteer.xml#suzpl0253", "", "Pays-Bas", "Pays-Bas"
"ch072", "histoire", "https://raw.githubusercontent.com/BucknellDSC/suzette/refs/heads/master/suzette_gazetteer.xml#suzpl0252", "", "château de Coucy", "château de Coucy"
"ch072", "histoire", "https://raw.githubusercontent.com/BucknellDSC/suzette/refs/heads/master/suzette_gazetteer.xml#suzpl0930", "", "château de Vincennes", "château de Vincennes"
"ch072", "géographie", "https://raw.githubusercontent.com/BucknellDSC/suzette/refs/heads/master/suzette_gazetteer.xml#suzpl0261", "", "Ain", "Ain"
"ch072", "géographie", "https://raw.githubusercontent.com/BucknellDSC/suzette/refs/heads/master/suzette_gazetteer.xml#suzpl0265", "", "Alpes-Maritimes", "Alpes-Maritimes"
"ch072", "géographie", "https://raw.githubusercontent.com/BucknellDSC/suzette/refs/heads/master/suzette_gazetteer.xml#suzpl0257", "", "Alsace-Lorraine", "Alsace-Lorraine"
"ch072", "géographie", "https://raw.githubusercontent.com/BucknellDSC/suzette/refs/heads/master/suzette_gazetteer.xml#suzpl0167", "", "Ardennes", "Ardennes"
"ch072", "géographie", "https://raw.githubusercontent.com/BucknellDSC/suzette/refs/heads/master/suzette_gazetteer.xml#suzpl0267", "", "Ariège", "Ariège"
"ch072", "géographie", "https://raw.githubusercontent.com/BucknellDSC/suzette/refs/heads/master/suzette_gazetteer.xml#suzpl0274", "", "Avesnes", "Avesnes"
"ch072", "géographie", "https://raw.githubusercontent.com/BucknellDSC/suzette/refs/heads/master/suzette_gazetteer.xml#suzpl0264", "", "Basses-Alpes", "Basses-Alpes"
"ch072", "géographie", "https://raw.githubusercontent.com/BucknellDSC/suzette/refs/heads/master/suzette_gazetteer.xml#suzpl0165", "", "Basses-Pyrénées", "Basses-Pyrénées"
"ch072", "géographie", "https://raw.githubusercontent.com/BucknellDSC/suzette/refs/heads/master/suzette_gazetteer.xml#suzpl0120", "", "Bayonne", "Bayonne"
"ch072", "géographie", "https://raw.githubusercontent.com/BucknellDSC/suzette/refs/heads/master/suzette_gazetteer.xml#suzpl0283", "", "Belfort", "Belfort"
"ch072", "géographie", "https://raw.githubusercontent.com/BucknellDSC/suzette/refs/heads/master/suzette_gazetteer.xml#suzpl0125", "", "Besançon", "Besançon"
"ch072", "géographie", "https://raw.githubusercontent.com/BucknellDSC/suzette/refs/heads/master/suzette_gazetteer.xml#suzpl0271", "", "Bouchain", "Bouchain"
"ch072", "géographie", "https://raw.githubusercontent.com/BucknellDSC/suzette/refs/heads/master/suzette_gazetteer.xml#suzpl0284", "", "Briançon", "Briançon"
"ch072", "géographie", "https://raw.githubusercontent.com/BucknellDSC/suzette/refs/heads/master/suzette_gazetteer.xml#suzpl0091", "", "Cambrai", "Cambrai"
"ch072", "géographie", "https://raw.githubusercontent.com/BucknellDSC/suzette/refs/heads/master/suzette_gazetteer.xml#suzpl0270", "", "Douai", "Douai"
"ch072", "géographie", "https://raw.githubusercontent.com/BucknellDSC/suzette/refs/heads/master/suzette_gazetteer.xml#suzpl0203", "", "Doubs", "Doubs"
"ch072", "géographie", "https://raw.githubusercontent.com/BucknellDSC/suzette/refs/heads/master/suzette_gazetteer.xml#suzpl0285", "", "Embrun", "Embrun"
"ch072", "géographie", "https://raw.githubusercontent.com/BucknellDSC/suzette/refs/heads/master/suzette_gazetteer.xml#suzpl0014", "", "Espagne", "Espagne"
"ch072", "géographie", "https://raw.githubusercontent.com/BucknellDSC/suzette/refs/heads/master/suzette_gazetteer.xml#suzpl0276", "", "Givet", "Givet"
"ch072", "géographie", "https://raw.githubusercontent.com/BucknellDSC/suzette/refs/heads/master/suzette_gazetteer.xml#suzpl0163", "", "Haute-Garonne", "Haute-Garonne"
"ch072", "géographie", "https://raw.githubusercontent.com/BucknellDSC/suzette/refs/heads/master/suzette_gazetteer.xml#suzpl0219", "", "Haute-Savoie", "Haute-Savoie"
"ch072", "géographie", "https://raw.githubusercontent.com/BucknellDSC/suzette/refs/heads/master/suzette_gazetteer.xml#suzpl0708", "", "Hautes-Alpes", "Hautes-Alpes"
"ch072", "géographie", "https://raw.githubusercontent.com/BucknellDSC/suzette/refs/heads/master/suzette_gazetteer.xml#suzpl0268", "", "Hautes-Pyrénées", "Hautes-Pyrénées"
"ch072", "géographie", "https://raw.githubusercontent.com/BucknellDSC/suzette/refs/heads/master/suzette_gazetteer.xml#suzpl0206", "", "Jura", "Jura"
"ch072", "géographie", "https://raw.githubusercontent.com/BucknellDSC/suzette/refs/heads/master/suzette_gazetteer.xml#suzpl0540", "", "Le Quesnoy", "Le Quesnoy"
"ch072", "géographie", "https://raw.githubusercontent.com/BucknellDSC/suzette/refs/heads/master/suzette_gazetteer.xml#suzpl0269", "", "Lille", "Lille"
"ch072", "géographie", "https://raw.githubusercontent.com/BucknellDSC/suzette/refs/heads/master/suzette_gazetteer.xml#suzpl0716", "", "Longwy", "Longwy"
"ch072", "géographie", "https://raw.githubusercontent.com/BucknellDSC/suzette/refs/heads/master/suzette_gazetteer.xml#suzpl0287", "", "Lourdes", "Lourdes"
"ch072", "géographie", "https://raw.githubusercontent.com/BucknellDSC/suzette/refs/heads/master/suzette_gazetteer.xml#suzpl0714", "", "Maubeuge", "Maubeuge"
"ch072", "géographie", "https://raw.githubusercontent.com/BucknellDSC/suzette/refs/heads/master/suzette_gazetteer.xml#suzpl0259", "", "Meurthe-et-Moselle", "Meurthe-et-Moselle"
"ch072", "géographie", "https://raw.githubusercontent.com/BucknellDSC/suzette/refs/heads/master/suzette_gazetteer.xml#suzpl0258", "", "Meuse", "Meuse"
"ch072", "géographie", "https://raw.githubusercontent.com/BucknellDSC/suzette/refs/heads/master/suzette_gazetteer.xml#suzpl0278", "", "Montmédy", "Montmédy"
"ch072", "géographie", "https://raw.githubusercontent.com/BucknellDSC/suzette/refs/heads/master/suzette_gazetteer.xml#suzpl0215", "", "Méditerranée", "Méditerranée"
"ch072", "géographie", "https://raw.githubusercontent.com/BucknellDSC/suzette/refs/heads/master/suzette_gazetteer.xml#suzpl0277", "", "Mézières", "Mézières"
"ch072", "géographie", "https://raw.githubusercontent.com/BucknellDSC/suzette/refs/heads/master/suzette_gazetteer.xml#suzpl0282", "", "Nancy", "Nancy"
"ch072", "géographie", "https://raw.githubusercontent.com/BucknellDSC/suzette/refs/heads/master/suzette_gazetteer.xml#suzpl0169", "", "Nord", "Nord"
"ch072", "géographie", "https://raw.githubusercontent.com/BucknellDSC/suzette/refs/heads/master/suzette_gazetteer.xml#suzpl0718", "", "Perpignan", "Perpignan"
"ch072", "géographie", "https://raw.githubusercontent.com/BucknellDSC/suzette/refs/heads/master/suzette_gazetteer.xml#suzpl0710", "", "Pyrénées-Orientales", "Pyrénées-Orientales"
"ch072", "géographie", "https://raw.githubusercontent.com/BucknellDSC/suzette/refs/heads/master/suzette_gazetteer.xml#suzpl0275", "", "Rocroi", "Rocroi"
"ch072", "géographie", "https://raw.githubusercontent.com/BucknellDSC/suzette/refs/heads/master/suzette_gazetteer.xml#suzpl0262", "", "Savoie", "Savoie"
"ch072", "géographie", "https://raw.githubusercontent.com/BucknellDSC/suzette/refs/heads/master/suzette_gazetteer.xml#suzpl0053", "", "Sedan", "Sedan"
"ch072", "géographie", "https://raw.githubusercontent.com/BucknellDSC/suzette/refs/heads/master/suzette_gazetteer.xml#suzpl0281", "", "Toul", "Toul"
"ch072", "géographie", "https://raw.githubusercontent.com/BucknellDSC/suzette/refs/heads/master/suzette_gazetteer.xml#suzpl0119", "", "Valenciennes", "Valenciennes"
"ch072", "géographie", "https://raw.githubusercontent.com/BucknellDSC/suzette/refs/heads/master/suzette_gazetteer.xml#suzpl0715", "", "Verdun", "Verdun"
"ch072", "géographie", "https://raw.githubusercontent.com/BucknellDSC/suzette/refs/heads/master/suzette_gazetteer.xml#suzpl0715", "", "Verdun", "Verdun"
"ch072", "géographie", "https://raw.githubusercontent.com/BucknellDSC/suzette/refs/heads/master/suzette_gazetteer.xml#suzpl0183", "", "Vosges", "Vosges"
"ch072", "géographie", "https://raw.githubusercontent.com/BucknellDSC/suzette/refs/heads/master/suzette_gazetteer.xml#suzpl0260", "", "Territoire de Belfort", "territoire de Belfort"
"ch072", "géographie", "https://raw.githubusercontent.com/BucknellDSC/suzette/refs/heads/master/suzette_gazetteer.xml#suzpl0075", "", "Épinal", "Épinal""Chapter", "Section", "Ref", "SameAs", "Key", "Place"
"ch073", "récit", "https://raw.githubusercontent.com/BucknellDSC/suzette/refs/heads/master/suzette_gazetteer.xml#suzpl0009", "", "États-Unis", "Amérique"
"ch073", "récit", "https://raw.githubusercontent.com/BucknellDSC/suzette/refs/heads/master/suzette_gazetteer.xml#suzpl0413", "", "Boston", "Boston"
"ch073", "récit", "https://raw.githubusercontent.com/BucknellDSC/suzette/refs/heads/master/suzette_gazetteer.xml#suzpl0016", "", "France", "France"
"ch073", "questionnaire", "https://raw.githubusercontent.com/BucknellDSC/suzette/refs/heads/master/suzette_gazetteer.xml#suzpl0413", "", "Boston", "Boston""Chapter", "Section", "Ref", "SameAs", "Key", "Place"
"ch074", "récit", "https://raw.githubusercontent.com/BucknellDSC/suzette/refs/heads/master/suzette_gazetteer.xml#suzpl0044", "", "Paris", "Paris"
"ch074", "récit", "https://raw.githubusercontent.com/BucknellDSC/suzette/refs/heads/master/suzette_gazetteer.xml#suzpl0044", "", "Paris", "Paris"
"ch074", "récit", "https://raw.githubusercontent.com/BucknellDSC/suzette/refs/heads/master/suzette_gazetteer.xml#suzpl0044", "", "Paris", "Paris"
"ch074", "récit", "https://raw.githubusercontent.com/BucknellDSC/suzette/refs/heads/master/suzette_gazetteer.xml#suzpl0044", "", "Paris", "Paris"
"ch074", "récit", "https://raw.githubusercontent.com/BucknellDSC/suzette/refs/heads/master/suzette_gazetteer.xml#suzpl0044", "", "Paris", "Paris"
"ch074", "récit", "https://raw.githubusercontent.com/BucknellDSC/suzette/refs/heads/master/suzette_gazetteer.xml#suzpl0817", "", "école Turgot", "École Turgot"
"ch074", "récit", "https://raw.githubusercontent.com/BucknellDSC/suzette/refs/heads/master/suzette_gazetteer.xml#suzpl0817", "", "école Turgot", "école Turgot"
"ch074", "questionnaire", "https://raw.githubusercontent.com/BucknellDSC/suzette/refs/heads/master/suzette_gazetteer.xml#suzpl0011", "", "Allemagne", "Allemagne"
"ch074", "questionnaire", "https://raw.githubusercontent.com/BucknellDSC/suzette/refs/heads/master/suzette_gazetteer.xml#suzpl0011", "", "Allemagne", "Allemagne"
"ch074", "questionnaire", "https://raw.githubusercontent.com/BucknellDSC/suzette/refs/heads/master/suzette_gazetteer.xml#suzpl0016", "", "France", "France"
"ch074", "questionnaire", "https://raw.githubusercontent.com/BucknellDSC/suzette/refs/heads/master/suzette_gazetteer.xml#suzpl0016", "", "France", "France"
"ch074", "questionnaire", "https://raw.githubusercontent.com/BucknellDSC/suzette/refs/heads/master/suzette_gazetteer.xml#suzpl0544", "", "Limoges", "Limoges"
"ch074", "questionnaire", "https://raw.githubusercontent.com/BucknellDSC/suzette/refs/heads/master/suzette_gazetteer.xml#suzpl0545", "", "Limousin", "Limousin"
"ch074", "questionnaire", "https://raw.githubusercontent.com/BucknellDSC/suzette/refs/heads/master/suzette_gazetteer.xml#suzpl0545", "", "Limousin", "Limousin"
"ch074", "questionnaire", "https://raw.githubusercontent.com/BucknellDSC/suzette/refs/heads/master/suzette_gazetteer.xml#suzpl0720", "", "Normandie", "Normandie"
"ch074", "questionnaire", "https://raw.githubusercontent.com/BucknellDSC/suzette/refs/heads/master/suzette_gazetteer.xml#suzpl0720", "", "Normandie", "Normandie""Chapter", "Section", "Ref", "SameAs", "Key", "Place"
"ch075", "récit", "https://raw.githubusercontent.com/BucknellDSC/suzette/refs/heads/master/suzette_gazetteer.xml#suzpl0044", "", "Paris", "Paris"
"ch075", "récit", "https://raw.githubusercontent.com/BucknellDSC/suzette/refs/heads/master/suzette_gazetteer.xml#suzpl0044", "", "Paris", "Paris"
"ch075", "récit", "https://raw.githubusercontent.com/BucknellDSC/suzette/refs/heads/master/suzette_gazetteer.xml#suzpl0044", "", "Paris", "Paris"
"ch075", "questionnaire", "https://raw.githubusercontent.com/BucknellDSC/suzette/refs/heads/master/suzette_gazetteer.xml#suzpl0044", "", "Paris", "Paris"
"ch075", "composition", "https://raw.githubusercontent.com/BucknellDSC/suzette/refs/heads/master/suzette_gazetteer.xml#suzpl0044", "", "Paris", "Paris"
"ch075", "géographie", "https://raw.githubusercontent.com/BucknellDSC/suzette/refs/heads/master/suzette_gazetteer.xml#suzpl0195", "", "Aisne", "Aisne"
"ch075", "géographie", "https://raw.githubusercontent.com/BucknellDSC/suzette/refs/heads/master/suzette_gazetteer.xml#suzpl0071", "", "Chantilly", "Chantilly"
"ch075", "géographie", "https://raw.githubusercontent.com/BucknellDSC/suzette/refs/heads/master/suzette_gazetteer.xml#suzpl0071", "", "Chantilly", "Chantilly"
"ch075", "géographie", "https://raw.githubusercontent.com/BucknellDSC/suzette/refs/heads/master/suzette_gazetteer.xml#suzpl0448", "", "Chauny", "Chauny"
"ch075", "géographie", "https://raw.githubusercontent.com/BucknellDSC/suzette/refs/heads/master/suzette_gazetteer.xml#suzpl0249", "", "Compiègne", "Compiègne"
"ch075", "géographie", "https://raw.githubusercontent.com/BucknellDSC/suzette/refs/heads/master/suzette_gazetteer.xml#suzpl0249", "", "Compiègne", "Compiègne"
"ch075", "géographie", "https://raw.githubusercontent.com/BucknellDSC/suzette/refs/heads/master/suzette_gazetteer.xml#suzpl0474", "", "Creil", "Creil"
"ch075", "géographie", "https://raw.githubusercontent.com/BucknellDSC/suzette/refs/heads/master/suzette_gazetteer.xml#suzpl0474", "", "Creil", "Creil"
"ch075", "géographie", "https://raw.githubusercontent.com/BucknellDSC/suzette/refs/heads/master/suzette_gazetteer.xml#suzpl0818", "", "Louvres", "Louvres"
"ch075", "géographie", "https://raw.githubusercontent.com/BucknellDSC/suzette/refs/heads/master/suzette_gazetteer.xml#suzpl0819", "", "Nonette", "Nonette"
"ch075", "géographie", "https://raw.githubusercontent.com/BucknellDSC/suzette/refs/heads/master/suzette_gazetteer.xml#suzpl0114", "", "Noyon", "Noyon"
"ch075", "géographie", "https://raw.githubusercontent.com/BucknellDSC/suzette/refs/heads/master/suzette_gazetteer.xml#suzpl0177", "", "Oise", "Oise"
"ch075", "géographie", "https://raw.githubusercontent.com/BucknellDSC/suzette/refs/heads/master/suzette_gazetteer.xml#suzpl0044", "", "Paris", "Paris"
"ch075", "géographie", "https://raw.githubusercontent.com/BucknellDSC/suzette/refs/heads/master/suzette_gazetteer.xml#suzpl0044", "", "Paris", "Paris"
"ch075", "géographie", "https://raw.githubusercontent.com/BucknellDSC/suzette/refs/heads/master/suzette_gazetteer.xml#suzpl0603", "", "Pont-Sainte-Maxence", "Pont-Sainte-Maxence"
"ch075", "géographie", "https://raw.githubusercontent.com/BucknellDSC/suzette/refs/heads/master/suzette_gazetteer.xml#suzpl0113", "", "Saint-Denis", "Saint-Denis"
"ch075", "géographie", "https://raw.githubusercontent.com/BucknellDSC/suzette/refs/heads/master/suzette_gazetteer.xml#suzpl0112", "", "Saint-Quentin", "Saint-Quentin"
"ch075", "géographie", "https://raw.githubusercontent.com/BucknellDSC/suzette/refs/heads/master/suzette_gazetteer.xml#suzpl0112", "", "Saint-Quentin", "Saint-Quentin"
"ch075", "géographie", "https://raw.githubusercontent.com/BucknellDSC/suzette/refs/heads/master/suzette_gazetteer.xml#suzpl0649", "", "Tergnier", "Tergnier""Chapter", "Section", "Ref", "SameAs", "Key", "Place"
"ch076", "récit", "https://raw.githubusercontent.com/BucknellDSC/suzette/refs/heads/master/suzette_gazetteer.xml#suzpl0195", "", "Aisne", "Aisne"
"ch076", "récit", "https://raw.githubusercontent.com/BucknellDSC/suzette/refs/heads/master/suzette_gazetteer.xml#suzpl0011", "", "Allemagne", "Allemagne"
"ch076", "récit", "https://raw.githubusercontent.com/BucknellDSC/suzette/refs/heads/master/suzette_gazetteer.xml#suzpl0110", "", "Bruxelles", "Bruxelles"
"ch076", "récit", "https://raw.githubusercontent.com/BucknellDSC/suzette/refs/heads/master/suzette_gazetteer.xml#suzpl0444", "", "Charleroi", "Charleroi"
"ch076", "récit", "https://raw.githubusercontent.com/BucknellDSC/suzette/refs/heads/master/suzette_gazetteer.xml#suzpl0456", "", "Coblence", "Coblence"
"ch076", "récit", "https://raw.githubusercontent.com/BucknellDSC/suzette/refs/heads/master/suzette_gazetteer.xml#suzpl0459", "", "Cologne", "Cologne"
"ch076", "récit", "https://raw.githubusercontent.com/BucknellDSC/suzette/refs/heads/master/suzette_gazetteer.xml#suzpl0489", "", "Ems", "Ems"
"ch076", "récit", "https://raw.githubusercontent.com/BucknellDSC/suzette/refs/heads/master/suzette_gazetteer.xml#suzpl0501", "", "Francfort-sur-le-Mein", "Francfort-sur-le-Mein"
"ch076", "récit", "https://raw.githubusercontent.com/BucknellDSC/suzette/refs/heads/master/suzette_gazetteer.xml#suzpl0517", "", "Hambourg", "Hambourg"
"ch076", "récit", "https://raw.githubusercontent.com/BucknellDSC/suzette/refs/heads/master/suzette_gazetteer.xml#suzpl0543", "", "Liège", "Liège"
"ch076", "récit", "https://raw.githubusercontent.com/BucknellDSC/suzette/refs/heads/master/suzette_gazetteer.xml#suzpl0714", "", "Maubeuge", "Maubeuge"
"ch076", "récit", "https://raw.githubusercontent.com/BucknellDSC/suzette/refs/heads/master/suzette_gazetteer.xml#suzpl0141", "", "Mayence", "Mayence"
"ch076", "récit", "https://raw.githubusercontent.com/BucknellDSC/suzette/refs/heads/master/suzette_gazetteer.xml#suzpl0559", "", "Mons", "Mons"
"ch076", "récit", "https://raw.githubusercontent.com/BucknellDSC/suzette/refs/heads/master/suzette_gazetteer.xml#suzpl0567", "", "Namur", "Namur"
"ch076", "récit", "https://raw.githubusercontent.com/BucknellDSC/suzette/refs/heads/master/suzette_gazetteer.xml#suzpl0044", "", "Paris", "Paris"
"ch076", "récit", "https://raw.githubusercontent.com/BucknellDSC/suzette/refs/heads/master/suzette_gazetteer.xml#suzpl0031", "", "Russie", "Russie"
"ch076", "récit", "https://raw.githubusercontent.com/BucknellDSC/suzette/refs/heads/master/suzette_gazetteer.xml#suzpl0112", "", "Saint-Quentin", "Saint-Quentin"
"ch076", "récit", "https://raw.githubusercontent.com/BucknellDSC/suzette/refs/heads/master/suzette_gazetteer.xml#suzpl0649", "", "Tergnier", "Tergnier"
"ch076", "récit", "https://raw.githubusercontent.com/BucknellDSC/suzette/refs/heads/master/suzette_gazetteer.xml#suzpl0649", "", "Tergnier", "Tergnier"
"ch076", "récit", "https://raw.githubusercontent.com/BucknellDSC/suzette/refs/heads/master/suzette_gazetteer.xml#suzpl0672", "", "Wiesbaden", "Wiesbaden"
"ch076", "questionnaire", "https://raw.githubusercontent.com/BucknellDSC/suzette/refs/heads/master/suzette_gazetteer.xml#suzpl0112", "", "Saint-Quentin", "Saint-Quentin"
"ch076", "complexe", "https://raw.githubusercontent.com/BucknellDSC/suzette/refs/heads/master/suzette_gazetteer.xml#suzpl0544", "", "Limoges", "LIMOGES"
"ch076", "complexe", "https://raw.githubusercontent.com/BucknellDSC/suzette/refs/heads/master/suzette_gazetteer.xml#suzpl0044", "", "Paris", "Paris"
"ch076", "complexe", "https://raw.githubusercontent.com/BucknellDSC/suzette/refs/heads/master/suzette_gazetteer.xml#suzpl0112", "", "Saint-Quentin", "Saint-Quentin"
"ch076", "complexe", "https://raw.githubusercontent.com/BucknellDSC/suzette/refs/heads/master/suzette_gazetteer.xml#suzpl0655", "", "Toulon", "Toulon"
"ch076", "industrie", "https://raw.githubusercontent.com/BucknellDSC/suzette/refs/heads/master/suzette_gazetteer.xml#suzpl0079", "", "Grenoble", "Grenoble"
"ch076", "industrie", "https://raw.githubusercontent.com/BucknellDSC/suzette/refs/heads/master/suzette_gazetteer.xml#suzpl0050", "", "Montauban", "Montauban""Chapter", "Section", "Ref", "SameAs", "Key", "Place"
"ch077", "récit", "https://raw.githubusercontent.com/BucknellDSC/suzette/refs/heads/master/suzette_gazetteer.xml#suzpl0071", "", "Chantilly", "Chantilly"
"ch077", "récit", "https://raw.githubusercontent.com/BucknellDSC/suzette/refs/heads/master/suzette_gazetteer.xml#suzpl0448", "", "Chauny", "Chauny"
"ch077", "récit", "https://raw.githubusercontent.com/BucknellDSC/suzette/refs/heads/master/suzette_gazetteer.xml#suzpl0249", "", "Compiègne", "Compiègne"
"ch077", "récit", "https://raw.githubusercontent.com/BucknellDSC/suzette/refs/heads/master/suzette_gazetteer.xml#suzpl0474", "", "Creil", "Creil"
"ch077", "récit", "https://raw.githubusercontent.com/BucknellDSC/suzette/refs/heads/master/suzette_gazetteer.xml#suzpl0114", "", "Noyon", "Noyon"
"ch077", "récit", "https://raw.githubusercontent.com/BucknellDSC/suzette/refs/heads/master/suzette_gazetteer.xml#suzpl0044", "", "Paris", "Paris"
"ch077", "récit", "https://raw.githubusercontent.com/BucknellDSC/suzette/refs/heads/master/suzette_gazetteer.xml#suzpl0649", "", "Tergnier", "Tergnier"
"ch077", "récit", "https://raw.githubusercontent.com/BucknellDSC/suzette/refs/heads/master/suzette_gazetteer.xml#suzpl0649", "", "Tergnier", "Tergnier"
"ch077", "récit", "https://raw.githubusercontent.com/BucknellDSC/suzette/refs/heads/master/suzette_gazetteer.xml#suzpl0649", "", "Tergnier", "Tergnier"
"ch077", "questionnaire", "https://raw.githubusercontent.com/BucknellDSC/suzette/refs/heads/master/suzette_gazetteer.xml#suzpl0649", "", "Tergnier", "Tergnier"
"ch077", "morale", "https://raw.githubusercontent.com/BucknellDSC/suzette/refs/heads/master/suzette_gazetteer.xml#suzpl0406", "", "Blaye", "Blaye""Chapter", "Section", "Ref", "SameAs", "Key", "Place"
"ch078", "récit", "https://raw.githubusercontent.com/BucknellDSC/suzette/refs/heads/master/suzette_gazetteer.xml#suzpl0001", "", "Afrique", "Afrique"
"ch078", "récit", "", "", "", "Fragicourt"
"ch078", "récit", "", "", "", "Fragicourt"
"ch078", "récit", "https://raw.githubusercontent.com/BucknellDSC/suzette/refs/heads/master/suzette_gazetteer.xml#suzpl0044", "", "Paris", "Paris"
"ch078", "récit", "https://raw.githubusercontent.com/BucknellDSC/suzette/refs/heads/master/suzette_gazetteer.xml#suzpl0044", "", "Paris", "Paris"
"ch078", "récit", "https://raw.githubusercontent.com/BucknellDSC/suzette/refs/heads/master/suzette_gazetteer.xml#suzpl0044", "", "Paris", "Paris"
"ch078", "récit", "https://raw.githubusercontent.com/BucknellDSC/suzette/refs/heads/master/suzette_gazetteer.xml#suzpl0817", "", "école Turgot", "école Turgot"
"ch078", "questionnaire", "https://raw.githubusercontent.com/BucknellDSC/suzette/refs/heads/master/suzette_gazetteer.xml#suzpl0044", "", "Paris", "Paris""Chapter", "Section", "Ref", "SameAs", "Key", "Place"
"ch079", "récit", "https://raw.githubusercontent.com/BucknellDSC/suzette/refs/heads/master/suzette_gazetteer.xml#suzpl0435", "", "Cathédrale Notre-Dame", "Cathédrale Notre-Dame"
"ch079", "récit", "https://raw.githubusercontent.com/BucknellDSC/suzette/refs/heads/master/suzette_gazetteer.xml#suzpl0821", "", "île de la Cité", "Cité"
"ch079", "récit", "https://raw.githubusercontent.com/BucknellDSC/suzette/refs/heads/master/suzette_gazetteer.xml#suzpl0820", "", "Gaule", "Gaule"
"ch079", "récit", "https://raw.githubusercontent.com/BucknellDSC/suzette/refs/heads/master/suzette_gazetteer.xml#suzpl0913", "", "Hôtel de ville de Paris", "Hôtel de ville"
"ch079", "récit", "https://raw.githubusercontent.com/BucknellDSC/suzette/refs/heads/master/suzette_gazetteer.xml#suzpl0913", "", "Hôtel de ville de Paris", "Hôtel de ville"
"ch079", "récit", "https://raw.githubusercontent.com/BucknellDSC/suzette/refs/heads/master/suzette_gazetteer.xml#suzpl0931", "", "Musée du Louvre", "Louvre"
"ch079", "récit", "https://raw.githubusercontent.com/BucknellDSC/suzette/refs/heads/master/suzette_gazetteer.xml#suzpl0931", "", "Musée du Louvre", "Louvre"
"ch079", "récit", "https://raw.githubusercontent.com/BucknellDSC/suzette/refs/heads/master/suzette_gazetteer.xml#suzpl0435", "", "Cathédrale Notre-Dame", "Notre Dame"
"ch079", "récit", "https://raw.githubusercontent.com/BucknellDSC/suzette/refs/heads/master/suzette_gazetteer.xml#suzpl0822", "", "Palais de Justice", "Palais de Justice"
"ch079", "récit", "https://raw.githubusercontent.com/BucknellDSC/suzette/refs/heads/master/suzette_gazetteer.xml#suzpl0822", "", "Palais de Justice", "Palais de Justice de Paris"
"ch079", "récit", "https://raw.githubusercontent.com/BucknellDSC/suzette/refs/heads/master/suzette_gazetteer.xml#suzpl0044", "", "Paris", "Paris"
"ch079", "récit", "https://raw.githubusercontent.com/BucknellDSC/suzette/refs/heads/master/suzette_gazetteer.xml#suzpl0044", "", "Paris", "Paris"
"ch079", "récit", "https://raw.githubusercontent.com/BucknellDSC/suzette/refs/heads/master/suzette_gazetteer.xml#suzpl0044", "", "Paris", "Paris"
"ch079", "récit", "https://raw.githubusercontent.com/BucknellDSC/suzette/refs/heads/master/suzette_gazetteer.xml#suzpl0044", "", "Paris", "Paris"
"ch079", "récit", "https://raw.githubusercontent.com/BucknellDSC/suzette/refs/heads/master/suzette_gazetteer.xml#suzpl0044", "", "Paris", "Paris"
"ch079", "récit", "https://raw.githubusercontent.com/BucknellDSC/suzette/refs/heads/master/suzette_gazetteer.xml#suzpl0044", "", "Paris", "Paris"
"ch079", "récit", "https://raw.githubusercontent.com/BucknellDSC/suzette/refs/heads/master/suzette_gazetteer.xml#suzpl0618", "", "Rome", "Rome"
"ch079", "récit", "https://raw.githubusercontent.com/BucknellDSC/suzette/refs/heads/master/suzette_gazetteer.xml#suzpl0795", "", "Sainte-Chapelle", "Sainte-Chapelle"
"ch079", "récit", "https://raw.githubusercontent.com/BucknellDSC/suzette/refs/heads/master/suzette_gazetteer.xml#suzpl0795", "", "Sainte-Chapelle", "Sainte-Chapelle"
"ch079", "récit", "https://raw.githubusercontent.com/BucknellDSC/suzette/refs/heads/master/suzette_gazetteer.xml#suzpl0634", "", "Scandinavie", "Scandinavie"
"ch079", "récit", "https://raw.githubusercontent.com/BucknellDSC/suzette/refs/heads/master/suzette_gazetteer.xml#suzpl0732", "", "Seine", "Seine"
"ch079", "récit", "https://raw.githubusercontent.com/BucknellDSC/suzette/refs/heads/master/suzette_gazetteer.xml#suzpl0825", "", "Tuileries", "Tuileries"
"ch079", "récit", "https://raw.githubusercontent.com/BucknellDSC/suzette/refs/heads/master/suzette_gazetteer.xml#suzpl0913", "", "Hôtel de ville de Paris", "hôtel de ville"
"ch079", "récit", "https://raw.githubusercontent.com/BucknellDSC/suzette/refs/heads/master/suzette_gazetteer.xml#suzpl0823", "", "Pont de Sully", "pont Sully"
"ch079", "questionnaire", "https://raw.githubusercontent.com/BucknellDSC/suzette/refs/heads/master/suzette_gazetteer.xml#suzpl0044", "", "Paris", "Paris"
"ch079", "questionnaire", "https://raw.githubusercontent.com/BucknellDSC/suzette/refs/heads/master/suzette_gazetteer.xml#suzpl0913", "", "Hôtel de ville de Paris", "hotel de ville"
"ch079", "questionnaire", "https://raw.githubusercontent.com/BucknellDSC/suzette/refs/heads/master/suzette_gazetteer.xml#suzpl0913", "", "Hôtel de ville de Paris", "hôtel de ville"
"ch079", "questionnaire", "https://raw.githubusercontent.com/BucknellDSC/suzette/refs/heads/master/suzette_gazetteer.xml#suzpl0913", "", "Hôtel de ville de Paris", "hôtel de ville"
"ch079", "questionnaire", "https://raw.githubusercontent.com/BucknellDSC/suzette/refs/heads/master/suzette_gazetteer.xml#suzpl0821", "", "île de la Cité", "île de la Cité"
"ch079", "histoire", "https://raw.githubusercontent.com/BucknellDSC/suzette/refs/heads/master/suzette_gazetteer.xml#suzpl0373", "", "Albi", "Albi"
"ch079", "histoire", "https://raw.githubusercontent.com/BucknellDSC/suzette/refs/heads/master/suzette_gazetteer.xml#suzpl0058", "", "Amiens", "Amiens"
"ch079", "histoire", "https://raw.githubusercontent.com/BucknellDSC/suzette/refs/heads/master/suzette_gazetteer.xml#suzpl0381", "", "Angoulême", "Angoulême"
"ch079", "histoire", "https://raw.githubusercontent.com/BucknellDSC/suzette/refs/heads/master/suzette_gazetteer.xml#suzpl0102", "", "Auxerre", "Auxerre"
"ch079", "histoire", "https://raw.githubusercontent.com/BucknellDSC/suzette/refs/heads/master/suzette_gazetteer.xml#suzpl0052", "", "Bordeaux", "Bordeaux"
"ch079", "histoire", "https://raw.githubusercontent.com/BucknellDSC/suzette/refs/heads/master/suzette_gazetteer.xml#suzpl0417", "", "Bourges", "Bourges"
"ch079", "histoire", "https://raw.githubusercontent.com/BucknellDSC/suzette/refs/heads/master/suzette_gazetteer.xml#suzpl0427", "", "Caen", "Caen"
"ch079", "histoire", "https://raw.githubusercontent.com/BucknellDSC/suzette/refs/heads/master/suzette_gazetteer.xml#suzpl0454", "", "Clermont-Ferrand", "Clermont"
"ch079", "histoire", "https://raw.githubusercontent.com/BucknellDSC/suzette/refs/heads/master/suzette_gazetteer.xml#suzpl0473", "", "Coutances", "Coutances"
"ch079", "histoire", "https://raw.githubusercontent.com/BucknellDSC/suzette/refs/heads/master/suzette_gazetteer.xml#suzpl0016", "", "France", "France"
"ch079", "histoire", "https://raw.githubusercontent.com/BucknellDSC/suzette/refs/heads/master/suzette_gazetteer.xml#suzpl0016", "", "France", "France"
"ch079", "histoire", "https://raw.githubusercontent.com/BucknellDSC/suzette/refs/heads/master/suzette_gazetteer.xml#suzpl0016", "", "France", "France"
"ch079", "histoire", "https://raw.githubusercontent.com/BucknellDSC/suzette/refs/heads/master/suzette_gazetteer.xml#suzpl0536", "", "Laon", "Laon"
"ch079", "histoire", "https://raw.githubusercontent.com/BucknellDSC/suzette/refs/heads/master/suzette_gazetteer.xml#suzpl0117", "", "Lyon", "Lyon"
"ch079", "histoire", "https://raw.githubusercontent.com/BucknellDSC/suzette/refs/heads/master/suzette_gazetteer.xml#suzpl0307", "", "Metz", "Metz"
"ch079", "histoire", "https://raw.githubusercontent.com/BucknellDSC/suzette/refs/heads/master/suzette_gazetteer.xml#suzpl0574", "", "Nevers", "Nevers"
"ch079", "histoire", "https://raw.githubusercontent.com/BucknellDSC/suzette/refs/heads/master/suzette_gazetteer.xml#suzpl0064", "", "Orléans", "Orléans"
"ch079", "histoire", "https://raw.githubusercontent.com/BucknellDSC/suzette/refs/heads/master/suzette_gazetteer.xml#suzpl0822", "", "Palais de Justice", "Palais de Justice"
"ch079", "histoire", "https://raw.githubusercontent.com/BucknellDSC/suzette/refs/heads/master/suzette_gazetteer.xml#suzpl0822", "", "Palais de Justice", "Palais de Justice"
"ch079", "histoire", "https://raw.githubusercontent.com/BucknellDSC/suzette/refs/heads/master/suzette_gazetteer.xml#suzpl0044", "", "Paris", "Paris"
"ch079", "histoire", "https://raw.githubusercontent.com/BucknellDSC/suzette/refs/heads/master/suzette_gazetteer.xml#suzpl0044", "", "Paris", "Paris"
"ch079", "histoire", "https://raw.githubusercontent.com/BucknellDSC/suzette/refs/heads/master/suzette_gazetteer.xml#suzpl0601", "", "Poitiers", "Poitiers"
"ch079", "histoire", "https://raw.githubusercontent.com/BucknellDSC/suzette/refs/heads/master/suzette_gazetteer.xml#suzpl0610", "", "Quimper", "Quimper"
"ch079", "histoire", "https://raw.githubusercontent.com/BucknellDSC/suzette/refs/heads/master/suzette_gazetteer.xml#suzpl0070", "", "Reims", "Reims"
"ch079", "histoire", "https://raw.githubusercontent.com/BucknellDSC/suzette/refs/heads/master/suzette_gazetteer.xml#suzpl0069", "", "Rouen", "Rouen"
"ch079", "histoire", "https://raw.githubusercontent.com/BucknellDSC/suzette/refs/heads/master/suzette_gazetteer.xml#suzpl0069", "", "Rouen", "Rouen"
"ch079", "histoire", "https://raw.githubusercontent.com/BucknellDSC/suzette/refs/heads/master/suzette_gazetteer.xml#suzpl0626", "", "Saint-Ouen", "Saint-Ouen"
"ch079", "histoire", "https://raw.githubusercontent.com/BucknellDSC/suzette/refs/heads/master/suzette_gazetteer.xml#suzpl0795", "", "Sainte-Chapelle", "Sainte-Chapelle"
"ch079", "histoire", "https://raw.githubusercontent.com/BucknellDSC/suzette/refs/heads/master/suzette_gazetteer.xml#suzpl0795", "", "Sainte-Chapelle", "Sainte-Chapelle"
"ch079", "histoire", "https://raw.githubusercontent.com/BucknellDSC/suzette/refs/heads/master/suzette_gazetteer.xml#suzpl0732", "", "Seine", "Seine"
"ch079", "histoire", "https://raw.githubusercontent.com/BucknellDSC/suzette/refs/heads/master/suzette_gazetteer.xml#suzpl0638", "", "Sens", "Sens"
"ch079", "histoire", "https://raw.githubusercontent.com/BucknellDSC/suzette/refs/heads/master/suzette_gazetteer.xml#suzpl0140", "", "Strasbourg", "Strasbourg"
"ch079", "histoire", "https://raw.githubusercontent.com/BucknellDSC/suzette/refs/heads/master/suzette_gazetteer.xml#suzpl0065", "", "Tours", "Tours"
"ch079", "histoire", "https://raw.githubusercontent.com/BucknellDSC/suzette/refs/heads/master/suzette_gazetteer.xml#suzpl0059", "", "Troyes", "Troyes"
"ch079", "histoire", "https://raw.githubusercontent.com/BucknellDSC/suzette/refs/heads/master/suzette_gazetteer.xml#suzpl0666", "", "Vézelay", "Vézelay""Chapter", "Section", "Ref", "SameAs", "Key", "Place"
"ch080", "récit", "https://raw.githubusercontent.com/BucknellDSC/suzette/refs/heads/master/suzette_gazetteer.xml#suzpl0832", "", "Pont de l'Alma", "Alma"
"ch080", "récit", "https://raw.githubusercontent.com/BucknellDSC/suzette/refs/heads/master/suzette_gazetteer.xml#suzpl0390", "", "Assyrie", "Assyrie"
"ch080", "récit", "https://raw.githubusercontent.com/BucknellDSC/suzette/refs/heads/master/suzette_gazetteer.xml#suzpl0426", "", "Cadix", "Cadix"
"ch080", "récit", "https://raw.githubusercontent.com/BucknellDSC/suzette/refs/heads/master/suzette_gazetteer.xml#suzpl0826", "", "Chambre des députés", "Chambre des députés"
"ch080", "récit", "https://raw.githubusercontent.com/BucknellDSC/suzette/refs/heads/master/suzette_gazetteer.xml#suzpl0441", "", "Champs Elysées", "Champs-Elysées"
"ch080", "récit", "https://raw.githubusercontent.com/BucknellDSC/suzette/refs/heads/master/suzette_gazetteer.xml#suzpl0476", "", "Crimée", "Crimée"
"ch080", "récit", "https://raw.githubusercontent.com/BucknellDSC/suzette/refs/heads/master/suzette_gazetteer.xml#suzpl0023", "", "Égypte", "Egypte"
"ch080", "récit", "https://raw.githubusercontent.com/BucknellDSC/suzette/refs/heads/master/suzette_gazetteer.xml#suzpl0005", "", "Europe", "Europe"
"ch080", "récit", "https://raw.githubusercontent.com/BucknellDSC/suzette/refs/heads/master/suzette_gazetteer.xml#suzpl0016", "", "France", "France"
"ch080", "récit", "https://raw.githubusercontent.com/BucknellDSC/suzette/refs/heads/master/suzette_gazetteer.xml#suzpl0212", "", "Grèce", "Grèce"
"ch080", "récit", "https://raw.githubusercontent.com/BucknellDSC/suzette/refs/heads/master/suzette_gazetteer.xml#suzpl0827", "", "château du Louvre", "Louvre"
"ch080", "récit", "https://raw.githubusercontent.com/BucknellDSC/suzette/refs/heads/master/suzette_gazetteer.xml#suzpl0815", "", "Place de la Concorde", "Place de la Concorde"
"ch080", "récit", "https://raw.githubusercontent.com/BucknellDSC/suzette/refs/heads/master/suzette_gazetteer.xml#suzpl0832", "", "Pont de l'Alma", "Pont de l'Alma"
"ch080", "récit", "https://raw.githubusercontent.com/BucknellDSC/suzette/refs/heads/master/suzette_gazetteer.xml#suzpl0831", "", "Palais du Trocadéro", "Trocadéro"
"ch080", "récit", "https://raw.githubusercontent.com/BucknellDSC/suzette/refs/heads/master/suzette_gazetteer.xml#suzpl0932", "", "fort Louis (Trocadéro)", "Trocadéro"
"ch080", "récit", "https://raw.githubusercontent.com/BucknellDSC/suzette/refs/heads/master/suzette_gazetteer.xml#suzpl0825", "", "Tuileries", "Tuileries"
"ch080", "récit", "https://raw.githubusercontent.com/BucknellDSC/suzette/refs/heads/master/suzette_gazetteer.xml#suzpl0830", "", "obélisque de Louxor", "obélisque"
"ch080", "récit", "https://raw.githubusercontent.com/BucknellDSC/suzette/refs/heads/master/suzette_gazetteer.xml#suzpl0815", "", "Place de la Concorde", "place de la Concordé"
"ch080", "questionnaire", "https://raw.githubusercontent.com/BucknellDSC/suzette/refs/heads/master/suzette_gazetteer.xml#suzpl0827", "", "château du Louvre", "Louvre"
"ch080", "questionnaire", "https://raw.githubusercontent.com/BucknellDSC/suzette/refs/heads/master/suzette_gazetteer.xml#suzpl0825", "", "Tuileries", "Tuileries"
"ch080", "questionnaire", "https://raw.githubusercontent.com/BucknellDSC/suzette/refs/heads/master/suzette_gazetteer.xml#suzpl0829", "", "jardin des Tuileries", "jardin des Tuileries"
"ch080", "questionnaire", "https://raw.githubusercontent.com/BucknellDSC/suzette/refs/heads/master/suzette_gazetteer.xml#suzpl0831", "", "Palais du Trocadéro", "palais du Trocadéro"
"ch080", "histoire", "https://raw.githubusercontent.com/BucknellDSC/suzette/refs/heads/master/suzette_gazetteer.xml#suzpl0441", "", "Champs Elysées", "Champs Elysées"
"ch080", "histoire", "", "", "", "Champs Elysées"
"ch080", "histoire", "https://raw.githubusercontent.com/BucknellDSC/suzette/refs/heads/master/suzette_gazetteer.xml#suzpl0476", "", "Crimée", "Crimée"
"ch080", "histoire", "https://raw.githubusercontent.com/BucknellDSC/suzette/refs/heads/master/suzette_gazetteer.xml#suzpl0827", "", "château du Louvre", "Louvre"
"ch080", "histoire", "https://raw.githubusercontent.com/BucknellDSC/suzette/refs/heads/master/suzette_gazetteer.xml#suzpl0825", "", "Tuileries", "Tuileries"
"ch080", "histoire", "https://raw.githubusercontent.com/BucknellDSC/suzette/refs/heads/master/suzette_gazetteer.xml#suzpl0825", "", "Tuileries", "Tuileries"
"ch080", "histoire", "https://raw.githubusercontent.com/BucknellDSC/suzette/refs/heads/master/suzette_gazetteer.xml#suzpl0827", "", "château du Louvre", "château du Louvre"
"ch080", "histoire", "https://raw.githubusercontent.com/BucknellDSC/suzette/refs/heads/master/suzette_gazetteer.xml#suzpl0825", "", "Tuileries", "palais des Tuileries"
"ch080", "histoire", "https://raw.githubusercontent.com/BucknellDSC/suzette/refs/heads/master/suzette_gazetteer.xml#suzpl0832", "", "Pont de l'Alma", "pont de l'Alma"
"ch080", "histoire", "https://raw.githubusercontent.com/BucknellDSC/suzette/refs/heads/master/suzette_gazetteer.xml#suzpl0832", "", "Pont de l'Alma", "pont de l'Alma"
"ch080", "géographie", "https://raw.githubusercontent.com/BucknellDSC/suzette/refs/heads/master/suzette_gazetteer.xml#suzpl0368", "", "Afrique septentrionale", "Afrique septentrionale"
"ch080", "géographie", "https://raw.githubusercontent.com/BucknellDSC/suzette/refs/heads/master/suzette_gazetteer.xml#suzpl0375", "", "Alexandrie", "Alexandrie"
"ch080", "géographie", "https://raw.githubusercontent.com/BucknellDSC/suzette/refs/heads/master/suzette_gazetteer.xml#suzpl0004", "", "Asie", "Asie"
"ch080", "géographie", "https://raw.githubusercontent.com/BucknellDSC/suzette/refs/heads/master/suzette_gazetteer.xml#suzpl0390", "", "Assyrie", "Assyrie"
"ch080", "géographie", "https://raw.githubusercontent.com/BucknellDSC/suzette/refs/heads/master/suzette_gazetteer.xml#suzpl0390", "", "Assyrie", "Assyrie"
"ch080", "géographie", "https://raw.githubusercontent.com/BucknellDSC/suzette/refs/heads/master/suzette_gazetteer.xml#suzpl0391", "", "Athènes", "Athènes"
"ch080", "géographie", "https://raw.githubusercontent.com/BucknellDSC/suzette/refs/heads/master/suzette_gazetteer.xml#suzpl0676", "", "Babylone", "Babylone"
"ch080", "géographie", "https://raw.githubusercontent.com/BucknellDSC/suzette/refs/heads/master/suzette_gazetteer.xml#suzpl0468", "", "Corfou", "Corfou"
"ch080", "géographie", "https://raw.githubusercontent.com/BucknellDSC/suzette/refs/heads/master/suzette_gazetteer.xml#suzpl0469", "", "Corinthe", "Corinthe"
"ch080", "géographie", "https://raw.githubusercontent.com/BucknellDSC/suzette/refs/heads/master/suzette_gazetteer.xml#suzpl0470", "", "Coron", "Coron"
"ch080", "géographie", "https://raw.githubusercontent.com/BucknellDSC/suzette/refs/heads/master/suzette_gazetteer.xml#suzpl0479", "", "Damiette", "Damiette"
"ch080", "géographie", "https://raw.githubusercontent.com/BucknellDSC/suzette/refs/heads/master/suzette_gazetteer.xml#suzpl0023", "", "Égypte", "Egypte"
"ch080", "géographie", "https://raw.githubusercontent.com/BucknellDSC/suzette/refs/heads/master/suzette_gazetteer.xml#suzpl0023", "", "Égypte", "Egypte"
"ch080", "géographie", "https://raw.githubusercontent.com/BucknellDSC/suzette/refs/heads/master/suzette_gazetteer.xml#suzpl0490", "", "Euphrate", "Euphrate"
"ch080", "géographie", "https://raw.githubusercontent.com/BucknellDSC/suzette/refs/heads/master/suzette_gazetteer.xml#suzpl0005", "", "Europe", "Europe"
"ch080", "géographie", "https://raw.githubusercontent.com/BucknellDSC/suzette/refs/heads/master/suzette_gazetteer.xml#suzpl0005", "", "Europe", "Europe"
"ch080", "géographie", "https://raw.githubusercontent.com/BucknellDSC/suzette/refs/heads/master/suzette_gazetteer.xml#suzpl0505", "", "Girgeh", "Girgeh"
"ch080", "géographie", "https://raw.githubusercontent.com/BucknellDSC/suzette/refs/heads/master/suzette_gazetteer.xml#suzpl0212", "", "Grèce", "Grèce"
"ch080", "géographie", "https://raw.githubusercontent.com/BucknellDSC/suzette/refs/heads/master/suzette_gazetteer.xml#suzpl0212", "", "Grèce", "Grèce"
"ch080", "géographie", "https://raw.githubusercontent.com/BucknellDSC/suzette/refs/heads/master/suzette_gazetteer.xml#suzpl0520", "", "Hermopolis", "Hermopolis"
"ch080", "géographie", "https://raw.githubusercontent.com/BucknellDSC/suzette/refs/heads/master/suzette_gazetteer.xml#suzpl0554", "", "Mansourah", "Mansourah"
"ch080", "géographie", "https://raw.githubusercontent.com/BucknellDSC/suzette/refs/heads/master/suzette_gazetteer.xml#suzpl0215", "", "Méditerranée", "Méditerranée"
"ch080", "géographie", "https://raw.githubusercontent.com/BucknellDSC/suzette/refs/heads/master/suzette_gazetteer.xml#suzpl0215", "", "Méditerranée", "Méditerranée"
"ch080", "géographie", "https://raw.githubusercontent.com/BucknellDSC/suzette/refs/heads/master/suzette_gazetteer.xml#suzpl0571", "", "Nauplie", "Nauplie"
"ch080", "géographie", "https://raw.githubusercontent.com/BucknellDSC/suzette/refs/heads/master/suzette_gazetteer.xml#suzpl0572", "", "Navarin", "Navarin"
"ch080", "géographie", "https://raw.githubusercontent.com/BucknellDSC/suzette/refs/heads/master/suzette_gazetteer.xml#suzpl0314", "", "Nil", "Nil"
"ch080", "géographie", "https://raw.githubusercontent.com/BucknellDSC/suzette/refs/heads/master/suzette_gazetteer.xml#suzpl0579", "", "Ninive", "Ninive"
"ch080", "géographie", "https://raw.githubusercontent.com/BucknellDSC/suzette/refs/heads/master/suzette_gazetteer.xml#suzpl0586", "", "Nubie", "Nubie"
"ch080", "géographie", "https://raw.githubusercontent.com/BucknellDSC/suzette/refs/heads/master/suzette_gazetteer.xml#suzpl0594", "", "Patras", "Patras"
"ch080", "géographie", "https://raw.githubusercontent.com/BucknellDSC/suzette/refs/heads/master/suzette_gazetteer.xml#suzpl0606", "", "Port-Saïd", "Port-Saïd"
"ch080", "géographie", "https://raw.githubusercontent.com/BucknellDSC/suzette/refs/heads/master/suzette_gazetteer.xml#suzpl0642", "", "Soudan", "Soudan"
"ch080", "géographie", "https://raw.githubusercontent.com/BucknellDSC/suzette/refs/heads/master/suzette_gazetteer.xml#suzpl0833", "", "Suez", "Suez"
"ch080", "géographie", "https://raw.githubusercontent.com/BucknellDSC/suzette/refs/heads/master/suzette_gazetteer.xml#suzpl0646", "", "Syout", "Syout"
"ch080", "géographie", "https://raw.githubusercontent.com/BucknellDSC/suzette/refs/heads/master/suzette_gazetteer.xml#suzpl0647", "", "Syra", "Syra"
"ch080", "géographie", "https://raw.githubusercontent.com/BucknellDSC/suzette/refs/heads/master/suzette_gazetteer.xml#suzpl0648", "", "Tantah", "Tantah"
"ch080", "géographie", "https://raw.githubusercontent.com/BucknellDSC/suzette/refs/heads/master/suzette_gazetteer.xml#suzpl0652", "", "Tigre", "Tigre"
"ch080", "géographie", "https://raw.githubusercontent.com/BucknellDSC/suzette/refs/heads/master/suzette_gazetteer.xml#suzpl0660", "", "Turquie d'Europe", "Turquie d'Europe"
"ch080", "géographie", "https://raw.githubusercontent.com/BucknellDSC/suzette/refs/heads/master/suzette_gazetteer.xml#suzpl0352", "", "Isthme de Suez", "isthme de Suez"
"ch080", "géographie", "https://raw.githubusercontent.com/BucknellDSC/suzette/refs/heads/master/suzette_gazetteer.xml#suzpl0539", "", "le Pirée", "le Pirée"
"ch080", "géographie", "https://raw.githubusercontent.com/BucknellDSC/suzette/refs/heads/master/suzette_gazetteer.xml#suzpl0537", "", "le Caire", "le Caire"
"ch080", "géographie", "https://raw.githubusercontent.com/BucknellDSC/suzette/refs/heads/master/suzette_gazetteer.xml#suzpl0556", "", "mer Ionienne", "mer Ionienne"
"ch080", "géographie", "https://raw.githubusercontent.com/BucknellDSC/suzette/refs/heads/master/suzette_gazetteer.xml#suzpl0301", "", "mer Rouge", "mer Rouge"
"ch080", "géographie", "https://raw.githubusercontent.com/BucknellDSC/suzette/refs/heads/master/suzette_gazetteer.xml#suzpl0611", "", "régence de Tripoli", "régence de Tripoli"
"ch080", "géographie", "https://raw.githubusercontent.com/BucknellDSC/suzette/refs/heads/master/suzette_gazetteer.xml#suzpl0023", "", "Égypte", "Égypte"
"ch080", "géographie", "https://raw.githubusercontent.com/BucknellDSC/suzette/refs/heads/master/suzette_gazetteer.xml#suzpl0023", "", "Égypte", "Égypte"
"ch080", "industrie", "https://raw.githubusercontent.com/BucknellDSC/suzette/refs/heads/master/suzette_gazetteer.xml#suzpl0828", "", "Jardin des Plantes", "Jardin des Plantes"
"ch080", "industrie", "https://raw.githubusercontent.com/BucknellDSC/suzette/refs/heads/master/suzette_gazetteer.xml#suzpl0044", "", "Paris", "Paris""Chapter", "Section", "Ref", "SameAs", "Key", "Place"
"ch081", "récit", "https://raw.githubusercontent.com/BucknellDSC/suzette/refs/heads/master/suzette_gazetteer.xml#suzpl0834", "", "Champ de Mars", "Champ de Mars"
"ch081", "récit", "https://raw.githubusercontent.com/BucknellDSC/suzette/refs/heads/master/suzette_gazetteer.xml#suzpl0013", "", "Chine", "Chine"
"ch081", "récit", "https://raw.githubusercontent.com/BucknellDSC/suzette/refs/heads/master/suzette_gazetteer.xml#suzpl0005", "", "Europe", "Europe"
"ch081", "récit", "https://raw.githubusercontent.com/BucknellDSC/suzette/refs/heads/master/suzette_gazetteer.xml#suzpl0866", "", "Hôtel des Invalides", "Invalides"
"ch081", "récit", "https://raw.githubusercontent.com/BucknellDSC/suzette/refs/heads/master/suzette_gazetteer.xml#suzpl0017", "", "Japon", "Japon"
"ch081", "récit", "https://raw.githubusercontent.com/BucknellDSC/suzette/refs/heads/master/suzette_gazetteer.xml#suzpl0142", "", "Meudon", "Meudon"
"ch081", "récit", "https://raw.githubusercontent.com/BucknellDSC/suzette/refs/heads/master/suzette_gazetteer.xml#suzpl0044", "", "Paris", "Paris"
"ch081", "récit", "https://raw.githubusercontent.com/BucknellDSC/suzette/refs/heads/master/suzette_gazetteer.xml#suzpl0143", "", "Saint-Cloud", "Saint-Cloud"
"ch081", "récit", "https://raw.githubusercontent.com/BucknellDSC/suzette/refs/heads/master/suzette_gazetteer.xml#suzpl0831", "", "Palais du Trocadéro", "Trocadèro"
"ch081", "récit", "https://raw.githubusercontent.com/BucknellDSC/suzette/refs/heads/master/suzette_gazetteer.xml#suzpl0493", "", "extrême Orient", "extrême Orient"
"ch081", "récit", "https://raw.githubusercontent.com/BucknellDSC/suzette/refs/heads/master/suzette_gazetteer.xml#suzpl0009", "", "États-Unis", "grande république américaine"
"ch081", "récit", "https://raw.githubusercontent.com/BucknellDSC/suzette/refs/heads/master/suzette_gazetteer.xml#suzpl0866", "", "Hôtel des Invalides", "lnvalides"
"ch081", "récit", "https://raw.githubusercontent.com/BucknellDSC/suzette/refs/heads/master/suzette_gazetteer.xml#suzpl0894", "", "pont d'Iéna", "pont d'Iéna"
"ch081", "questionnaire", "https://raw.githubusercontent.com/BucknellDSC/suzette/refs/heads/master/suzette_gazetteer.xml#suzpl0831", "", "Palais du Trocadéro", "Trocadèro"
"ch081", "questionnaire", "https://raw.githubusercontent.com/BucknellDSC/suzette/refs/heads/master/suzette_gazetteer.xml#suzpl0894", "", "pont d'Iéna", "pont d'Iéna"
"ch081", "histoire", "https://raw.githubusercontent.com/BucknellDSC/suzette/refs/heads/master/suzette_gazetteer.xml#suzpl0016", "", "France", "France"
"ch081", "histoire", "https://raw.githubusercontent.com/BucknellDSC/suzette/refs/heads/master/suzette_gazetteer.xml#suzpl0866", "", "Hôtel des Invalides", "Hôtel des Invalides"
"ch081", "histoire", "https://raw.githubusercontent.com/BucknellDSC/suzette/refs/heads/master/suzette_gazetteer.xml#suzpl0866", "", "Hôtel des Invalides", "Hôtel des Invalides"
"ch081", "histoire", "https://raw.githubusercontent.com/BucknellDSC/suzette/refs/heads/master/suzette_gazetteer.xml#suzpl0866", "", "Hôtel des Invalides", "Invalides"
"ch081", "histoire", "https://raw.githubusercontent.com/BucknellDSC/suzette/refs/heads/master/suzette_gazetteer.xml#suzpl0044", "", "Paris", "Paris"
"ch081", "histoire", "https://raw.githubusercontent.com/BucknellDSC/suzette/refs/heads/master/suzette_gazetteer.xml#suzpl0859", "", "Hôpital de la Charité", "hôpital de la Charité"
"ch081", "histoire", "https://raw.githubusercontent.com/BucknellDSC/suzette/refs/heads/master/suzette_gazetteer.xml#suzpl0892", "", "plaine de Grenelle", "plaine de Grenelle"
"ch081", "histoire", "https://raw.githubusercontent.com/BucknellDSC/suzette/refs/heads/master/suzette_gazetteer.xml#suzpl0894", "", "pont d'Iéna", "pont d'Iéna"
"ch081", "histoire", "https://raw.githubusercontent.com/BucknellDSC/suzette/refs/heads/master/suzette_gazetteer.xml#suzpl0894", "", "pont d'Iéna", "pont d'Iéna"
"ch081", "géographie", "https://raw.githubusercontent.com/BucknellDSC/suzette/refs/heads/master/suzette_gazetteer.xml#suzpl0010", "", "Angleterre", "Angleterre"
"ch081", "géographie", "https://raw.githubusercontent.com/BucknellDSC/suzette/refs/heads/master/suzette_gazetteer.xml#suzpl0389", "", "Asie orientale", "Asie orientale"
"ch081", "géographie", "https://raw.githubusercontent.com/BucknellDSC/suzette/refs/heads/master/suzette_gazetteer.xml#suzpl0397", "", "Baltimore", "Baltimore"
"ch081", "géographie", "https://raw.githubusercontent.com/BucknellDSC/suzette/refs/heads/master/suzette_gazetteer.xml#suzpl0413", "", "Boston", "Boston"
"ch081", "géographie", "https://raw.githubusercontent.com/BucknellDSC/suzette/refs/heads/master/suzette_gazetteer.xml#suzpl0414", "", "Boulogne", "Boulogne"
"ch081", "géographie", "https://raw.githubusercontent.com/BucknellDSC/suzette/refs/heads/master/suzette_gazetteer.xml#suzpl0099", "", "Canton", "Canton"
"ch081", "géographie", "https://raw.githubusercontent.com/BucknellDSC/suzette/refs/heads/master/suzette_gazetteer.xml#suzpl0443", "", "Charenton", "Charenton"
"ch081", "géographie", "https://raw.githubusercontent.com/BucknellDSC/suzette/refs/heads/master/suzette_gazetteer.xml#suzpl0451", "", "Chicago", "Chicago"
"ch081", "géographie", "https://raw.githubusercontent.com/BucknellDSC/suzette/refs/heads/master/suzette_gazetteer.xml#suzpl0013", "", "Chine", "Chine"
"ch081", "géographie", "https://raw.githubusercontent.com/BucknellDSC/suzette/refs/heads/master/suzette_gazetteer.xml#suzpl0013", "", "Chine", "Chine"
"ch081", "géographie", "https://raw.githubusercontent.com/BucknellDSC/suzette/refs/heads/master/suzette_gazetteer.xml#suzpl0013", "", "Chine", "Chine"
"ch081", "géographie", "https://raw.githubusercontent.com/BucknellDSC/suzette/refs/heads/master/suzette_gazetteer.xml#suzpl0452", "", "Choisy-le-Roi", "Choisy-le-Roi"
"ch081", "géographie", "https://raw.githubusercontent.com/BucknellDSC/suzette/refs/heads/master/suzette_gazetteer.xml#suzpl0009", "", "États-Unis", "Etats-Unis"
"ch081", "géographie", "https://raw.githubusercontent.com/BucknellDSC/suzette/refs/heads/master/suzette_gazetteer.xml#suzpl0005", "", "Europe", "Europe"
"ch081", "géographie", "https://raw.githubusercontent.com/BucknellDSC/suzette/refs/heads/master/suzette_gazetteer.xml#suzpl0496", "", "Fou-tchéou", "Fou-tchéou"
"ch081", "géographie", "https://raw.githubusercontent.com/BucknellDSC/suzette/refs/heads/master/suzette_gazetteer.xml#suzpl0094", "", "Hankéou", "Han-Kéou"
"ch081", "géographie", "https://raw.githubusercontent.com/BucknellDSC/suzette/refs/heads/master/suzette_gazetteer.xml#suzpl0017", "", "Japon", "Japon"
"ch081", "géographie", "https://raw.githubusercontent.com/BucknellDSC/suzette/refs/heads/master/suzette_gazetteer.xml#suzpl0017", "", "Japon", "Japon"
"ch081", "géographie", "https://raw.githubusercontent.com/BucknellDSC/suzette/refs/heads/master/suzette_gazetteer.xml#suzpl0957", "", "Kioto", "Kioto"
"ch081", "géographie", "https://raw.githubusercontent.com/BucknellDSC/suzette/refs/heads/master/suzette_gazetteer.xml#suzpl0142", "", "Meudon", "Meudon"
"ch081", "géographie", "https://raw.githubusercontent.com/BucknellDSC/suzette/refs/heads/master/suzette_gazetteer.xml#suzpl0557", "", "Miako", "Miako"
"ch081", "géographie", "https://raw.githubusercontent.com/BucknellDSC/suzette/refs/heads/master/suzette_gazetteer.xml#suzpl0564", "", "Montreuil", "Montreuil"
"ch081", "géographie", "https://raw.githubusercontent.com/BucknellDSC/suzette/refs/heads/master/suzette_gazetteer.xml#suzpl0566", "", "Nagasaki", "Nagasaki"
"ch081", "géographie", "https://raw.githubusercontent.com/BucknellDSC/suzette/refs/heads/master/suzette_gazetteer.xml#suzpl0568", "", "Nanterre", "Nanterre"
"ch081", "géographie", "https://raw.githubusercontent.com/BucknellDSC/suzette/refs/heads/master/suzette_gazetteer.xml#suzpl0569", "", "Nanxing", "Nanxing"
"ch081", "géographie", "https://raw.githubusercontent.com/BucknellDSC/suzette/refs/heads/master/suzette_gazetteer.xml#suzpl0575", "", "New York (City)", "New-York"
"ch081", "géographie", "https://raw.githubusercontent.com/BucknellDSC/suzette/refs/heads/master/suzette_gazetteer.xml#suzpl0580", "", "Nogent", "Nogent"
"ch081", "géographie", "https://raw.githubusercontent.com/BucknellDSC/suzette/refs/heads/master/suzette_gazetteer.xml#suzpl0584", "", "Nouvelle-Orléans", "Nouvelle-Orléans"
"ch081", "géographie", "https://raw.githubusercontent.com/BucknellDSC/suzette/refs/heads/master/suzette_gazetteer.xml#suzpl0591", "", "Osaka", "Osaka"
"ch081", "géographie", "https://raw.githubusercontent.com/BucknellDSC/suzette/refs/heads/master/suzette_gazetteer.xml#suzpl0593", "", "Pantin", "Pantin"
"ch081", "géographie", "https://raw.githubusercontent.com/BucknellDSC/suzette/refs/heads/master/suzette_gazetteer.xml#suzpl0044", "", "Paris", "Paris"
"ch081", "géographie", "https://raw.githubusercontent.com/BucknellDSC/suzette/refs/heads/master/suzette_gazetteer.xml#suzpl0597", "", "Philadelphie", "Philadelphie"
"ch081", "géographie", "https://raw.githubusercontent.com/BucknellDSC/suzette/refs/heads/master/suzette_gazetteer.xml#suzpl0600", "", "Pittsburg", "Pittsburg"
"ch081", "géographie", "https://raw.githubusercontent.com/BucknellDSC/suzette/refs/heads/master/suzette_gazetteer.xml#suzpl0092", "", "Péking", "Pékin"
"ch081", "géographie", "https://raw.githubusercontent.com/BucknellDSC/suzette/refs/heads/master/suzette_gazetteer.xml#suzpl0143", "", "Saint-Cloud", "Saint-Cloud"
"ch081", "géographie", "https://raw.githubusercontent.com/BucknellDSC/suzette/refs/heads/master/suzette_gazetteer.xml#suzpl0113", "", "Saint-Denis", "Saint-Denis"
"ch081", "géographie", "https://raw.githubusercontent.com/BucknellDSC/suzette/refs/heads/master/suzette_gazetteer.xml#suzpl0697", "", "Saint-Louis", "Saint-Louis"
"ch081", "géographie", "https://raw.githubusercontent.com/BucknellDSC/suzette/refs/heads/master/suzette_gazetteer.xml#suzpl0624", "", "Saint-Maur", "Saint-Maur"
"ch081", "géographie", "https://raw.githubusercontent.com/BucknellDSC/suzette/refs/heads/master/suzette_gazetteer.xml#suzpl0631", "", "San-Francisco", "San-Francisco"
"ch081", "géographie", "https://raw.githubusercontent.com/BucknellDSC/suzette/refs/heads/master/suzette_gazetteer.xml#suzpl0633", "", "Satsuma", "Satsuma"
"ch081", "géographie", "https://raw.githubusercontent.com/BucknellDSC/suzette/refs/heads/master/suzette_gazetteer.xml#suzpl0635", "", "Sceaux", "Sceaux"
"ch081", "géographie", "https://raw.githubusercontent.com/BucknellDSC/suzette/refs/heads/master/suzette_gazetteer.xml#suzpl0098", "", "Shang-haî", "Shang-haï"
"ch081", "géographie", "https://raw.githubusercontent.com/BucknellDSC/suzette/refs/heads/master/suzette_gazetteer.xml#suzpl0097", "", "Soutchéou", "Sou-tchéou"
"ch081", "géographie", "https://raw.githubusercontent.com/BucknellDSC/suzette/refs/heads/master/suzette_gazetteer.xml#suzpl0653", "", "To-kio", "To-kio"
"ch081", "géographie", "https://raw.githubusercontent.com/BucknellDSC/suzette/refs/heads/master/suzette_gazetteer.xml#suzpl0705", "", "Vincennes", "Vincennes"
"ch081", "géographie", "https://raw.githubusercontent.com/BucknellDSC/suzette/refs/heads/master/suzette_gazetteer.xml#suzpl0670", "", "Washington", "Washington"
"ch081", "géographie", "https://raw.githubusercontent.com/BucknellDSC/suzette/refs/heads/master/suzette_gazetteer.xml#suzpl0674", "", "Yokohama", "Yokohama"
"ch081", "géographie", "https://raw.githubusercontent.com/BucknellDSC/suzette/refs/heads/master/suzette_gazetteer.xml#suzpl0673", "", "Yédo", "Yédo"
"ch081", "géographie", "https://raw.githubusercontent.com/BucknellDSC/suzette/refs/heads/master/suzette_gazetteer.xml#suzpl0844", "", "département de la Seine", "département de la Seine""Chapter", "Section", "Ref", "SameAs", "Key", "Place"
"ch082", "récit", "https://raw.githubusercontent.com/BucknellDSC/suzette/refs/heads/master/suzette_gazetteer.xml#suzpl0016", "", "France", "France"
"ch082", "sciences_naturelles", "https://raw.githubusercontent.com/BucknellDSC/suzette/refs/heads/master/suzette_gazetteer.xml#suzpl0927", "", "Amériques", "Amérique"
"ch082", "sciences_naturelles", "https://raw.githubusercontent.com/BucknellDSC/suzette/refs/heads/master/suzette_gazetteer.xml#suzpl0012", "", "Chili", "Chili"
"ch082", "sciences_naturelles", "https://raw.githubusercontent.com/BucknellDSC/suzette/refs/heads/master/suzette_gazetteer.xml#suzpl0014", "", "Espagne", "Espagne"
"ch082", "sciences_naturelles", "https://raw.githubusercontent.com/BucknellDSC/suzette/refs/heads/master/suzette_gazetteer.xml#suzpl0009", "", "États-Unis", "Etats-Unis"
"ch082", "sciences_naturelles", "https://raw.githubusercontent.com/BucknellDSC/suzette/refs/heads/master/suzette_gazetteer.xml#suzpl0009", "", "États-Unis", "Etats-Unis"
"ch082", "sciences_naturelles", "https://raw.githubusercontent.com/BucknellDSC/suzette/refs/heads/master/suzette_gazetteer.xml#suzpl0654", "", "Toscane", "Toscane"
"ch082", "sciences_naturelles", "https://raw.githubusercontent.com/BucknellDSC/suzette/refs/heads/master/suzette_gazetteer.xml#suzpl0717", "", "lac Supérieur", "lac Supérieur"
"ch082", "industrie", "https://raw.githubusercontent.com/BucknellDSC/suzette/refs/heads/master/suzette_gazetteer.xml#suzpl0044", "", "Paris", "Paris""Chapter", "Section", "Ref", "SameAs", "Key", "Place"
"ch083", "récit", "https://raw.githubusercontent.com/BucknellDSC/suzette/refs/heads/master/suzette_gazetteer.xml#suzpl0009", "", "États-Unis", "Amérique"
"ch083", "récit", "https://raw.githubusercontent.com/BucknellDSC/suzette/refs/heads/master/suzette_gazetteer.xml#suzpl0020", "", "Australie", "Australie"
"ch083", "récit", "https://raw.githubusercontent.com/BucknellDSC/suzette/refs/heads/master/suzette_gazetteer.xml#suzpl0013", "", "Chine", "Chine"
"ch083", "récit", "https://raw.githubusercontent.com/BucknellDSC/suzette/refs/heads/master/suzette_gazetteer.xml#suzpl0475", "", "Le Creusot", "Creusot"
"ch083", "récit", "https://raw.githubusercontent.com/BucknellDSC/suzette/refs/heads/master/suzette_gazetteer.xml#suzpl0632", "", "Saône-et-Loire", "Saône-et-Loire"
"ch083", "récit", "https://raw.githubusercontent.com/BucknellDSC/suzette/refs/heads/master/suzette_gazetteer.xml#suzpl0869", "", "îles océaniennes", "îles océaniennes"
"ch083", "sciences_naturelles", "https://raw.githubusercontent.com/BucknellDSC/suzette/refs/heads/master/suzette_gazetteer.xml#suzpl0255", "", "Elbe", "Elbe"
"ch083", "sciences_naturelles", "https://raw.githubusercontent.com/BucknellDSC/suzette/refs/heads/master/suzette_gazetteer.xml#suzpl0009", "", "États-Unis", "Etats-Unis"
"ch083", "sciences_naturelles", "https://raw.githubusercontent.com/BucknellDSC/suzette/refs/heads/master/suzette_gazetteer.xml#suzpl0019", "", "Suéde", "Suède"
"ch083", "géographie", "https://raw.githubusercontent.com/BucknellDSC/suzette/refs/heads/master/suzette_gazetteer.xml#suzpl0020", "", "Australie", "Australie"
"ch083", "géographie", "https://raw.githubusercontent.com/BucknellDSC/suzette/refs/heads/master/suzette_gazetteer.xml#suzpl0016", "", "France", "France"
"ch083", "géographie", "https://raw.githubusercontent.com/BucknellDSC/suzette/refs/heads/master/suzette_gazetteer.xml#suzpl0006", "", "Océanie", "Océanie"
"ch083", "géographie", "https://raw.githubusercontent.com/BucknellDSC/suzette/refs/heads/master/suzette_gazetteer.xml#suzpl0006", "", "Océanie", "Océanie""Chapter", "Section", "Ref", "SameAs", "Key", "Place"
"ch084", "récit", "https://raw.githubusercontent.com/BucknellDSC/suzette/refs/heads/master/suzette_gazetteer.xml#suzpl0011", "", "Allemagne", "Allemagne"
"ch084", "récit", "https://raw.githubusercontent.com/BucknellDSC/suzette/refs/heads/master/suzette_gazetteer.xml#suzpl0010", "", "Angleterre", "Angleterre"
"ch084", "récit", "https://raw.githubusercontent.com/BucknellDSC/suzette/refs/heads/master/suzette_gazetteer.xml#suzpl0052", "", "Bordeaux", "Bordeaux"
"ch084", "récit", "https://raw.githubusercontent.com/BucknellDSC/suzette/refs/heads/master/suzette_gazetteer.xml#suzpl0016", "", "France", "France"
"ch084", "récit", "https://raw.githubusercontent.com/BucknellDSC/suzette/refs/heads/master/suzette_gazetteer.xml#suzpl0518", "", "Le Havre", "Havre"
"ch084", "récit", "https://raw.githubusercontent.com/BucknellDSC/suzette/refs/heads/master/suzette_gazetteer.xml#suzpl0048", "", "Marseille", "Marseille"
"ch084", "récit", "https://raw.githubusercontent.com/BucknellDSC/suzette/refs/heads/master/suzette_gazetteer.xml#suzpl0625", "", "Saint-Nazaire", "Saint-Nazaire"
"ch084", "récit", "https://raw.githubusercontent.com/BucknellDSC/suzette/refs/heads/master/suzette_gazetteer.xml#suzpl0739", "", "Weser", "Weser"
"ch084", "questionnaire", "https://raw.githubusercontent.com/BucknellDSC/suzette/refs/heads/master/suzette_gazetteer.xml#suzpl0011", "", "Allemagne", "Allemagne"
"ch084", "histoire", "https://raw.githubusercontent.com/BucknellDSC/suzette/refs/heads/master/suzette_gazetteer.xml#suzpl0011", "", "Allemagne", "Allemagne"
"ch084", "histoire", "https://raw.githubusercontent.com/BucknellDSC/suzette/refs/heads/master/suzette_gazetteer.xml#suzpl0016", "", "France", "France"
"ch084", "histoire", "https://raw.githubusercontent.com/BucknellDSC/suzette/refs/heads/master/suzette_gazetteer.xml#suzpl0016", "", "France", "France"
"ch084", "histoire", "https://raw.githubusercontent.com/BucknellDSC/suzette/refs/heads/master/suzette_gazetteer.xml#suzpl0211", "", "Provence", "Provence"
"ch084", "histoire", "https://raw.githubusercontent.com/BucknellDSC/suzette/refs/heads/master/suzette_gazetteer.xml#suzpl0643", "", "Spire", "Spire"
"ch084", "industrie", "https://raw.githubusercontent.com/BucknellDSC/suzette/refs/heads/master/suzette_gazetteer.xml#suzpl0001", "", "Afrique", "Afrique"
"ch084", "industrie", "https://raw.githubusercontent.com/BucknellDSC/suzette/refs/heads/master/suzette_gazetteer.xml#suzpl0349", "", "Amérique septentrionale", "Amérique"
"ch084", "industrie", "https://raw.githubusercontent.com/BucknellDSC/suzette/refs/heads/master/suzette_gazetteer.xml#suzpl0004", "", "Asie", "Asie"
"ch084", "industrie", "https://raw.githubusercontent.com/BucknellDSC/suzette/refs/heads/master/suzette_gazetteer.xml#suzpl0005", "", "Europe", "Europe"
"ch084", "industrie", "https://raw.githubusercontent.com/BucknellDSC/suzette/refs/heads/master/suzette_gazetteer.xml#suzpl0518", "", "Le Havre", "Havre"
"ch084", "industrie", "https://raw.githubusercontent.com/BucknellDSC/suzette/refs/heads/master/suzette_gazetteer.xml#suzpl0575", "", "New York (City)", "New-York"
"ch084", "industrie", "https://raw.githubusercontent.com/BucknellDSC/suzette/refs/heads/master/suzette_gazetteer.xml#suzpl0006", "", "Océanie", "Océanie""Chapter", "Section", "Ref", "SameAs", "Key", "Place"
"ch085", "récit", "https://raw.githubusercontent.com/BucknellDSC/suzette/refs/heads/master/suzette_gazetteer.xml#suzpl0372", "", "Albany", "Albany"
"ch085", "récit", "https://raw.githubusercontent.com/BucknellDSC/suzette/refs/heads/master/suzette_gazetteer.xml#suzpl0372", "", "Albany", "Albany"
"ch085", "récit", "https://raw.githubusercontent.com/BucknellDSC/suzette/refs/heads/master/suzette_gazetteer.xml#suzpl0009", "", "États-Unis", "Amérique"
"ch085", "récit", "https://raw.githubusercontent.com/BucknellDSC/suzette/refs/heads/master/suzette_gazetteer.xml#suzpl0009", "", "États-Unis", "Amérique"
"ch085", "récit", "https://raw.githubusercontent.com/BucknellDSC/suzette/refs/heads/master/suzette_gazetteer.xml#suzpl0009", "", "États-Unis", "Etats-Unis"
"ch085", "récit", "https://raw.githubusercontent.com/BucknellDSC/suzette/refs/heads/master/suzette_gazetteer.xml#suzpl0933", "", "Hudson (fleuve)", "Hudson"
"ch085", "récit", "https://raw.githubusercontent.com/BucknellDSC/suzette/refs/heads/master/suzette_gazetteer.xml#suzpl0575", "", "New York (City)", "New York"
"ch085", "récit", "https://raw.githubusercontent.com/BucknellDSC/suzette/refs/heads/master/suzette_gazetteer.xml#suzpl0575", "", "New York (City)", "New-York"
"ch085", "récit", "https://raw.githubusercontent.com/BucknellDSC/suzette/refs/heads/master/suzette_gazetteer.xml#suzpl0044", "", "Paris", "Paris"
"ch085", "récit", "https://raw.githubusercontent.com/BucknellDSC/suzette/refs/heads/master/suzette_gazetteer.xml#suzpl0739", "", "Weser", "Weser"
"ch085", "questionnaire", "https://raw.githubusercontent.com/BucknellDSC/suzette/refs/heads/master/suzette_gazetteer.xml#suzpl0009", "", "États-Unis", "Amérique"
"ch085", "questionnaire", "https://raw.githubusercontent.com/BucknellDSC/suzette/refs/heads/master/suzette_gazetteer.xml#suzpl0933", "", "Hudson (fleuve)", "Hudson"
"ch085", "histoire", "https://raw.githubusercontent.com/BucknellDSC/suzette/refs/heads/master/suzette_gazetteer.xml#suzpl0370", "", "Ajaccio", "Ajaccio"
"ch085", "histoire", "https://raw.githubusercontent.com/BucknellDSC/suzette/refs/heads/master/suzette_gazetteer.xml#suzpl0385", "", "Arcole", "Arcole"
"ch085", "histoire", "https://raw.githubusercontent.com/BucknellDSC/suzette/refs/heads/master/suzette_gazetteer.xml#suzpl0393", "", "Autun", "Autun"
"ch085", "histoire", "https://raw.githubusercontent.com/BucknellDSC/suzette/refs/heads/master/suzette_gazetteer.xml#suzpl0394", "", "Auxonne", "Auxonne"
"ch085", "histoire", "https://raw.githubusercontent.com/BucknellDSC/suzette/refs/heads/master/suzette_gazetteer.xml#suzpl0433", "", "Castiglione", "Castiglione"
"ch085", "histoire", "https://raw.githubusercontent.com/BucknellDSC/suzette/refs/heads/master/suzette_gazetteer.xml#suzpl0028", "", "Corse", "Corse"
"ch085", "histoire", "https://raw.githubusercontent.com/BucknellDSC/suzette/refs/heads/master/suzette_gazetteer.xml#suzpl0023", "", "Égypte", "Egypte"
"ch085", "histoire", "https://raw.githubusercontent.com/BucknellDSC/suzette/refs/heads/master/suzette_gazetteer.xml#suzpl0005", "", "Europe", "Europe"
"ch085", "histoire", "https://raw.githubusercontent.com/BucknellDSC/suzette/refs/heads/master/suzette_gazetteer.xml#suzpl0005", "", "Europe", "Europe"
"ch085", "histoire", "https://raw.githubusercontent.com/BucknellDSC/suzette/refs/heads/master/suzette_gazetteer.xml#suzpl0016", "", "France", "France"
"ch085", "histoire", "https://raw.githubusercontent.com/BucknellDSC/suzette/refs/heads/master/suzette_gazetteer.xml#suzpl0016", "", "France", "France"
"ch085", "histoire", "https://raw.githubusercontent.com/BucknellDSC/suzette/refs/heads/master/suzette_gazetteer.xml#suzpl0016", "", "France", "France"
"ch085", "histoire", "https://raw.githubusercontent.com/BucknellDSC/suzette/refs/heads/master/suzette_gazetteer.xml#suzpl0354", "", "Hindoustan", "Hindoustan"
"ch085", "histoire", "https://raw.githubusercontent.com/BucknellDSC/suzette/refs/heads/master/suzette_gazetteer.xml#suzpl0015", "", "Italie", "Italie"
"ch085", "histoire", "https://raw.githubusercontent.com/BucknellDSC/suzette/refs/heads/master/suzette_gazetteer.xml#suzpl0935", "", "Montenotte", "Montenotte"
"ch085", "histoire", "https://raw.githubusercontent.com/BucknellDSC/suzette/refs/heads/master/suzette_gazetteer.xml#suzpl0044", "", "Paris", "Paris"
"ch085", "histoire", "https://raw.githubusercontent.com/BucknellDSC/suzette/refs/heads/master/suzette_gazetteer.xml#suzpl0615", "", "Rivoli", "Rivoli"
"ch085", "histoire", "https://raw.githubusercontent.com/BucknellDSC/suzette/refs/heads/master/suzette_gazetteer.xml#suzpl0628", "", "Sainte-Hélene", "Sainte-Hélene"
"ch085", "histoire", "https://raw.githubusercontent.com/BucknellDSC/suzette/refs/heads/master/suzette_gazetteer.xml#suzpl0655", "", "Toulon", "Toulon"
"ch085", "histoire", "https://raw.githubusercontent.com/BucknellDSC/suzette/refs/heads/master/suzette_gazetteer.xml#suzpl0655", "", "Toulon", "Toulon"
"ch085", "histoire", "https://raw.githubusercontent.com/BucknellDSC/suzette/refs/heads/master/suzette_gazetteer.xml#suzpl0080", "", "Valence", "Valence"
"ch085", "histoire", "https://raw.githubusercontent.com/BucknellDSC/suzette/refs/heads/master/suzette_gazetteer.xml#suzpl0934", "", "École militaire", "École militaire"
"ch085", "histoire", "https://raw.githubusercontent.com/BucknellDSC/suzette/refs/heads/master/suzette_gazetteer.xml#suzpl0023", "", "Égypte", "Égypte"
"ch085", "histoire", "https://raw.githubusercontent.com/BucknellDSC/suzette/refs/heads/master/suzette_gazetteer.xml#suzpl0845", "", "École de Brienne", "école préparatoire de Brienne"
"ch085", "géographie", "https://raw.githubusercontent.com/BucknellDSC/suzette/refs/heads/master/suzette_gazetteer.xml#suzpl0002", "", "Amérique du nord", "Amérique du Nord"
"ch085", "géographie", "https://raw.githubusercontent.com/BucknellDSC/suzette/refs/heads/master/suzette_gazetteer.xml#suzpl0227", "", "Arkansas", "Arkansas"
"ch085", "géographie", "https://raw.githubusercontent.com/BucknellDSC/suzette/refs/heads/master/suzette_gazetteer.xml#suzpl0348", "", "Atlantique", "Atlantique"
"ch085", "géographie", "https://raw.githubusercontent.com/BucknellDSC/suzette/refs/heads/master/suzette_gazetteer.xml#suzpl0397", "", "Baltimore", "Baltimore"
"ch085", "géographie", "https://raw.githubusercontent.com/BucknellDSC/suzette/refs/heads/master/suzette_gazetteer.xml#suzpl0413", "", "Boston", "Boston"
"ch085", "géographie", "https://raw.githubusercontent.com/BucknellDSC/suzette/refs/heads/master/suzette_gazetteer.xml#suzpl0302", "", "Canada", "Canada"
"ch085", "géographie", "https://raw.githubusercontent.com/BucknellDSC/suzette/refs/heads/master/suzette_gazetteer.xml#suzpl0451", "", "Chicago", "Chicago"
"ch085", "géographie", "https://raw.githubusercontent.com/BucknellDSC/suzette/refs/heads/master/suzette_gazetteer.xml#suzpl0482", "", "Delaware", "Delaware"
"ch085", "géographie", "https://raw.githubusercontent.com/BucknellDSC/suzette/refs/heads/master/suzette_gazetteer.xml#suzpl0706", "", "Erié", "Erie"
"ch085", "géographie", "https://raw.githubusercontent.com/BucknellDSC/suzette/refs/heads/master/suzette_gazetteer.xml#suzpl0009", "", "États-Unis", "Etats-Unis"
"ch085", "géographie", "https://raw.githubusercontent.com/BucknellDSC/suzette/refs/heads/master/suzette_gazetteer.xml#suzpl0009", "", "États-Unis", "Etats-Unis"
"ch085", "géographie", "https://raw.githubusercontent.com/BucknellDSC/suzette/refs/heads/master/suzette_gazetteer.xml#suzpl0005", "", "Europe", "Europe"
"ch085", "géographie", "https://raw.githubusercontent.com/BucknellDSC/suzette/refs/heads/master/suzette_gazetteer.xml#suzpl0933", "", "Hudson (fleuve)", "Hudson"
"ch085", "géographie", "https://raw.githubusercontent.com/BucknellDSC/suzette/refs/heads/master/suzette_gazetteer.xml#suzpl0713", "", "Huron", "Huron"
"ch085", "géographie", "https://raw.githubusercontent.com/BucknellDSC/suzette/refs/heads/master/suzette_gazetteer.xml#suzpl0357", "", "Mexique", "Mexique"
"ch085", "géographie", "https://raw.githubusercontent.com/BucknellDSC/suzette/refs/heads/master/suzette_gazetteer.xml#suzpl0723", "", "Michigan", "Michigan"
"ch085", "géographie", "https://raw.githubusercontent.com/BucknellDSC/suzette/refs/heads/master/suzette_gazetteer.xml#suzpl0304", "", "Mississipi", "Mississippi"
"ch085", "géographie", "https://raw.githubusercontent.com/BucknellDSC/suzette/refs/heads/master/suzette_gazetteer.xml#suzpl0305", "", "Missouri", "Missouri"
"ch085", "géographie", "https://raw.githubusercontent.com/BucknellDSC/suzette/refs/heads/master/suzette_gazetteer.xml#suzpl0575", "", "New York (City)", "New-York"
"ch085", "géographie", "https://raw.githubusercontent.com/BucknellDSC/suzette/refs/heads/master/suzette_gazetteer.xml#suzpl0583", "", "Nouvelle-Bretagne", "Nouvelle-Bretagne"
"ch085", "géographie", "https://raw.githubusercontent.com/BucknellDSC/suzette/refs/heads/master/suzette_gazetteer.xml#suzpl0584", "", "Nouvelle-Orléans", "Nouvelle-Orléans"
"ch085", "géographie", "https://raw.githubusercontent.com/BucknellDSC/suzette/refs/heads/master/suzette_gazetteer.xml#suzpl0319", "", "Ohio", "Ohio"
"ch085", "géographie", "https://raw.githubusercontent.com/BucknellDSC/suzette/refs/heads/master/suzette_gazetteer.xml#suzpl0320", "", "Ontario", "Ontario"
"ch085", "géographie", "https://raw.githubusercontent.com/BucknellDSC/suzette/refs/heads/master/suzette_gazetteer.xml#suzpl0324", "", "Pacifique", "Pacifique"
"ch085", "géographie", "https://raw.githubusercontent.com/BucknellDSC/suzette/refs/heads/master/suzette_gazetteer.xml#suzpl0597", "", "Philadelphie", "Philadelphie"
"ch085", "géographie", "https://raw.githubusercontent.com/BucknellDSC/suzette/refs/heads/master/suzette_gazetteer.xml#suzpl0597", "", "Philadelphie", "Philadelphie"
"ch085", "géographie", "https://raw.githubusercontent.com/BucknellDSC/suzette/refs/heads/master/suzette_gazetteer.xml#suzpl0600", "", "Pittsburg", "Pittsburg"
"ch085", "géographie", "https://raw.githubusercontent.com/BucknellDSC/suzette/refs/heads/master/suzette_gazetteer.xml#suzpl0697", "", "Saint-Louis", "Saint-Louis"
"ch085", "géographie", "https://raw.githubusercontent.com/BucknellDSC/suzette/refs/heads/master/suzette_gazetteer.xml#suzpl0631", "", "San-Francisco", "San-Francisco"
"ch085", "géographie", "https://raw.githubusercontent.com/BucknellDSC/suzette/refs/heads/master/suzette_gazetteer.xml#suzpl0717", "", "lac Supérieur", "Supérieur"
"ch085", "géographie", "https://raw.githubusercontent.com/BucknellDSC/suzette/refs/heads/master/suzette_gazetteer.xml#suzpl0734", "", "Susquehanna River", "Susquehannah"
"ch085", "géographie", "https://raw.githubusercontent.com/BucknellDSC/suzette/refs/heads/master/suzette_gazetteer.xml#suzpl0127", "", "Versailles", "Versailles"
"ch085", "géographie", "https://raw.githubusercontent.com/BucknellDSC/suzette/refs/heads/master/suzette_gazetteer.xml#suzpl0670", "", "Washington", "Washington"
"ch085", "géographie", "https://raw.githubusercontent.com/BucknellDSC/suzette/refs/heads/master/suzette_gazetteer.xml#suzpl0312", "", "Niagara", "cataracte du Niagara"
"ch085", "géographie", "https://raw.githubusercontent.com/BucknellDSC/suzette/refs/heads/master/suzette_gazetteer.xml#suzpl0009", "", "États-Unis", "ÉTATS-UNIS"
"ch085", "géographie", "https://raw.githubusercontent.com/BucknellDSC/suzette/refs/heads/master/suzette_gazetteer.xml#suzpl0009", "", "États-Unis", "États-Unis"
"ch085", "industrie", "https://raw.githubusercontent.com/BucknellDSC/suzette/refs/heads/master/suzette_gazetteer.xml#suzpl0010", "", "Angleterre", "Angleterre"
"ch085", "industrie", "https://raw.githubusercontent.com/BucknellDSC/suzette/refs/heads/master/suzette_gazetteer.xml#suzpl0018", "", "Turquie", "Turquie""Chapter", "Section", "Ref", "SameAs", "Key", "Place"
"ch086", "récit", "https://raw.githubusercontent.com/BucknellDSC/suzette/refs/heads/master/suzette_gazetteer.xml#suzpl0045", "", "Arles", "Arles"
"ch086", "récit", "https://raw.githubusercontent.com/BucknellDSC/suzette/refs/heads/master/suzette_gazetteer.xml#suzpl0045", "", "Arles", "Arles"
"ch086", "récit", "https://raw.githubusercontent.com/BucknellDSC/suzette/refs/heads/master/suzette_gazetteer.xml#suzpl0337", "", "Bretagne", "Bretagne"
"ch086", "récit", "", "", "", "Fragicourt"
"ch086", "récit", "https://raw.githubusercontent.com/BucknellDSC/suzette/refs/heads/master/suzette_gazetteer.xml#suzpl0157", "", "Franche-Comté", "Franche-Comté"
"ch086", "récit", "https://raw.githubusercontent.com/BucknellDSC/suzette/refs/heads/master/suzette_gazetteer.xml#suzpl0873", "", "La Joliette", "Le bassin de la Joliette"
"ch086", "récit", "https://raw.githubusercontent.com/BucknellDSC/suzette/refs/heads/master/suzette_gazetteer.xml#suzpl0048", "", "Marseille", "Marseille"
"ch086", "récit", "https://raw.githubusercontent.com/BucknellDSC/suzette/refs/heads/master/suzette_gazetteer.xml#suzpl0048", "", "Marseille", "Marseille"
"ch086", "récit", "https://raw.githubusercontent.com/BucknellDSC/suzette/refs/heads/master/suzette_gazetteer.xml#suzpl0220", "", "France méridionale (Midi)", "Midi"
"ch086", "récit", "https://raw.githubusercontent.com/BucknellDSC/suzette/refs/heads/master/suzette_gazetteer.xml#suzpl0044", "", "Paris", "Paris"
"ch086", "récit", "https://raw.githubusercontent.com/BucknellDSC/suzette/refs/heads/master/suzette_gazetteer.xml#suzpl0605", "", "port du Havre", "port du Havre"
"ch086", "questionnaire", "https://raw.githubusercontent.com/BucknellDSC/suzette/refs/heads/master/suzette_gazetteer.xml#suzpl0045", "", "Arles", "Arles"
"ch086", "questionnaire", "https://raw.githubusercontent.com/BucknellDSC/suzette/refs/heads/master/suzette_gazetteer.xml#suzpl0337", "", "Bretagne", "Bretagne"
"ch086", "questionnaire", "https://raw.githubusercontent.com/BucknellDSC/suzette/refs/heads/master/suzette_gazetteer.xml#suzpl0873", "", "La Joliette", "Joliette"
"ch086", "français", "https://raw.githubusercontent.com/BucknellDSC/suzette/refs/heads/master/suzette_gazetteer.xml#suzpl0467", "", "Constantinople", "Constantinople"
"ch086", "français", "https://raw.githubusercontent.com/BucknellDSC/suzette/refs/heads/master/suzette_gazetteer.xml#suzpl0064", "", "Orléans", "Orléans"
"ch086", "français", "https://raw.githubusercontent.com/BucknellDSC/suzette/refs/heads/master/suzette_gazetteer.xml#suzpl0613", "", "Reichshoffen", "Reichshoffen"
"ch086", "français", "https://raw.githubusercontent.com/BucknellDSC/suzette/refs/heads/master/suzette_gazetteer.xml#suzpl0901", "", "Waterloo", "Waterloo"
"ch086", "industrie", "https://raw.githubusercontent.com/BucknellDSC/suzette/refs/heads/master/suzette_gazetteer.xml#suzpl0058", "", "Amiens", "Amiens"
"ch086", "géographie", "https://raw.githubusercontent.com/BucknellDSC/suzette/refs/heads/master/suzette_gazetteer.xml#suzpl0745", "", "Adour", "Adour"
"ch086", "géographie", "https://raw.githubusercontent.com/BucknellDSC/suzette/refs/heads/master/suzette_gazetteer.xml#suzpl0745", "", "Adour", "Adour"
"ch086", "géographie", "https://raw.githubusercontent.com/BucknellDSC/suzette/refs/heads/master/suzette_gazetteer.xml#suzpl0001", "", "Afrique", "Afrique"
"ch086", "géographie", "https://raw.githubusercontent.com/BucknellDSC/suzette/refs/heads/master/suzette_gazetteer.xml#suzpl0688", "", "Agout", "Agout"
"ch086", "géographie", "https://raw.githubusercontent.com/BucknellDSC/suzette/refs/heads/master/suzette_gazetteer.xml#suzpl0261", "", "Ain", "Ain"
"ch086", "géographie", "https://raw.githubusercontent.com/BucknellDSC/suzette/refs/heads/master/suzette_gazetteer.xml#suzpl0261", "", "Ain", "Ain"
"ch086", "géographie", "https://raw.githubusercontent.com/BucknellDSC/suzette/refs/heads/master/suzette_gazetteer.xml#suzpl0046", "", "Aix en Provence", "Aix"
"ch086", "géographie", "https://raw.githubusercontent.com/BucknellDSC/suzette/refs/heads/master/suzette_gazetteer.xml#suzpl0046", "", "Aix en Provence", "Aix"
"ch086", "géographie", "https://raw.githubusercontent.com/BucknellDSC/suzette/refs/heads/master/suzette_gazetteer.xml#suzpl0022", "", "Algérie", "Algérie"
"ch086", "géographie", "https://raw.githubusercontent.com/BucknellDSC/suzette/refs/heads/master/suzette_gazetteer.xml#suzpl0376", "", "Alise-Sainte-Reine", "Alise-Sainte-Reine"
"ch086", "géographie", "https://raw.githubusercontent.com/BucknellDSC/suzette/refs/heads/master/suzette_gazetteer.xml#suzpl0303", "", "Alpes", "Alpes"
"ch086", "géographie", "https://raw.githubusercontent.com/BucknellDSC/suzette/refs/heads/master/suzette_gazetteer.xml#suzpl0374", "", "Alésia", "Alésia"
"ch086", "géographie", "https://raw.githubusercontent.com/BucknellDSC/suzette/refs/heads/master/suzette_gazetteer.xml#suzpl0003", "", "Amérique du sud", "Amérique du Sud"
"ch086", "géographie", "https://raw.githubusercontent.com/BucknellDSC/suzette/refs/heads/master/suzette_gazetteer.xml#suzpl0267", "", "Ariège", "Ariège"
"ch086", "géographie", "https://raw.githubusercontent.com/BucknellDSC/suzette/refs/heads/master/suzette_gazetteer.xml#suzpl0045", "", "Arles", "Arles"
"ch086", "géographie", "https://raw.githubusercontent.com/BucknellDSC/suzette/refs/heads/master/suzette_gazetteer.xml#suzpl0045", "", "Arles", "Arles"
"ch086", "géographie", "https://raw.githubusercontent.com/BucknellDSC/suzette/refs/heads/master/suzette_gazetteer.xml#suzpl0004", "", "Asie", "Asie"
"ch086", "géographie", "https://raw.githubusercontent.com/BucknellDSC/suzette/refs/heads/master/suzette_gazetteer.xml#suzpl0174", "", "Aude", "Aude"
"ch086", "géographie", "https://raw.githubusercontent.com/BucknellDSC/suzette/refs/heads/master/suzette_gazetteer.xml#suzpl0174", "", "Aude", "Aude"
"ch086", "géographie", "https://raw.githubusercontent.com/BucknellDSC/suzette/refs/heads/master/suzette_gazetteer.xml#suzpl0393", "", "Autun", "Autun"
"ch086", "géographie", "https://raw.githubusercontent.com/BucknellDSC/suzette/refs/heads/master/suzette_gazetteer.xml#suzpl0102", "", "Auxerre", "Auxerre"
"ch086", "géographie", "https://raw.githubusercontent.com/BucknellDSC/suzette/refs/heads/master/suzette_gazetteer.xml#suzpl0395", "", "Avallon", "Avallon"
"ch086", "géographie", "https://raw.githubusercontent.com/BucknellDSC/suzette/refs/heads/master/suzette_gazetteer.xml#suzpl0418", "", "Bourgogne", "BOURGOGNE"
"ch086", "géographie", "https://raw.githubusercontent.com/BucknellDSC/suzette/refs/heads/master/suzette_gazetteer.xml#suzpl0400", "", "Beaune", "Beaune"
"ch086", "géographie", "https://raw.githubusercontent.com/BucknellDSC/suzette/refs/heads/master/suzette_gazetteer.xml#suzpl0401", "", "Belley", "Belley"
"ch086", "géographie", "https://raw.githubusercontent.com/BucknellDSC/suzette/refs/heads/master/suzette_gazetteer.xml#suzpl0125", "", "Besançon", "Besançon"
"ch086", "géographie", "https://raw.githubusercontent.com/BucknellDSC/suzette/refs/heads/master/suzette_gazetteer.xml#suzpl0052", "", "Bordeaux", "Bordeaux"
"ch086", "géographie", "https://raw.githubusercontent.com/BucknellDSC/suzette/refs/heads/master/suzette_gazetteer.xml#suzpl0052", "", "Bordeaux", "Bordeaux"
"ch086", "géographie", "https://raw.githubusercontent.com/BucknellDSC/suzette/refs/heads/master/suzette_gazetteer.xml#suzpl0052", "", "Bordeaux", "Bordeaux"
"ch086", "géographie", "https://raw.githubusercontent.com/BucknellDSC/suzette/refs/heads/master/suzette_gazetteer.xml#suzpl0415", "", "Bourbonnais", "Bourbonnais"
"ch086", "géographie", "https://raw.githubusercontent.com/BucknellDSC/suzette/refs/heads/master/suzette_gazetteer.xml#suzpl0416", "", "Bourg", "Bourg"
"ch086", "géographie", "https://raw.githubusercontent.com/BucknellDSC/suzette/refs/heads/master/suzette_gazetteer.xml#suzpl0418", "", "Bourgogne", "Bourgogne"
"ch086", "géographie", "https://raw.githubusercontent.com/BucknellDSC/suzette/refs/heads/master/suzette_gazetteer.xml#suzpl0418", "", "Bourgogne", "Bourgogne"
"ch086", "géographie", "https://raw.githubusercontent.com/BucknellDSC/suzette/refs/heads/master/suzette_gazetteer.xml#suzpl0418", "", "Bourgogne", "Bourgogne"
"ch086", "géographie", "https://raw.githubusercontent.com/BucknellDSC/suzette/refs/heads/master/suzette_gazetteer.xml#suzpl0418", "", "Bourgogne", "Bourgogne"
"ch086", "géographie", "https://raw.githubusercontent.com/BucknellDSC/suzette/refs/heads/master/suzette_gazetteer.xml#suzpl0158", "", "Béarn", "Béarn"
"ch086", "géographie", "https://raw.githubusercontent.com/BucknellDSC/suzette/refs/heads/master/suzette_gazetteer.xml#suzpl0438", "", "Chalon", "Chalon"
"ch086", "géographie", "https://raw.githubusercontent.com/BucknellDSC/suzette/refs/heads/master/suzette_gazetteer.xml#suzpl0440", "", "Champagne", "Champagne"
"ch086", "géographie", "https://raw.githubusercontent.com/BucknellDSC/suzette/refs/heads/master/suzette_gazetteer.xml#suzpl0445", "", "Charolais", "Charolais"
"ch086", "géographie", "https://raw.githubusercontent.com/BucknellDSC/suzette/refs/heads/master/suzette_gazetteer.xml#suzpl0446", "", "Charolles", "Charolles"
"ch086", "géographie", "https://raw.githubusercontent.com/BucknellDSC/suzette/refs/heads/master/suzette_gazetteer.xml#suzpl0447", "", "Châtillon-sur-Seine", "Châtillon"
"ch086", "géographie", "https://raw.githubusercontent.com/BucknellDSC/suzette/refs/heads/master/suzette_gazetteer.xml#suzpl0447", "", "Châtillon-sur-Seine", "Châtillon-sur-Seine"
"ch086", "géographie", "https://raw.githubusercontent.com/BucknellDSC/suzette/refs/heads/master/suzette_gazetteer.xml#suzpl0455", "", "Cluny", "Cluny"
"ch086", "géographie", "https://raw.githubusercontent.com/BucknellDSC/suzette/refs/heads/master/suzette_gazetteer.xml#suzpl0475", "", "Le Creusot", "Creusot"
"ch086", "géographie", "https://raw.githubusercontent.com/BucknellDSC/suzette/refs/heads/master/suzette_gazetteer.xml#suzpl0475", "", "Le Creusot", "Creusot"
"ch086", "géographie", "https://raw.githubusercontent.com/BucknellDSC/suzette/refs/heads/master/suzette_gazetteer.xml#suzpl0246", "", "Cévennes", "Cévennes"
"ch086", "géographie", "https://raw.githubusercontent.com/BucknellDSC/suzette/refs/heads/master/suzette_gazetteer.xml#suzpl0347", "", "Côte-d'Or", "Côte-d'Or"
"ch086", "géographie", "https://raw.githubusercontent.com/BucknellDSC/suzette/refs/heads/master/suzette_gazetteer.xml#suzpl0480", "", "Dauphiné", "Dauphiné"
"ch086", "géographie", "https://raw.githubusercontent.com/BucknellDSC/suzette/refs/heads/master/suzette_gazetteer.xml#suzpl0483", "", "Dijon", "Dijon"
"ch086", "géographie", "https://raw.githubusercontent.com/BucknellDSC/suzette/refs/heads/master/suzette_gazetteer.xml#suzpl0704", "", "Dordogne", "Dordogne"
"ch086", "géographie", "https://raw.githubusercontent.com/BucknellDSC/suzette/refs/heads/master/suzette_gazetteer.xml#suzpl0203", "", "Doubs", "Doubs"
"ch086", "géographie", "https://raw.githubusercontent.com/BucknellDSC/suzette/refs/heads/master/suzette_gazetteer.xml#suzpl0203", "", "Doubs", "Doubs"
"ch086", "géographie", "https://raw.githubusercontent.com/BucknellDSC/suzette/refs/heads/master/suzette_gazetteer.xml#suzpl0254", "", "Durance", "Durance"
"ch086", "géographie", "https://raw.githubusercontent.com/BucknellDSC/suzette/refs/heads/master/suzette_gazetteer.xml#suzpl0254", "", "Durance", "Durance"
"ch086", "géographie", "https://raw.githubusercontent.com/BucknellDSC/suzette/refs/heads/master/suzette_gazetteer.xml#suzpl0254", "", "Durance", "Durance"
"ch086", "géographie", "https://raw.githubusercontent.com/BucknellDSC/suzette/refs/heads/master/suzette_gazetteer.xml#suzpl0484", "", "Dôle", "Dôle"
"ch086", "géographie", "https://raw.githubusercontent.com/BucknellDSC/suzette/refs/heads/master/suzette_gazetteer.xml#suzpl0014", "", "Espagne", "Espagne"
"ch086", "géographie", "https://raw.githubusercontent.com/BucknellDSC/suzette/refs/heads/master/suzette_gazetteer.xml#suzpl0014", "", "Espagne", "Espagne"
"ch086", "géographie", "https://raw.githubusercontent.com/BucknellDSC/suzette/refs/heads/master/suzette_gazetteer.xml#suzpl0157", "", "Franche-Comté", "FRANCHE-COMTÉ"
"ch086", "géographie", "https://raw.githubusercontent.com/BucknellDSC/suzette/refs/heads/master/suzette_gazetteer.xml#suzpl0497", "", "Fougerolles", "Fougerolles"
"ch086", "géographie", "https://raw.githubusercontent.com/BucknellDSC/suzette/refs/heads/master/suzette_gazetteer.xml#suzpl0016", "", "France", "France"
"ch086", "géographie", "https://raw.githubusercontent.com/BucknellDSC/suzette/refs/heads/master/suzette_gazetteer.xml#suzpl0016", "", "France", "France"
"ch086", "géographie", "https://raw.githubusercontent.com/BucknellDSC/suzette/refs/heads/master/suzette_gazetteer.xml#suzpl0016", "", "France", "France"
"ch086", "géographie", "https://raw.githubusercontent.com/BucknellDSC/suzette/refs/heads/master/suzette_gazetteer.xml#suzpl0016", "", "France", "France"
"ch086", "géographie", "https://raw.githubusercontent.com/BucknellDSC/suzette/refs/heads/master/suzette_gazetteer.xml#suzpl0016", "", "France", "France"
"ch086", "géographie", "https://raw.githubusercontent.com/BucknellDSC/suzette/refs/heads/master/suzette_gazetteer.xml#suzpl0157", "", "Franche-Comté", "Franche-Comté"
"ch086", "géographie", "https://raw.githubusercontent.com/BucknellDSC/suzette/refs/heads/master/suzette_gazetteer.xml#suzpl0157", "", "Franche-Comté", "Franche-Comté"
"ch086", "géographie", "https://raw.githubusercontent.com/BucknellDSC/suzette/refs/heads/master/suzette_gazetteer.xml#suzpl0157", "", "Franche-Comté", "Franche-Comté"
"ch086", "géographie", "https://raw.githubusercontent.com/BucknellDSC/suzette/refs/heads/master/suzette_gazetteer.xml#suzpl0157", "", "Franche-Comté", "Franche-Comté"
"ch086", "géographie", "https://raw.githubusercontent.com/BucknellDSC/suzette/refs/heads/master/suzette_gazetteer.xml#suzpl0201", "", "Gard", "Gard"
"ch086", "géographie", "https://raw.githubusercontent.com/BucknellDSC/suzette/refs/heads/master/suzette_gazetteer.xml#suzpl0201", "", "Gard", "Gard"
"ch086", "géographie", "https://raw.githubusercontent.com/BucknellDSC/suzette/refs/heads/master/suzette_gazetteer.xml#suzpl0263", "", "Garonne", "Garonne"
"ch086", "géographie", "https://raw.githubusercontent.com/BucknellDSC/suzette/refs/heads/master/suzette_gazetteer.xml#suzpl0263", "", "Garonne", "Garonne"
"ch086", "géographie", "https://raw.githubusercontent.com/BucknellDSC/suzette/refs/heads/master/suzette_gazetteer.xml#suzpl0503", "", "Gascogne", "Gascogne"
"ch086", "géographie", "https://raw.githubusercontent.com/BucknellDSC/suzette/refs/heads/master/suzette_gazetteer.xml#suzpl0820", "", "Gaule", "Gaule"
"ch086", "géographie", "https://raw.githubusercontent.com/BucknellDSC/suzette/refs/heads/master/suzette_gazetteer.xml#suzpl0820", "", "Gaule", "Gaules"
"ch086", "géographie", "https://raw.githubusercontent.com/BucknellDSC/suzette/refs/heads/master/suzette_gazetteer.xml#suzpl0205", "", "Gers", "Gers"
"ch086", "géographie", "https://raw.githubusercontent.com/BucknellDSC/suzette/refs/heads/master/suzette_gazetteer.xml#suzpl0508", "", "Gray", "Gray"
"ch086", "géographie", "https://raw.githubusercontent.com/BucknellDSC/suzette/refs/heads/master/suzette_gazetteer.xml#suzpl0516", "", "Guyenne", "Guyenne"
"ch086", "géographie", "https://raw.githubusercontent.com/BucknellDSC/suzette/refs/heads/master/suzette_gazetteer.xml#suzpl0172", "", "Hérault", "Hérault"
"ch086", "géographie", "https://raw.githubusercontent.com/BucknellDSC/suzette/refs/heads/master/suzette_gazetteer.xml#suzpl0172", "", "Hérault", "Hérault"
"ch086", "géographie", "https://raw.githubusercontent.com/BucknellDSC/suzette/refs/heads/master/suzette_gazetteer.xml#suzpl0272", "", "Isle", "Isle"
"ch086", "géographie", "https://raw.githubusercontent.com/BucknellDSC/suzette/refs/heads/master/suzette_gazetteer.xml#suzpl0535", "", "Languedoc", "Languedoc"
"ch086", "géographie", "https://raw.githubusercontent.com/BucknellDSC/suzette/refs/heads/master/suzette_gazetteer.xml#suzpl0137", "", "Lons-le-Saunier", "Lons le-Saunier"
"ch086", "géographie", "https://raw.githubusercontent.com/BucknellDSC/suzette/refs/heads/master/suzette_gazetteer.xml#suzpl0137", "", "Lons-le-Saunier", "Lons-le-Saunier"
"ch086", "géographie", "https://raw.githubusercontent.com/BucknellDSC/suzette/refs/heads/master/suzette_gazetteer.xml#suzpl0291", "", "Lot", "Lot"
"ch086", "géographie", "https://raw.githubusercontent.com/BucknellDSC/suzette/refs/heads/master/suzette_gazetteer.xml#suzpl0548", "", "Louhans", "Louhans"
"ch086", "géographie", "https://raw.githubusercontent.com/BucknellDSC/suzette/refs/heads/master/suzette_gazetteer.xml#suzpl0549", "", "Lure", "Lure"
"ch086", "géographie", "https://raw.githubusercontent.com/BucknellDSC/suzette/refs/heads/master/suzette_gazetteer.xml#suzpl0550", "", "Lyonnais", "Lyonnais"
"ch086", "géographie", "https://raw.githubusercontent.com/BucknellDSC/suzette/refs/heads/master/suzette_gazetteer.xml#suzpl0048", "", "Marseille", "Marseille"
"ch086", "géographie", "https://raw.githubusercontent.com/BucknellDSC/suzette/refs/heads/master/suzette_gazetteer.xml#suzpl0048", "", "Marseille", "Marseille"
"ch086", "géographie", "https://raw.githubusercontent.com/BucknellDSC/suzette/refs/heads/master/suzette_gazetteer.xml#suzpl0220", "", "France méridionale (Midi)", "Midi"
"ch086", "géographie", "https://raw.githubusercontent.com/BucknellDSC/suzette/refs/heads/master/suzette_gazetteer.xml#suzpl0220", "", "France méridionale (Midi)", "Midi"
"ch086", "géographie", "https://raw.githubusercontent.com/BucknellDSC/suzette/refs/heads/master/suzette_gazetteer.xml#suzpl0220", "", "France méridionale (Midi)", "Midi"
"ch086", "géographie", "https://raw.githubusercontent.com/BucknellDSC/suzette/refs/heads/master/suzette_gazetteer.xml#suzpl0050", "", "Montauban", "Montauban"
"ch086", "géographie", "https://raw.githubusercontent.com/BucknellDSC/suzette/refs/heads/master/suzette_gazetteer.xml#suzpl0050", "", "Montauban", "Montauban"
"ch086", "géographie", "https://raw.githubusercontent.com/BucknellDSC/suzette/refs/heads/master/suzette_gazetteer.xml#suzpl0560", "", "Montbéliard", "Montbéliard"
"ch086", "géographie", "https://raw.githubusercontent.com/BucknellDSC/suzette/refs/heads/master/suzette_gazetteer.xml#suzpl0565", "", "Morvan", "Morvan"
"ch086", "géographie", "https://raw.githubusercontent.com/BucknellDSC/suzette/refs/heads/master/suzette_gazetteer.xml#suzpl0551", "", "Mâcon", "Mâcon"
"ch086", "géographie", "https://raw.githubusercontent.com/BucknellDSC/suzette/refs/heads/master/suzette_gazetteer.xml#suzpl0215", "", "Méditerranée", "Méditerranée"
"ch086", "géographie", "https://raw.githubusercontent.com/BucknellDSC/suzette/refs/heads/master/suzette_gazetteer.xml#suzpl0315", "", "Nivernais", "Nivernais"
"ch086", "géographie", "https://raw.githubusercontent.com/BucknellDSC/suzette/refs/heads/master/suzette_gazetteer.xml#suzpl0587", "", "Nuits", "Nuits"
"ch086", "géographie", "https://raw.githubusercontent.com/BucknellDSC/suzette/refs/heads/master/suzette_gazetteer.xml#suzpl0051", "", "Pau", "Pau"
"ch086", "géographie", "https://raw.githubusercontent.com/BucknellDSC/suzette/refs/heads/master/suzette_gazetteer.xml#suzpl0051", "", "Pau", "Pau"
"ch086", "géographie", "https://raw.githubusercontent.com/BucknellDSC/suzette/refs/heads/master/suzette_gazetteer.xml#suzpl0604", "", "Pontarlier", "Pontarlier"
"ch086", "géographie", "https://raw.githubusercontent.com/BucknellDSC/suzette/refs/heads/master/suzette_gazetteer.xml#suzpl0211", "", "Provence", "Provence"
"ch086", "géographie", "https://raw.githubusercontent.com/BucknellDSC/suzette/refs/heads/master/suzette_gazetteer.xml#suzpl0211", "", "Provence", "Provence"
"ch086", "géographie", "https://raw.githubusercontent.com/BucknellDSC/suzette/refs/heads/master/suzette_gazetteer.xml#suzpl0542", "", "Pyrénées", "Pyrénées"
"ch086", "géographie", "https://raw.githubusercontent.com/BucknellDSC/suzette/refs/heads/master/suzette_gazetteer.xml#suzpl0542", "", "les Pyrénées", "Pyrénées"
"ch086", "géographie", "https://raw.githubusercontent.com/BucknellDSC/suzette/refs/heads/master/suzette_gazetteer.xml#suzpl0198", "", "Rhône", "Rhône"
"ch086", "géographie", "https://raw.githubusercontent.com/BucknellDSC/suzette/refs/heads/master/suzette_gazetteer.xml#suzpl0198", "", "Rhône", "Rhône"
"ch086", "géographie", "https://raw.githubusercontent.com/BucknellDSC/suzette/refs/heads/master/suzette_gazetteer.xml#suzpl0619", "", "Roussillon", "Roussillon"
"ch086", "géographie", "https://raw.githubusercontent.com/BucknellDSC/suzette/refs/heads/master/suzette_gazetteer.xml#suzpl0138", "", "Salins", "Salins"
"ch086", "géographie", "https://raw.githubusercontent.com/BucknellDSC/suzette/refs/heads/master/suzette_gazetteer.xml#suzpl0138", "", "Salins", "Salins"
"ch086", "géographie", "https://raw.githubusercontent.com/BucknellDSC/suzette/refs/heads/master/suzette_gazetteer.xml#suzpl0262", "", "Savoie", "Savoie"
"ch086", "géographie", "https://raw.githubusercontent.com/BucknellDSC/suzette/refs/heads/master/suzette_gazetteer.xml#suzpl0731", "", "Saône", "Saône"
"ch086", "géographie", "https://raw.githubusercontent.com/BucknellDSC/suzette/refs/heads/master/suzette_gazetteer.xml#suzpl0731", "", "Saône", "Saône"
"ch086", "géographie", "https://raw.githubusercontent.com/BucknellDSC/suzette/refs/heads/master/suzette_gazetteer.xml#suzpl0732", "", "Seine", "Seine"
"ch086", "géographie", "https://raw.githubusercontent.com/BucknellDSC/suzette/refs/heads/master/suzette_gazetteer.xml#suzpl0636", "", "Semur", "Semur"
"ch086", "géographie", "https://raw.githubusercontent.com/BucknellDSC/suzette/refs/heads/master/suzette_gazetteer.xml#suzpl0645", "", "Suisse", "Suisse"
"ch086", "géographie", "https://raw.githubusercontent.com/BucknellDSC/suzette/refs/heads/master/suzette_gazetteer.xml#suzpl0645", "", "Suisse", "Suisse"
"ch086", "géographie", "https://raw.githubusercontent.com/BucknellDSC/suzette/refs/heads/master/suzette_gazetteer.xml#suzpl0692", "", "Sénégal", "Sénégal"
"ch086", "géographie", "https://raw.githubusercontent.com/BucknellDSC/suzette/refs/heads/master/suzette_gazetteer.xml#suzpl0168", "", "Tarn", "Tarn"
"ch086", "géographie", "https://raw.githubusercontent.com/BucknellDSC/suzette/refs/heads/master/suzette_gazetteer.xml#suzpl0049", "", "Toulouse", "Toulouse"
"ch086", "géographie", "https://raw.githubusercontent.com/BucknellDSC/suzette/refs/heads/master/suzette_gazetteer.xml#suzpl0049", "", "Toulouse", "Toulouse"
"ch086", "géographie", "https://raw.githubusercontent.com/BucknellDSC/suzette/refs/heads/master/suzette_gazetteer.xml#suzpl0658", "", "Trévoux", "Trévoux"
"ch086", "géographie", "https://raw.githubusercontent.com/BucknellDSC/suzette/refs/heads/master/suzette_gazetteer.xml#suzpl0736", "", "Têt", "Têt"
"ch086", "géographie", "https://raw.githubusercontent.com/BucknellDSC/suzette/refs/heads/master/suzette_gazetteer.xml#suzpl0736", "", "Têt", "Têt"
"ch086", "géographie", "https://raw.githubusercontent.com/BucknellDSC/suzette/refs/heads/master/suzette_gazetteer.xml#suzpl0737", "", "Var", "Var"
"ch086", "géographie", "https://raw.githubusercontent.com/BucknellDSC/suzette/refs/heads/master/suzette_gazetteer.xml#suzpl0665", "", "Vesoul", "Vesoul"
"ch086", "géographie", "https://raw.githubusercontent.com/BucknellDSC/suzette/refs/heads/master/suzette_gazetteer.xml#suzpl0192", "", "Yonne", "Yonne"
"ch086", "géographie", "https://raw.githubusercontent.com/BucknellDSC/suzette/refs/heads/master/suzette_gazetteer.xml#suzpl0463", "", "comtat d'Avignon", "comtat d'Avignon"
"ch086", "géographie", "https://raw.githubusercontent.com/BucknellDSC/suzette/refs/heads/master/suzette_gazetteer.xml#suzpl0465", "", "comté de Nice", "comté de Nice"
"ch086", "géographie", "https://raw.githubusercontent.com/BucknellDSC/suzette/refs/heads/master/suzette_gazetteer.xml#suzpl0464", "", "comté de Foix", "comté de Foix"
"ch086", "géographie", "https://raw.githubusercontent.com/BucknellDSC/suzette/refs/heads/master/suzette_gazetteer.xml#suzpl0475", "", "Le Creusot", "le Creusot"
"ch086", "géographie", "https://raw.githubusercontent.com/BucknellDSC/suzette/refs/heads/master/suzette_gazetteer.xml#suzpl0220", "", "France méridionale (Midi)", "midi de la France"
"ch086", "géographie", "https://raw.githubusercontent.com/BucknellDSC/suzette/refs/heads/master/suzette_gazetteer.xml#suzpl0306", "", "monts d'Auvergne", "monts d'Auvergne"
"ch086", "géographie", "https://raw.githubusercontent.com/BucknellDSC/suzette/refs/heads/master/suzette_gazetteer.xml#suzpl0263", "", "Garonne", "plaine garonnaise"
"ch086", "géographie", "https://raw.githubusercontent.com/BucknellDSC/suzette/refs/heads/master/suzette_gazetteer.xml#suzpl0326", "", "plateau de Langres", "plateau de Langres"
"ch086", "géographie", "https://raw.githubusercontent.com/BucknellDSC/suzette/refs/heads/master/suzette_gazetteer.xml#suzpl0620", "", "royaume de Provence", "royaume de Provence"
"ch086", "géographie", "https://raw.githubusercontent.com/BucknellDSC/suzette/refs/heads/master/suzette_gazetteer.xml#suzpl0850", "", "Église Saint-Sernin", "église Saint-Sernin""Chapter", "Section", "Ref", "SameAs", "Key", "Place"
"ch087", "récit", "https://raw.githubusercontent.com/BucknellDSC/suzette/refs/heads/master/suzette_gazetteer.xml#suzpl0852", "", "Fontaine des Innocents", "Fontaine des Innocents"
"ch087", "récit", "https://raw.githubusercontent.com/BucknellDSC/suzette/refs/heads/master/suzette_gazetteer.xml#suzpl0852", "", "Fontaine des Innocents", "Fontaine des Innocents"
"ch087", "récit", "https://raw.githubusercontent.com/BucknellDSC/suzette/refs/heads/master/suzette_gazetteer.xml#suzpl0858", "", "Les Halles", "Halles"
"ch087", "récit", "https://raw.githubusercontent.com/BucknellDSC/suzette/refs/heads/master/suzette_gazetteer.xml#suzpl0044", "", "Paris", "Paris"
"ch087", "récit", "https://raw.githubusercontent.com/BucknellDSC/suzette/refs/heads/master/suzette_gazetteer.xml#suzpl0897", "", "rue Saint-Denis", "rue Saint-Denis"
"ch087", "questionnaire", "https://raw.githubusercontent.com/BucknellDSC/suzette/refs/heads/master/suzette_gazetteer.xml#suzpl0852", "", "Fontaine des Innocents", "Fontaine des Innocents"
"ch087", "questionnaire", "https://raw.githubusercontent.com/BucknellDSC/suzette/refs/heads/master/suzette_gazetteer.xml#suzpl0858", "", "Les Halles", "Halles""Chapter", "Section", "Ref", "SameAs", "Key", "Place"
"ch088", "récit", "https://raw.githubusercontent.com/BucknellDSC/suzette/refs/heads/master/suzette_gazetteer.xml#suzpl0852", "", "Fontaine des Innocents", "fontaine des Innocents""Chapter", "Section", "Ref", "SameAs", "Key", "Place"
"ch089", "récit", "https://raw.githubusercontent.com/BucknellDSC/suzette/refs/heads/master/suzette_gazetteer.xml#suzpl0337", "", "Bretagne", "Bretagne"
"ch089", "récit", "https://raw.githubusercontent.com/BucknellDSC/suzette/refs/heads/master/suzette_gazetteer.xml#suzpl0858", "", "Les Halles", "Halles centrales"
"ch089", "récit", "https://raw.githubusercontent.com/BucknellDSC/suzette/refs/heads/master/suzette_gazetteer.xml#suzpl0720", "", "Normandie", "Normandie"
"ch089", "récit", "https://raw.githubusercontent.com/BucknellDSC/suzette/refs/heads/master/suzette_gazetteer.xml#suzpl0044", "", "Paris", "Paris"
"ch089", "récit", "https://raw.githubusercontent.com/BucknellDSC/suzette/refs/heads/master/suzette_gazetteer.xml#suzpl0044", "", "Paris", "Paris"
"ch089", "questionnaire", "https://raw.githubusercontent.com/BucknellDSC/suzette/refs/heads/master/suzette_gazetteer.xml#suzpl0858", "", "Les Halles", "Halles"
"ch089", "géographie", "https://raw.githubusercontent.com/BucknellDSC/suzette/refs/heads/master/suzette_gazetteer.xml#suzpl0529", "", "la baie de Fundy", " la baie de Fundy"
"ch089", "géographie", "https://raw.githubusercontent.com/BucknellDSC/suzette/refs/heads/master/suzette_gazetteer.xml#suzpl0349", "", "Amérique septentrionale", "Amérique"
"ch089", "géographie", "https://raw.githubusercontent.com/BucknellDSC/suzette/refs/heads/master/suzette_gazetteer.xml#suzpl0348", "", "Atlantique", "Atlantique"
"ch089", "géographie", "https://raw.githubusercontent.com/BucknellDSC/suzette/refs/heads/master/suzette_gazetteer.xml#suzpl0337", "", "Bretagne", "Bretagne"
"ch089", "géographie", "https://raw.githubusercontent.com/BucknellDSC/suzette/refs/heads/master/suzette_gazetteer.xml#suzpl0009", "", "États-Unis", "Etats-Unis"
"ch089", "géographie", "https://raw.githubusercontent.com/BucknellDSC/suzette/refs/heads/master/suzette_gazetteer.xml#suzpl0005", "", "Europe", "Europe"
"ch089", "géographie", "https://raw.githubusercontent.com/BucknellDSC/suzette/refs/heads/master/suzette_gazetteer.xml#suzpl0279", "", "la Manche", "Manche"
"ch089", "géographie", "https://raw.githubusercontent.com/BucknellDSC/suzette/refs/heads/master/suzette_gazetteer.xml#suzpl0300", "", "mer du Sud", "Mer du Sud"
"ch089", "géographie", "https://raw.githubusercontent.com/BucknellDSC/suzette/refs/heads/master/suzette_gazetteer.xml#suzpl0215", "", "Méditerranée", "Méditerranée"
"ch089", "géographie", "https://raw.githubusercontent.com/BucknellDSC/suzette/refs/heads/master/suzette_gazetteer.xml#suzpl0215", "", "Méditerranée", "Méditerranée"
"ch089", "géographie", "https://raw.githubusercontent.com/BucknellDSC/suzette/refs/heads/master/suzette_gazetteer.xml#suzpl0720", "", "Normandie", "Normandie"
"ch089", "géographie", "https://raw.githubusercontent.com/BucknellDSC/suzette/refs/heads/master/suzette_gazetteer.xml#suzpl0182", "", "Pas-de-Calais", "Pas-de-Calais"
"ch089", "géographie", "https://raw.githubusercontent.com/BucknellDSC/suzette/refs/heads/master/suzette_gazetteer.xml#suzpl0650", "", "Terre-Neuve", "Terre-Neuve"
"ch089", "géographie", "https://raw.githubusercontent.com/BucknellDSC/suzette/refs/heads/master/suzette_gazetteer.xml#suzpl0299", "", "mer du Nord", "eaux du Nord"
"ch089", "géographie", "https://raw.githubusercontent.com/BucknellDSC/suzette/refs/heads/master/suzette_gazetteer.xml#suzpl0749", "", "Mont Saint-Michel", "mont Saint-Michel"
"ch089", "géographie", "https://raw.githubusercontent.com/BucknellDSC/suzette/refs/heads/master/suzette_gazetteer.xml#suzpl0317", "", "océan Indien", "océan Indien"
"ch089", "sciences_naturelles", "https://raw.githubusercontent.com/BucknellDSC/suzette/refs/heads/master/suzette_gazetteer.xml#suzpl0236", "", "Baltique", "Baltique"
"ch089", "sciences_naturelles", "https://raw.githubusercontent.com/BucknellDSC/suzette/refs/heads/master/suzette_gazetteer.xml#suzpl0279", "", "la Manche", "Manche"
"ch089", "sciences_naturelles", "https://raw.githubusercontent.com/BucknellDSC/suzette/refs/heads/master/suzette_gazetteer.xml#suzpl0299", "", "mer du Nord", "Nord"
"ch089", "sciences_naturelles", "https://raw.githubusercontent.com/BucknellDSC/suzette/refs/heads/master/suzette_gazetteer.xml#suzpl0299", "", "mer du Nord", "mer du Nord""Chapter", "Section", "Ref", "SameAs", "Key", "Place"
"ch090", "récit", "", "", "", "Fragicourt"
"ch090", "récit", "https://raw.githubusercontent.com/BucknellDSC/suzette/refs/heads/master/suzette_gazetteer.xml#suzpl0858", "", "Les Halles", "Halles"
"ch090", "récit", "https://raw.githubusercontent.com/BucknellDSC/suzette/refs/heads/master/suzette_gazetteer.xml#suzpl0577", "", "Nice", "Nice"
"ch090", "récit", "https://raw.githubusercontent.com/BucknellDSC/suzette/refs/heads/master/suzette_gazetteer.xml#suzpl0044", "", "Paris", "Paris"
"ch090", "récit", "https://raw.githubusercontent.com/BucknellDSC/suzette/refs/heads/master/suzette_gazetteer.xml#suzpl0044", "", "Paris", "Paris"
"ch090", "questionnaire", "https://raw.githubusercontent.com/BucknellDSC/suzette/refs/heads/master/suzette_gazetteer.xml#suzpl0858", "", "Les Halles", "Halles"
"ch090", "questionnaire", "https://raw.githubusercontent.com/BucknellDSC/suzette/refs/heads/master/suzette_gazetteer.xml#suzpl0577", "", "Nice", "Nice"
"ch090", "composition", "https://raw.githubusercontent.com/BucknellDSC/suzette/refs/heads/master/suzette_gazetteer.xml#suzpl0858", "", "Les Halles", "Halles"
"ch090", "économie_domestique", "https://raw.githubusercontent.com/BucknellDSC/suzette/refs/heads/master/suzette_gazetteer.xml#suzpl0622", "", "Saint-Laurent-de-Gorre", "Saint-Laurent-de-Gorre""Chapter", "Section", "Ref", "SameAs", "Key", "Place"
"ch091", "récit", "https://raw.githubusercontent.com/BucknellDSC/suzette/refs/heads/master/suzette_gazetteer.xml#suzpl0387", "", "Argenteuil", "Argenteuil"
"ch091", "récit", "https://raw.githubusercontent.com/BucknellDSC/suzette/refs/heads/master/suzette_gazetteer.xml#suzpl0387", "", "Argenteuil", "Argenteuil"
"ch091", "récit", "https://raw.githubusercontent.com/BucknellDSC/suzette/refs/heads/master/suzette_gazetteer.xml#suzpl0044", "", "Paris", "Paris"
"ch091", "récit", "https://raw.githubusercontent.com/BucknellDSC/suzette/refs/heads/master/suzette_gazetteer.xml#suzpl0848", "", "Eglise Saint-Eustache", "église Saint-Eustache"
"ch091", "horticulture", "https://raw.githubusercontent.com/BucknellDSC/suzette/refs/heads/master/suzette_gazetteer.xml#suzpl0220", "", "France méridionale (Midi)", "Midi""Chapter", "Section", "Ref", "SameAs", "Key", "Place"
"ch092", "récit", "https://raw.githubusercontent.com/BucknellDSC/suzette/refs/heads/master/suzette_gazetteer.xml#suzpl0011", "", "Allemagne", "Allemagne"
"ch092", "récit", "https://raw.githubusercontent.com/BucknellDSC/suzette/refs/heads/master/suzette_gazetteer.xml#suzpl0387", "", "Argenteuil", "Argenteuil"
"ch092", "récit", "", "", "", "Fragicourt"
"ch092", "récit", "", "", "", "Fragicourt"
"ch092", "récit", "https://raw.githubusercontent.com/BucknellDSC/suzette/refs/heads/master/suzette_gazetteer.xml#suzpl0016", "", "France", "France"
"ch092", "récit", "https://raw.githubusercontent.com/BucknellDSC/suzette/refs/heads/master/suzette_gazetteer.xml#suzpl0016", "", "France", "France"
"ch092", "récit", "https://raw.githubusercontent.com/BucknellDSC/suzette/refs/heads/master/suzette_gazetteer.xml#suzpl0521", "", "Hongrie", "Hongrie"
"ch092", "récit", "https://raw.githubusercontent.com/BucknellDSC/suzette/refs/heads/master/suzette_gazetteer.xml#suzpl0015", "", "Italie", "Italie"
"ch092", "récit", "https://raw.githubusercontent.com/BucknellDSC/suzette/refs/heads/master/suzette_gazetteer.xml#suzpl0015", "", "Italie", "Italie"
"ch092", "récit", "https://raw.githubusercontent.com/BucknellDSC/suzette/refs/heads/master/suzette_gazetteer.xml#suzpl0044", "", "Paris", "Paris"
"ch092", "récit", "https://raw.githubusercontent.com/BucknellDSC/suzette/refs/heads/master/suzette_gazetteer.xml#suzpl0112", "", "Saint-Quentin", "Saint-Quentin"
"ch092", "récit", "https://raw.githubusercontent.com/BucknellDSC/suzette/refs/heads/master/suzette_gazetteer.xml#suzpl0645", "", "Suisse", "Suisse"
"ch092", "questionnaire", "https://raw.githubusercontent.com/BucknellDSC/suzette/refs/heads/master/suzette_gazetteer.xml#suzpl0112", "", "Saint-Quentin", "Saint-Quentin"
"ch092", "sciences_naturelles", "https://raw.githubusercontent.com/BucknellDSC/suzette/refs/heads/master/suzette_gazetteer.xml#suzpl0023", "", "Égypte", "Égypte""Chapter", "Section", "Ref", "SameAs", "Key", "Place"
"ch093", "récit", "https://raw.githubusercontent.com/BucknellDSC/suzette/refs/heads/master/suzette_gazetteer.xml#suzpl0217", "", "Artois", "Artois"
"ch093", "récit", "https://raw.githubusercontent.com/BucknellDSC/suzette/refs/heads/master/suzette_gazetteer.xml#suzpl0014", "", "Espagne", "Espagne"
"ch093", "récit", "https://raw.githubusercontent.com/BucknellDSC/suzette/refs/heads/master/suzette_gazetteer.xml#suzpl0005", "", "Europe", "Europe"
"ch093", "récit", "https://raw.githubusercontent.com/BucknellDSC/suzette/refs/heads/master/suzette_gazetteer.xml#suzpl0151", "", "Flandre", "Flandre"
"ch093", "récit", "https://raw.githubusercontent.com/BucknellDSC/suzette/refs/heads/master/suzette_gazetteer.xml#suzpl0016", "", "France", "France"
"ch093", "récit", "https://raw.githubusercontent.com/BucknellDSC/suzette/refs/heads/master/suzette_gazetteer.xml#suzpl0015", "", "Italie", "Italie"
"ch093", "récit", "https://raw.githubusercontent.com/BucknellDSC/suzette/refs/heads/master/suzette_gazetteer.xml#suzpl0169", "", "Nord", "Nord"
"ch093", "récit", "https://raw.githubusercontent.com/BucknellDSC/suzette/refs/heads/master/suzette_gazetteer.xml#suzpl0598", "", "Picardie", "Picardie"
"ch093", "récit", "https://raw.githubusercontent.com/BucknellDSC/suzette/refs/heads/master/suzette_gazetteer.xml#suzpl0031", "", "Russie", "Russie"
"ch093", "industrie", "https://raw.githubusercontent.com/BucknellDSC/suzette/refs/heads/master/suzette_gazetteer.xml#suzpl0118", "", "Alençon", "Alençon"
"ch093", "industrie", "https://raw.githubusercontent.com/BucknellDSC/suzette/refs/heads/master/suzette_gazetteer.xml#suzpl0343", "", "Auvergne", "Auvergne"
"ch093", "industrie", "https://raw.githubusercontent.com/BucknellDSC/suzette/refs/heads/master/suzette_gazetteer.xml#suzpl0454", "", "Clermont-Ferrand", "Clermont-Ferrand"
"ch093", "industrie", "https://raw.githubusercontent.com/BucknellDSC/suzette/refs/heads/master/suzette_gazetteer.xml#suzpl0156", "", "Lorraine", "Lorraine"
"ch093", "industrie", "https://raw.githubusercontent.com/BucknellDSC/suzette/refs/heads/master/suzette_gazetteer.xml#suzpl0282", "", "Nancy", "Nancy"
"ch093", "industrie", "https://raw.githubusercontent.com/BucknellDSC/suzette/refs/heads/master/suzette_gazetteer.xml#suzpl0608", "", "Le Puy-en-Velay", "Puy"
"ch093", "industrie", "https://raw.githubusercontent.com/BucknellDSC/suzette/refs/heads/master/suzette_gazetteer.xml#suzpl0119", "", "Valenciennes", "Valenciennes"
"ch093", "industrie", "https://raw.githubusercontent.com/BucknellDSC/suzette/refs/heads/master/suzette_gazetteer.xml#suzpl0246", "", "Cévennes", "massif des Cévennes"
"ch093", "histoire", "https://raw.githubusercontent.com/BucknellDSC/suzette/refs/heads/master/suzette_gazetteer.xml#suzpl0016", "", "France", "France"
"ch093", "histoire", "https://raw.githubusercontent.com/BucknellDSC/suzette/refs/heads/master/suzette_gazetteer.xml#suzpl0016", "", "France", "France"
"ch093", "histoire", "https://raw.githubusercontent.com/BucknellDSC/suzette/refs/heads/master/suzette_gazetteer.xml#suzpl0504", "", "Germanie", "Germanie""Chapter", "Section", "Ref", "SameAs", "Key", "Place"
"ch094", "industrie", "https://raw.githubusercontent.com/BucknellDSC/suzette/refs/heads/master/suzette_gazetteer.xml#suzpl0415", "", "Bourbonnais", "Bourbonnais"
"ch094", "industrie", "https://raw.githubusercontent.com/BucknellDSC/suzette/refs/heads/master/suzette_gazetteer.xml#suzpl0418", "", "Bourgogne", "Bourgogne"
"ch094", "industrie", "https://raw.githubusercontent.com/BucknellDSC/suzette/refs/heads/master/suzette_gazetteer.xml#suzpl0337", "", "Bretagne", "Bretagne"
"ch094", "industrie", "https://raw.githubusercontent.com/BucknellDSC/suzette/refs/heads/master/suzette_gazetteer.xml#suzpl0016", "", "France", "France"
"ch094", "industrie", "https://raw.githubusercontent.com/BucknellDSC/suzette/refs/heads/master/suzette_gazetteer.xml#suzpl0545", "", "Limousin", "Limousin"
"ch094", "industrie", "https://raw.githubusercontent.com/BucknellDSC/suzette/refs/heads/master/suzette_gazetteer.xml#suzpl0720", "", "Normandie", "Normandie"
"ch094", "industrie", "https://raw.githubusercontent.com/BucknellDSC/suzette/refs/heads/master/suzette_gazetteer.xml#suzpl0152", "", "Poitou", "Poitou"
"ch094", "industrie", "https://raw.githubusercontent.com/BucknellDSC/suzette/refs/heads/master/suzette_gazetteer.xml#suzpl0211", "", "Provence", "Provence""Chapter", "Section", "Ref", "SameAs", "Key", "Place"
"ch095", "récit", "https://raw.githubusercontent.com/BucknellDSC/suzette/refs/heads/master/suzette_gazetteer.xml#suzpl0398", "", "Bavière", "Bavière"
"ch095", "récit", "https://raw.githubusercontent.com/BucknellDSC/suzette/refs/heads/master/suzette_gazetteer.xml#suzpl0151", "", "Flandre", "Flandres"
"ch095", "récit", "https://raw.githubusercontent.com/BucknellDSC/suzette/refs/heads/master/suzette_gazetteer.xml#suzpl0016", "", "France", "France"
"ch095", "récit", "https://raw.githubusercontent.com/BucknellDSC/suzette/refs/heads/master/suzette_gazetteer.xml#suzpl0016", "", "France", "France"
"ch095", "récit", "https://raw.githubusercontent.com/BucknellDSC/suzette/refs/heads/master/suzette_gazetteer.xml#suzpl0016", "", "France", "France"
"ch095", "questionnaire", "https://raw.githubusercontent.com/BucknellDSC/suzette/refs/heads/master/suzette_gazetteer.xml#suzpl0010", "", "Angleterre", "Angleterre"
"ch095", "histoire", "https://raw.githubusercontent.com/BucknellDSC/suzette/refs/heads/master/suzette_gazetteer.xml#suzpl0010", "", "Angleterre", "Angleterre"
"ch095", "histoire", "https://raw.githubusercontent.com/BucknellDSC/suzette/refs/heads/master/suzette_gazetteer.xml#suzpl0016", "", "France", "France"
"ch095", "histoire", "https://raw.githubusercontent.com/BucknellDSC/suzette/refs/heads/master/suzette_gazetteer.xml#suzpl0016", "", "France", "France"
"ch095", "histoire", "https://raw.githubusercontent.com/BucknellDSC/suzette/refs/heads/master/suzette_gazetteer.xml#suzpl0016", "", "France", "France"
"ch095", "histoire", "https://raw.githubusercontent.com/BucknellDSC/suzette/refs/heads/master/suzette_gazetteer.xml#suzpl0059", "", "Troyes", "Troyes""Chapter", "Section", "Ref", "SameAs", "Key", "Place"
"ch096", "récit", "", "", "", "Fragicourt"
"ch096", "récit", "https://raw.githubusercontent.com/BucknellDSC/suzette/refs/heads/master/suzette_gazetteer.xml#suzpl0858", "", "Les Halles", "Halles"
"ch096", "récit", "https://raw.githubusercontent.com/BucknellDSC/suzette/refs/heads/master/suzette_gazetteer.xml#suzpl0044", "", "Paris", "Paris""Chapter", "Section", "Ref", "SameAs", "Key", "Place""Chapter", "Section", "Ref", "SameAs", "Key", "Place"
"ch098", "récit", "https://raw.githubusercontent.com/BucknellDSC/suzette/refs/heads/master/suzette_gazetteer.xml#suzpl0380", "", "Amplepuis", "Amplepuis"
"ch098", "récit", "https://raw.githubusercontent.com/BucknellDSC/suzette/refs/heads/master/suzette_gazetteer.xml#suzpl0380", "", "Amplepuis", "Amplepuis"
"ch098", "récit", "https://raw.githubusercontent.com/BucknellDSC/suzette/refs/heads/master/suzette_gazetteer.xml#suzpl0117", "", "Lyon", "Lyon"
"ch098", "récit", "https://raw.githubusercontent.com/BucknellDSC/suzette/refs/heads/master/suzette_gazetteer.xml#suzpl0117", "", "Lyon", "Lyon"
"ch098", "récit", "https://raw.githubusercontent.com/BucknellDSC/suzette/refs/heads/master/suzette_gazetteer.xml#suzpl0117", "", "Lyon", "Lyon"
"ch098", "récit", "https://raw.githubusercontent.com/BucknellDSC/suzette/refs/heads/master/suzette_gazetteer.xml#suzpl0550", "", "Lyonnais", "Lyonnais"
"ch098", "récit", "https://raw.githubusercontent.com/BucknellDSC/suzette/refs/heads/master/suzette_gazetteer.xml#suzpl0938", "", "Palais de Justice de Lyon", "Palais de Justice"
"ch098", "récit", "https://raw.githubusercontent.com/BucknellDSC/suzette/refs/heads/master/suzette_gazetteer.xml#suzpl0044", "", "Paris", "Paris"
"ch098", "récit", "https://raw.githubusercontent.com/BucknellDSC/suzette/refs/heads/master/suzette_gazetteer.xml#suzpl0044", "", "Paris", "Paris"
"ch098", "récit", "https://raw.githubusercontent.com/BucknellDSC/suzette/refs/heads/master/suzette_gazetteer.xml#suzpl0471", "", "coteau de Fourvières", "coteau de Fourvières"
"ch098", "morale", "https://raw.githubusercontent.com/BucknellDSC/suzette/refs/heads/master/suzette_gazetteer.xml#suzpl0002", "", "Amérique du nord", "Amérique"
"ch098", "morale", "https://raw.githubusercontent.com/BucknellDSC/suzette/refs/heads/master/suzette_gazetteer.xml#suzpl0102", "", "Auxerre", "Auxerre"
"ch098", "morale", "https://raw.githubusercontent.com/BucknellDSC/suzette/refs/heads/master/suzette_gazetteer.xml#suzpl0016", "", "France", "France"
"ch098", "morale", "https://raw.githubusercontent.com/BucknellDSC/suzette/refs/heads/master/suzette_gazetteer.xml#suzpl0503", "", "Gascogne", "Gascogne"
"ch098", "morale", "https://raw.githubusercontent.com/BucknellDSC/suzette/refs/heads/master/suzette_gazetteer.xml#suzpl0503", "", "Gascogne", "Gascogne"
"ch098", "morale", "https://raw.githubusercontent.com/BucknellDSC/suzette/refs/heads/master/suzette_gazetteer.xml#suzpl0033", "", "Hollande", "Hollande"
"ch098", "morale", "https://raw.githubusercontent.com/BucknellDSC/suzette/refs/heads/master/suzette_gazetteer.xml#suzpl0534", "", "Landes", "Landes"
"ch098", "morale", "https://raw.githubusercontent.com/BucknellDSC/suzette/refs/heads/master/suzette_gazetteer.xml#suzpl0044", "", "Paris", "Paris"
"ch098", "morale", "https://raw.githubusercontent.com/BucknellDSC/suzette/refs/heads/master/suzette_gazetteer.xml#suzpl0621", "", "Saardam", "Saardam"
"ch098", "géographie", "https://raw.githubusercontent.com/BucknellDSC/suzette/refs/heads/master/suzette_gazetteer.xml#suzpl0002", "", "Amérique du nord", "Amérique"
"ch098", "géographie", "https://raw.githubusercontent.com/BucknellDSC/suzette/refs/heads/master/suzette_gazetteer.xml#suzpl0010", "", "Angleterre", "Angleterre"
"ch098", "géographie", "https://raw.githubusercontent.com/BucknellDSC/suzette/refs/heads/master/suzette_gazetteer.xml#suzpl0419", "", "Bourse", "Bourse"
"ch098", "géographie", "https://raw.githubusercontent.com/BucknellDSC/suzette/refs/heads/master/suzette_gazetteer.xml#suzpl0423", "", "Brotteaux", "Brotteaux"
"ch098", "géographie", "https://raw.githubusercontent.com/BucknellDSC/suzette/refs/heads/master/suzette_gazetteer.xml#suzpl0477", "", "Croix-Rousse", "Croix-Rousse"
"ch098", "géographie", "https://raw.githubusercontent.com/BucknellDSC/suzette/refs/heads/master/suzette_gazetteer.xml#suzpl0853", "", "Basilique Notre-Dame de Fourvière", "Fourvières"
"ch098", "géographie", "https://raw.githubusercontent.com/BucknellDSC/suzette/refs/heads/master/suzette_gazetteer.xml#suzpl0016", "", "France", "France"
"ch098", "géographie", "https://raw.githubusercontent.com/BucknellDSC/suzette/refs/heads/master/suzette_gazetteer.xml#suzpl0855", "", "Grand Théâtre de Lyon", "Grand-Théâtre"
"ch098", "géographie", "https://raw.githubusercontent.com/BucknellDSC/suzette/refs/heads/master/suzette_gazetteer.xml#suzpl0513", "", "Guillotière", "Guillotière"
"ch098", "géographie", "https://raw.githubusercontent.com/BucknellDSC/suzette/refs/heads/master/suzette_gazetteer.xml#suzpl0867", "", "Hôtel-Dieu de Lyon", "Hôtel Dieu"
"ch098", "géographie", "https://raw.githubusercontent.com/BucknellDSC/suzette/refs/heads/master/suzette_gazetteer.xml#suzpl0865", "", "Hôtel de Ville de Lyon", "Hôtel de ville"
"ch098", "géographie", "https://raw.githubusercontent.com/BucknellDSC/suzette/refs/heads/master/suzette_gazetteer.xml#suzpl0117", "", "Lyon", "Lyon"
"ch098", "géographie", "https://raw.githubusercontent.com/BucknellDSC/suzette/refs/heads/master/suzette_gazetteer.xml#suzpl0117", "", "Lyon", "Lyon"
"ch098", "géographie", "https://raw.githubusercontent.com/BucknellDSC/suzette/refs/heads/master/suzette_gazetteer.xml#suzpl0117", "", "Lyon", "Lyon"
"ch098", "géographie", "https://raw.githubusercontent.com/BucknellDSC/suzette/refs/heads/master/suzette_gazetteer.xml#suzpl0117", "", "Lyon", "Lyon"
"ch098", "géographie", "https://raw.githubusercontent.com/BucknellDSC/suzette/refs/heads/master/suzette_gazetteer.xml#suzpl0117", "", "Lyon", "Lyon"
"ch098", "géographie", "https://raw.githubusercontent.com/BucknellDSC/suzette/refs/heads/master/suzette_gazetteer.xml#suzpl0938", "", "Palais de Justice de Lyon", "Palais de Justice"
"ch098", "géographie", "https://raw.githubusercontent.com/BucknellDSC/suzette/refs/heads/master/suzette_gazetteer.xml#suzpl0044", "", "Paris", "Paris"
"ch098", "géographie", "https://raw.githubusercontent.com/BucknellDSC/suzette/refs/heads/master/suzette_gazetteer.xml#suzpl0044", "", "Paris", "Paris"
"ch098", "géographie", "https://raw.githubusercontent.com/BucknellDSC/suzette/refs/heads/master/suzette_gazetteer.xml#suzpl0198", "", "Rhône", "Rhône"
"ch098", "géographie", "https://raw.githubusercontent.com/BucknellDSC/suzette/refs/heads/master/suzette_gazetteer.xml#suzpl0731", "", "Saône", "Saône"
"ch098", "géographie", "https://raw.githubusercontent.com/BucknellDSC/suzette/refs/heads/master/suzette_gazetteer.xml#suzpl0662", "", "Vaise", "Vaise"
"ch098", "géographie", "https://raw.githubusercontent.com/BucknellDSC/suzette/refs/heads/master/suzette_gazetteer.xml#suzpl0939", "", "Cathédrale de Lyon", "cathédrale"
"ch098", "géographie", "https://raw.githubusercontent.com/BucknellDSC/suzette/refs/heads/master/suzette_gazetteer.xml#suzpl0860", "", "Hôpital de l'Antiquaille", "hospice de l'Antiquaille"
"ch098", "géographie", "https://raw.githubusercontent.com/BucknellDSC/suzette/refs/heads/master/suzette_gazetteer.xml#suzpl0887", "", "palais Saint-Pierre", "palais Saint-Pierre"
"ch098", "géographie", "https://raw.githubusercontent.com/BucknellDSC/suzette/refs/heads/master/suzette_gazetteer.xml#suzpl0886", "", "palais des Beaux-Arts", "palais des Beaux-Arts"
"ch098", "géographie", "https://raw.githubusercontent.com/BucknellDSC/suzette/refs/heads/master/suzette_gazetteer.xml#suzpl0847", "", "Église d'Ainay", "église d'Ainay""Chapter", "Section", "Ref", "SameAs", "Key", "Place"
"ch099", "récit", "https://raw.githubusercontent.com/BucknellDSC/suzette/refs/heads/master/suzette_gazetteer.xml#suzpl0380", "", "Amplepuis", "Amplepuis"
"ch099", "récit", "https://raw.githubusercontent.com/BucknellDSC/suzette/refs/heads/master/suzette_gazetteer.xml#suzpl0876", "", "Londres", "Londres"
"ch099", "récit", "https://raw.githubusercontent.com/BucknellDSC/suzette/refs/heads/master/suzette_gazetteer.xml#suzpl0044", "", "Paris", "Paris"
"ch099", "récit", "https://raw.githubusercontent.com/BucknellDSC/suzette/refs/heads/master/suzette_gazetteer.xml#suzpl0044", "", "Paris", "Paris"
"ch099", "questionnaire", "https://raw.githubusercontent.com/BucknellDSC/suzette/refs/heads/master/suzette_gazetteer.xml#suzpl0044", "", "Paris", "Paris"
"ch099", "composition", "https://raw.githubusercontent.com/BucknellDSC/suzette/refs/heads/master/suzette_gazetteer.xml#suzpl0843", "", "Conservatoire des arts et métiers", "Conservatoire"
"ch099", "composition", "https://raw.githubusercontent.com/BucknellDSC/suzette/refs/heads/master/suzette_gazetteer.xml#suzpl0843", "", "Conservatoire des arts et métiers", "Conservatoire des arts et métiers"
"ch099", "composition", "https://raw.githubusercontent.com/BucknellDSC/suzette/refs/heads/master/suzette_gazetteer.xml#suzpl0503", "", "Gascogne", "Gascogne"
"ch099", "composition", "https://raw.githubusercontent.com/BucknellDSC/suzette/refs/heads/master/suzette_gazetteer.xml#suzpl0876", "", "Londres", "Londres"
"ch099", "composition", "https://raw.githubusercontent.com/BucknellDSC/suzette/refs/heads/master/suzette_gazetteer.xml#suzpl0117", "", "Lyon", "Lyon"
"ch099", "composition", "https://raw.githubusercontent.com/BucknellDSC/suzette/refs/heads/master/suzette_gazetteer.xml#suzpl0117", "", "Lyon", "Lyon"
"ch099", "composition", "https://raw.githubusercontent.com/BucknellDSC/suzette/refs/heads/master/suzette_gazetteer.xml#suzpl0117", "", "Lyon", "Lyon"
"ch099", "composition", "https://raw.githubusercontent.com/BucknellDSC/suzette/refs/heads/master/suzette_gazetteer.xml#suzpl0117", "", "Lyon", "Lyon"
"ch099", "composition", "https://raw.githubusercontent.com/BucknellDSC/suzette/refs/heads/master/suzette_gazetteer.xml#suzpl0117", "", "Lyon", "Lyon"
"ch099", "composition", "https://raw.githubusercontent.com/BucknellDSC/suzette/refs/heads/master/suzette_gazetteer.xml#suzpl0884", "", "Oullins", "Oullins"
"ch099", "composition", "https://raw.githubusercontent.com/BucknellDSC/suzette/refs/heads/master/suzette_gazetteer.xml#suzpl0044", "", "Paris", "Paris"
"ch099", "composition", "https://raw.githubusercontent.com/BucknellDSC/suzette/refs/heads/master/suzette_gazetteer.xml#suzpl0044", "", "Paris", "Paris"
"ch099", "composition", "https://raw.githubusercontent.com/BucknellDSC/suzette/refs/heads/master/suzette_gazetteer.xml#suzpl0890", "", "place des Terreaux", "place des Terreaux"
"ch099", "géographie", "https://raw.githubusercontent.com/BucknellDSC/suzette/refs/heads/master/suzette_gazetteer.xml#suzpl0010", "", "Angleterre", "Angleterre"
"ch099", "géographie", "https://raw.githubusercontent.com/BucknellDSC/suzette/refs/heads/master/suzette_gazetteer.xml#suzpl0010", "", "Angleterre", "Angleterre"
"ch099", "géographie", "https://raw.githubusercontent.com/BucknellDSC/suzette/refs/heads/master/suzette_gazetteer.xml#suzpl0010", "", "Angleterre", "Angleterre"
"ch099", "géographie", "https://raw.githubusercontent.com/BucknellDSC/suzette/refs/heads/master/suzette_gazetteer.xml#suzpl0010", "", "Angleterre", "Angleterre"
"ch099", "géographie", "https://raw.githubusercontent.com/BucknellDSC/suzette/refs/heads/master/suzette_gazetteer.xml#suzpl0010", "", "Angleterre", "Angleterre"
"ch099", "géographie", "https://raw.githubusercontent.com/BucknellDSC/suzette/refs/heads/master/suzette_gazetteer.xml#suzpl0010", "", "Angleterre", "Angleterre"
"ch099", "géographie", "https://raw.githubusercontent.com/BucknellDSC/suzette/refs/heads/master/suzette_gazetteer.xml#suzpl0363", "", "Antilles", "Antilles"
"ch099", "géographie", "https://raw.githubusercontent.com/BucknellDSC/suzette/refs/heads/master/suzette_gazetteer.xml#suzpl0020", "", "Australie", "Australie"
"ch099", "géographie", "https://raw.githubusercontent.com/BucknellDSC/suzette/refs/heads/master/suzette_gazetteer.xml#suzpl0302", "", "Canada", "Canada"
"ch099", "géographie", "https://raw.githubusercontent.com/BucknellDSC/suzette/refs/heads/master/suzette_gazetteer.xml#suzpl0302", "", "Canada", "Canada"
"ch099", "géographie", "https://raw.githubusercontent.com/BucknellDSC/suzette/refs/heads/master/suzette_gazetteer.xml#suzpl0843", "", "Conservatoire des arts et métiers", "Conservatoire des arts et métiers"
"ch099", "géographie", "https://raw.githubusercontent.com/BucknellDSC/suzette/refs/heads/master/suzette_gazetteer.xml#suzpl0683", "", "Cornouailles", "Cornouailles"
"ch099", "géographie", "https://raw.githubusercontent.com/BucknellDSC/suzette/refs/heads/master/suzette_gazetteer.xml#suzpl0685", "", "Europe occidentale", "Europe occidentale"
"ch099", "géographie", "https://raw.githubusercontent.com/BucknellDSC/suzette/refs/heads/master/suzette_gazetteer.xml#suzpl0016", "", "France", "France"
"ch099", "géographie", "https://raw.githubusercontent.com/BucknellDSC/suzette/refs/heads/master/suzette_gazetteer.xml#suzpl0016", "", "France", "France"
"ch099", "géographie", "https://raw.githubusercontent.com/BucknellDSC/suzette/refs/heads/master/suzette_gazetteer.xml#suzpl0354", "", "Hindoustan", "Hindoustan"
"ch099", "géographie", "https://raw.githubusercontent.com/BucknellDSC/suzette/refs/heads/master/suzette_gazetteer.xml#suzpl0354", "", "Hindoustan", "Hindoustan"
"ch099", "géographie", "https://raw.githubusercontent.com/BucknellDSC/suzette/refs/heads/master/suzette_gazetteer.xml#suzpl0863", "", "Iles Britanniques", "Iles Britanniques"
"ch099", "géographie", "https://raw.githubusercontent.com/BucknellDSC/suzette/refs/heads/master/suzette_gazetteer.xml#suzpl0863", "", "Iles Britanniques", "Iles Britanniques"
"ch099", "géographie", "https://raw.githubusercontent.com/BucknellDSC/suzette/refs/heads/master/suzette_gazetteer.xml#suzpl0871", "", "Irlande", "Irlande"
"ch099", "géographie", "https://raw.githubusercontent.com/BucknellDSC/suzette/refs/heads/master/suzette_gazetteer.xml#suzpl0876", "", "Londres", "Londres"
"ch099", "géographie", "https://raw.githubusercontent.com/BucknellDSC/suzette/refs/heads/master/suzette_gazetteer.xml#suzpl0876", "", "Londres", "Londres"
"ch099", "géographie", "https://raw.githubusercontent.com/BucknellDSC/suzette/refs/heads/master/suzette_gazetteer.xml#suzpl0876", "", "Londres", "Londres"
"ch099", "géographie", "https://raw.githubusercontent.com/BucknellDSC/suzette/refs/heads/master/suzette_gazetteer.xml#suzpl0879", "", "Maurice", "Maurice"
"ch099", "géographie", "https://raw.githubusercontent.com/BucknellDSC/suzette/refs/heads/master/suzette_gazetteer.xml#suzpl0898", "", "South Kensington", "South-Kensington"
"ch099", "géographie", "https://raw.githubusercontent.com/BucknellDSC/suzette/refs/heads/master/suzette_gazetteer.xml#suzpl0949", "", "Tour de Londres", "Tour"
"ch099", "géographie", "https://raw.githubusercontent.com/BucknellDSC/suzette/refs/heads/master/suzette_gazetteer.xml#suzpl0671", "", "Westminster", "Westminster"
"ch099", "géographie", "https://raw.githubusercontent.com/BucknellDSC/suzette/refs/heads/master/suzette_gazetteer.xml#suzpl0461", "", "colonie du Cap", "colonie du Cap"
"ch099", "géographie", "https://raw.githubusercontent.com/BucknellDSC/suzette/refs/heads/master/suzette_gazetteer.xml#suzpl0879", "", "Maurice", "ile de France"
"ch099", "géographie", "https://raw.githubusercontent.com/BucknellDSC/suzette/refs/heads/master/suzette_gazetteer.xml#suzpl0880", "", "musée Britannique", "musée Britannique"
"ch099", "géographie", "https://raw.githubusercontent.com/BucknellDSC/suzette/refs/heads/master/suzette_gazetteer.xml#suzpl0948", "", "Palais de justice de Londres", "palais de Justice"
"ch099", "géographie", "https://raw.githubusercontent.com/BucknellDSC/suzette/refs/heads/master/suzette_gazetteer.xml#suzpl0904", "", "palais du Parlement", "palais du Parlement"
"ch099", "géographie", "https://raw.githubusercontent.com/BucknellDSC/suzette/refs/heads/master/suzette_gazetteer.xml#suzpl0888", "", "pays de Galles", "pays de Galles"
"ch099", "géographie", "https://raw.githubusercontent.com/BucknellDSC/suzette/refs/heads/master/suzette_gazetteer.xml#suzpl0488", "", "Ecosse", "Écosse"
"ch099", "géographie", "https://raw.githubusercontent.com/BucknellDSC/suzette/refs/heads/master/suzette_gazetteer.xml#suzpl0849", "", "Église Saint-Paul", "église Saint-Paul""Chapter", "Section", "Ref", "SameAs", "Key", "Place"
"ch100", "récit", "https://raw.githubusercontent.com/BucknellDSC/suzette/refs/heads/master/suzette_gazetteer.xml#suzpl0380", "", "Amplepuis", "Amplepuis"
"ch100", "récit", "https://raw.githubusercontent.com/BucknellDSC/suzette/refs/heads/master/suzette_gazetteer.xml#suzpl0843", "", "Conservatoire des arts et métiers", "Conservatoire* Conservatoire. Grand édifice, situé à Paris, où l'on conserve les modèles de toutes les machines. des arts et métiers"
"ch100", "récit", "https://raw.githubusercontent.com/BucknellDSC/suzette/refs/heads/master/suzette_gazetteer.xml#suzpl0882", "", "Musée des Arts et Métiers", "musée du Conservatoire"
"ch100", "questionnaire", "https://raw.githubusercontent.com/BucknellDSC/suzette/refs/heads/master/suzette_gazetteer.xml#suzpl0882", "", "Musée des Arts et Métiers", "Conservatoire""Chapter", "Section", "Ref", "SameAs", "Key", "Place"
"ch101", "récit", "https://raw.githubusercontent.com/BucknellDSC/suzette/refs/heads/master/suzette_gazetteer.xml#suzpl0046", "", "Aix en Provence", "Aix"
"ch101", "récit", "https://raw.githubusercontent.com/BucknellDSC/suzette/refs/heads/master/suzette_gazetteer.xml#suzpl0045", "", "Arles", "Arles"
"ch101", "récit", "https://raw.githubusercontent.com/BucknellDSC/suzette/refs/heads/master/suzette_gazetteer.xml#suzpl0386", "", "Arènes de Nimes", "Arènes"
"ch101", "récit", "https://raw.githubusercontent.com/BucknellDSC/suzette/refs/heads/master/suzette_gazetteer.xml#suzpl0016", "", "France", "France"
"ch101", "récit", "https://raw.githubusercontent.com/BucknellDSC/suzette/refs/heads/master/suzette_gazetteer.xml#suzpl0535", "", "Languedoc", "Languedoc"
"ch101", "récit", "https://raw.githubusercontent.com/BucknellDSC/suzette/refs/heads/master/suzette_gazetteer.xml#suzpl0563", "", "Montpellier", "Montpellier"
"ch101", "récit", "https://raw.githubusercontent.com/BucknellDSC/suzette/refs/heads/master/suzette_gazetteer.xml#suzpl0563", "", "Montpellier", "Montpellier"
"ch101", "récit", "https://raw.githubusercontent.com/BucknellDSC/suzette/refs/heads/master/suzette_gazetteer.xml#suzpl0577", "", "Nice", "Nice"
"ch101", "récit", "https://raw.githubusercontent.com/BucknellDSC/suzette/refs/heads/master/suzette_gazetteer.xml#suzpl0578", "", "Nîmes", "Nîmes"
"ch101", "récit", "https://raw.githubusercontent.com/BucknellDSC/suzette/refs/heads/master/suzette_gazetteer.xml#suzpl0578", "", "Nîmes", "Nîmes"
"ch101", "récit", "https://raw.githubusercontent.com/BucknellDSC/suzette/refs/heads/master/suzette_gazetteer.xml#suzpl0578", "", "Nîmes", "Nîmes"
"ch101", "récit", "https://raw.githubusercontent.com/BucknellDSC/suzette/refs/heads/master/suzette_gazetteer.xml#suzpl0044", "", "Paris", "Paris"
"ch101", "récit", "https://raw.githubusercontent.com/BucknellDSC/suzette/refs/heads/master/suzette_gazetteer.xml#suzpl0044", "", "Paris", "Paris"
"ch101", "récit", "https://raw.githubusercontent.com/BucknellDSC/suzette/refs/heads/master/suzette_gazetteer.xml#suzpl0044", "", "Paris", "Paris"
"ch101", "récit", "https://raw.githubusercontent.com/BucknellDSC/suzette/refs/heads/master/suzette_gazetteer.xml#suzpl0044", "", "Paris", "Paris"
"ch101", "récit", "https://raw.githubusercontent.com/BucknellDSC/suzette/refs/heads/master/suzette_gazetteer.xml#suzpl0596", "", "promenade du Peyrou", "Peyrou"
"ch101", "récit", "https://raw.githubusercontent.com/BucknellDSC/suzette/refs/heads/master/suzette_gazetteer.xml#suzpl0598", "", "Picardie", "Picardie"
"ch101", "récit", "https://raw.githubusercontent.com/BucknellDSC/suzette/refs/heads/master/suzette_gazetteer.xml#suzpl0900", "", "Quartier des Ternes", "Ternes"
"ch101", "récit", "https://raw.githubusercontent.com/BucknellDSC/suzette/refs/heads/master/suzette_gazetteer.xml#suzpl0900", "", "Quartier des Ternes", "Ternes"
"ch101", "récit", "https://raw.githubusercontent.com/BucknellDSC/suzette/refs/heads/master/suzette_gazetteer.xml#suzpl0655", "", "Toulon", "Toulon"
"ch101", "récit", "https://raw.githubusercontent.com/BucknellDSC/suzette/refs/heads/master/suzette_gazetteer.xml#suzpl0655", "", "Toulon", "Toulon"
"ch101", "récit", "https://raw.githubusercontent.com/BucknellDSC/suzette/refs/heads/master/suzette_gazetteer.xml#suzpl0220", "", "France méridionale (Midi)", "midi"
"ch101", "récit", "https://raw.githubusercontent.com/BucknellDSC/suzette/refs/heads/master/suzette_gazetteer.xml#suzpl0596", "", "Promenade du Peyrou", "promenade du Peyrou"
"ch101", "français", "https://raw.githubusercontent.com/BucknellDSC/suzette/refs/heads/master/suzette_gazetteer.xml#suzpl0418", "", "Bourgogne", "Bourgogne"
"ch101", "français", "https://raw.githubusercontent.com/BucknellDSC/suzette/refs/heads/master/suzette_gazetteer.xml#suzpl0220", "", "France méridionale (Midi)", "Midi"
"ch101", "français", "https://raw.githubusercontent.com/BucknellDSC/suzette/refs/heads/master/suzette_gazetteer.xml#suzpl0169", "", "Nord", "Nord"
"ch101", "français", "https://raw.githubusercontent.com/BucknellDSC/suzette/refs/heads/master/suzette_gazetteer.xml#suzpl0044", "", "Paris", "Paris"
"ch101", "français", "https://raw.githubusercontent.com/BucknellDSC/suzette/refs/heads/master/suzette_gazetteer.xml#suzpl0903", "", "Centre-Val de Loire", "centre"
"ch101", "géographie", "https://raw.githubusercontent.com/BucknellDSC/suzette/refs/heads/master/suzette_gazetteer.xml#suzpl0369", "", "Agen", "Agen"
"ch101", "géographie", "https://raw.githubusercontent.com/BucknellDSC/suzette/refs/heads/master/suzette_gazetteer.xml#suzpl0046", "", "Aix en Provence", "Aix"
"ch101", "géographie", "https://raw.githubusercontent.com/BucknellDSC/suzette/refs/heads/master/suzette_gazetteer.xml#suzpl0303", "", "Alpes", "Alpes"
"ch101", "géographie", "https://raw.githubusercontent.com/BucknellDSC/suzette/refs/heads/master/suzette_gazetteer.xml#suzpl0382", "", "Angoumois", "Angoumois"
"ch101", "géographie", "https://raw.githubusercontent.com/BucknellDSC/suzette/refs/heads/master/suzette_gazetteer.xml#suzpl0045", "", "Arles", "Arles"
"ch101", "géographie", "https://raw.githubusercontent.com/BucknellDSC/suzette/refs/heads/master/suzette_gazetteer.xml#suzpl0174", "", "Aude", "Aude"
"ch101", "géographie", "https://raw.githubusercontent.com/BucknellDSC/suzette/refs/heads/master/suzette_gazetteer.xml#suzpl0396", "", "Avignon", "Avignon"
"ch101", "géographie", "https://raw.githubusercontent.com/BucknellDSC/suzette/refs/heads/master/suzette_gazetteer.xml#suzpl0412", "", "Bordelais", "Bordelais"
"ch101", "géographie", "https://raw.githubusercontent.com/BucknellDSC/suzette/refs/heads/master/suzette_gazetteer.xml#suzpl0403", "", "Béziers", "Béziers"
"ch101", "géographie", "https://raw.githubusercontent.com/BucknellDSC/suzette/refs/heads/master/suzette_gazetteer.xml#suzpl0430", "", "Cannes", "Cannes"
"ch101", "géographie", "https://raw.githubusercontent.com/BucknellDSC/suzette/refs/heads/master/suzette_gazetteer.xml#suzpl0063", "", "Carcassonne", "Carcassonne"
"ch101", "géographie", "https://raw.githubusercontent.com/BucknellDSC/suzette/refs/heads/master/suzette_gazetteer.xml#suzpl0436", "", "Cette", "Cette"
"ch101", "géographie", "https://raw.githubusercontent.com/BucknellDSC/suzette/refs/heads/master/suzette_gazetteer.xml#suzpl0028", "", "Corse", "Corse"
"ch101", "géographie", "https://raw.githubusercontent.com/BucknellDSC/suzette/refs/heads/master/suzette_gazetteer.xml#suzpl0246", "", "Cévennes", "Cévennes"
"ch101", "géographie", "https://raw.githubusercontent.com/BucknellDSC/suzette/refs/heads/master/suzette_gazetteer.xml#suzpl0485", "", "Draguignan", "Draguignan"
"ch101", "géographie", "https://raw.githubusercontent.com/BucknellDSC/suzette/refs/heads/master/suzette_gazetteer.xml#suzpl0016", "", "France", "France"
"ch101", "géographie", "https://raw.githubusercontent.com/BucknellDSC/suzette/refs/heads/master/suzette_gazetteer.xml#suzpl0016", "", "France", "France"
"ch101", "géographie", "https://raw.githubusercontent.com/BucknellDSC/suzette/refs/heads/master/suzette_gazetteer.xml#suzpl0016", "", "France", "France"
"ch101", "géographie", "https://raw.githubusercontent.com/BucknellDSC/suzette/refs/heads/master/suzette_gazetteer.xml#suzpl0220", "", "France méridionale (Midi)", "France méridionale"
"ch101", "géographie", "https://raw.githubusercontent.com/BucknellDSC/suzette/refs/heads/master/suzette_gazetteer.xml#suzpl0201", "", "Gard", "Gard"
"ch101", "géographie", "https://raw.githubusercontent.com/BucknellDSC/suzette/refs/heads/master/suzette_gazetteer.xml#suzpl0507", "", "Grasse", "Grasse"
"ch101", "géographie", "https://raw.githubusercontent.com/BucknellDSC/suzette/refs/heads/master/suzette_gazetteer.xml#suzpl0522", "", "Hyères", "Hyères"
"ch101", "géographie", "https://raw.githubusercontent.com/BucknellDSC/suzette/refs/heads/master/suzette_gazetteer.xml#suzpl0172", "", "Hérault", "Hérault"
"ch101", "géographie", "https://raw.githubusercontent.com/BucknellDSC/suzette/refs/heads/master/suzette_gazetteer.xml#suzpl0048", "", "Marseille", "Marseille"
"ch101", "géographie", "https://raw.githubusercontent.com/BucknellDSC/suzette/refs/heads/master/suzette_gazetteer.xml#suzpl0220", "", "France méridionale (Midi)", "Midi"
"ch101", "géographie", "https://raw.githubusercontent.com/BucknellDSC/suzette/refs/heads/master/suzette_gazetteer.xml#suzpl0220", "", "France méridionale (Midi)", "Midi"
"ch101", "géographie", "https://raw.githubusercontent.com/BucknellDSC/suzette/refs/heads/master/suzette_gazetteer.xml#suzpl0215", "", "Méditerranée", "Méditerranée"
"ch101", "géographie", "https://raw.githubusercontent.com/BucknellDSC/suzette/refs/heads/master/suzette_gazetteer.xml#suzpl0570", "", "Narbonne", "Narbonne"
"ch101", "géographie", "https://raw.githubusercontent.com/BucknellDSC/suzette/refs/heads/master/suzette_gazetteer.xml#suzpl0577", "", "Nice", "Nice"
"ch101", "géographie", "https://raw.githubusercontent.com/BucknellDSC/suzette/refs/heads/master/suzette_gazetteer.xml#suzpl0577", "", "Nice", "Nice"
"ch101", "géographie", "https://raw.githubusercontent.com/BucknellDSC/suzette/refs/heads/master/suzette_gazetteer.xml#suzpl0718", "", "Perpignan", "Perpignan"
"ch101", "géographie", "https://raw.githubusercontent.com/BucknellDSC/suzette/refs/heads/master/suzette_gazetteer.xml#suzpl0198", "", "Rhône", "Rhône"
"ch101", "géographie", "https://raw.githubusercontent.com/BucknellDSC/suzette/refs/heads/master/suzette_gazetteer.xml#suzpl0198", "", "Rhône", "Rhône"
"ch101", "géographie", "https://raw.githubusercontent.com/BucknellDSC/suzette/refs/heads/master/suzette_gazetteer.xml#suzpl0630", "", "Saintonge", "Saintonge"
"ch101", "géographie", "https://raw.githubusercontent.com/BucknellDSC/suzette/refs/heads/master/suzette_gazetteer.xml#suzpl0731", "", "Saône", "Saône""Chapter", "Section", "Ref", "SameAs", "Key", "Place"
"ch102", "récit", "https://raw.githubusercontent.com/BucknellDSC/suzette/refs/heads/master/suzette_gazetteer.xml#suzpl0384", "", "Arc de triomphe", "Arc de triomphe"
"ch102", "récit", "https://raw.githubusercontent.com/BucknellDSC/suzette/refs/heads/master/suzette_gazetteer.xml#suzpl0576", "", "New York (State)", "Etat de New-York"
"ch102", "récit", "https://raw.githubusercontent.com/BucknellDSC/suzette/refs/heads/master/suzette_gazetteer.xml#suzpl0009", "", "États-Unis", "Etats-Unis"
"ch102", "récit", "https://raw.githubusercontent.com/BucknellDSC/suzette/refs/heads/master/suzette_gazetteer.xml#suzpl0009", "", "États-Unis", "Etats-Unis"
"ch102", "récit", "https://raw.githubusercontent.com/BucknellDSC/suzette/refs/heads/master/suzette_gazetteer.xml#suzpl0552", "", "La Madeleine", "Madeleine"
"ch102", "récit", "https://raw.githubusercontent.com/BucknellDSC/suzette/refs/heads/master/suzette_gazetteer.xml#suzpl0878", "", "Maison Carrée de Nîmes", "Maison carrée"
"ch102", "récit", "https://raw.githubusercontent.com/BucknellDSC/suzette/refs/heads/master/suzette_gazetteer.xml#suzpl0878", "", "Maison Carrée de Nîmes", "Maison carrée de Nîmes"
"ch102", "récit", "https://raw.githubusercontent.com/BucknellDSC/suzette/refs/heads/master/suzette_gazetteer.xml#suzpl0578", "", "Nîmes", "Nîmes"
"ch102", "récit", "https://raw.githubusercontent.com/BucknellDSC/suzette/refs/heads/master/suzette_gazetteer.xml#suzpl0835", "", "avenue de Wagram", "avenue*Avenue. Large allée bordée d'arbres. de Wagram"
"ch102", "récit", "https://raw.githubusercontent.com/BucknellDSC/suzette/refs/heads/master/suzette_gazetteer.xml#suzpl0494", "", "faubourg Saint-Honoré", "faubourg Saint-Honoré"
"ch102", "récit", "https://raw.githubusercontent.com/BucknellDSC/suzette/refs/heads/master/suzette_gazetteer.xml#suzpl0885", "", "palais de l'Elysée", "palais de l'Elysée"
"ch102", "questionnaire", "https://raw.githubusercontent.com/BucknellDSC/suzette/refs/heads/master/suzette_gazetteer.xml#suzpl0009", "", "États-Unis", "Etats-Unis"
"ch102", "questionnaire", "https://raw.githubusercontent.com/BucknellDSC/suzette/refs/heads/master/suzette_gazetteer.xml#suzpl0009", "", "États-Unis", "Etats-Unis"
"ch102", "questionnaire", "https://raw.githubusercontent.com/BucknellDSC/suzette/refs/heads/master/suzette_gazetteer.xml#suzpl0552", "", "La Madeleine", "Madeleine"
"ch102", "questionnaire", "https://raw.githubusercontent.com/BucknellDSC/suzette/refs/heads/master/suzette_gazetteer.xml#suzpl0885", "", "palais de l'Elysée", "palais de l'Elysée"
"ch102", "instruction_civique", "https://raw.githubusercontent.com/BucknellDSC/suzette/refs/heads/master/suzette_gazetteer.xml#suzpl0044", "", "Paris", "Paris"
"ch102", "instruction_civique", "https://raw.githubusercontent.com/BucknellDSC/suzette/refs/heads/master/suzette_gazetteer.xml#suzpl0127", "", "Versailles", "Versailles"
"ch102", "instruction_civique", "https://raw.githubusercontent.com/BucknellDSC/suzette/refs/heads/master/suzette_gazetteer.xml#suzpl0885", "", "palais de l'Elysée", "palais de l'Elysée"
"ch102", "histoire", "https://raw.githubusercontent.com/BucknellDSC/suzette/refs/heads/master/suzette_gazetteer.xml#suzpl0392", "", "Austerlitz", "Austerlitz"
"ch102", "histoire", "https://raw.githubusercontent.com/BucknellDSC/suzette/refs/heads/master/suzette_gazetteer.xml#suzpl0256", "", "Autriche", "Autriche"
"ch102", "histoire", "https://raw.githubusercontent.com/BucknellDSC/suzette/refs/heads/master/suzette_gazetteer.xml#suzpl0393", "", "Autun", "Autun"
"ch102", "histoire", "https://raw.githubusercontent.com/BucknellDSC/suzette/refs/heads/master/suzette_gazetteer.xml#suzpl0125", "", "Besançon", "Besançon"
"ch102", "histoire", "https://raw.githubusercontent.com/BucknellDSC/suzette/refs/heads/master/suzette_gazetteer.xml#suzpl0409", "", "Bohême", "Bohême"
"ch102", "histoire", "https://raw.githubusercontent.com/BucknellDSC/suzette/refs/heads/master/suzette_gazetteer.xml#suzpl0016", "", "France", "France"
"ch102", "histoire", "https://raw.githubusercontent.com/BucknellDSC/suzette/refs/heads/master/suzette_gazetteer.xml#suzpl0820", "", "Gaule", "Gaule"
"ch102", "histoire", "https://raw.githubusercontent.com/BucknellDSC/suzette/refs/heads/master/suzette_gazetteer.xml#suzpl0015", "", "Italie", "Italie"
"ch102", "histoire", "https://raw.githubusercontent.com/BucknellDSC/suzette/refs/heads/master/suzette_gazetteer.xml#suzpl0048", "", "Marseille", "Marseille"
"ch102", "histoire", "https://raw.githubusercontent.com/BucknellDSC/suzette/refs/heads/master/suzette_gazetteer.xml#suzpl0578", "", "Nîmes", "Nîmes"
"ch102", "histoire", "https://raw.githubusercontent.com/BucknellDSC/suzette/refs/heads/master/suzette_gazetteer.xml#suzpl0578", "", "Nîmes", "Nîmes"
"ch102", "histoire", "https://raw.githubusercontent.com/BucknellDSC/suzette/refs/heads/master/suzette_gazetteer.xml#suzpl0578", "", "Nîmes", "Nîmes"
"ch102", "histoire", "https://raw.githubusercontent.com/BucknellDSC/suzette/refs/heads/master/suzette_gazetteer.xml#suzpl0589", "", "Orange", "Orange"
"ch102", "histoire", "https://raw.githubusercontent.com/BucknellDSC/suzette/refs/heads/master/suzette_gazetteer.xml#suzpl0044", "", "Paris", "Paris"
"ch102", "histoire", "https://raw.githubusercontent.com/BucknellDSC/suzette/refs/heads/master/suzette_gazetteer.xml#suzpl0044", "", "Paris", "Paris"
"ch102", "histoire", "https://raw.githubusercontent.com/BucknellDSC/suzette/refs/heads/master/suzette_gazetteer.xml#suzpl0113", "", "Porte de Saint-Denis", "Saint-Denis"
"ch102", "histoire", "https://raw.githubusercontent.com/BucknellDSC/suzette/refs/heads/master/suzette_gazetteer.xml#suzpl0623", "", "Porte de Saint-Martin", "Saint-Martin"
"ch102", "histoire", "https://raw.githubusercontent.com/BucknellDSC/suzette/refs/heads/master/suzette_gazetteer.xml#suzpl0629", "", "Saintes", "Saintes"
"ch102", "histoire", "https://raw.githubusercontent.com/BucknellDSC/suzette/refs/heads/master/suzette_gazetteer.xml#suzpl0661", "", "Ulm", "Ulm"
"ch102", "histoire", "https://raw.githubusercontent.com/BucknellDSC/suzette/refs/heads/master/suzette_gazetteer.xml#suzpl0669", "", "Wagram", "Wagram"
"ch102", "histoire", "https://raw.githubusercontent.com/BucknellDSC/suzette/refs/heads/master/suzette_gazetteer.xml#suzpl0669", "", "Wagram", "Wagram"
"ch102", "histoire", "https://raw.githubusercontent.com/BucknellDSC/suzette/refs/heads/master/suzette_gazetteer.xml#suzpl0384", "", "Arc de triomphe", "arc de triomphe de l'Etoile,"
"ch102", "histoire", "https://raw.githubusercontent.com/BucknellDSC/suzette/refs/heads/master/suzette_gazetteer.xml#suzpl0841", "", "Colonne Vendôme", "colonne Vendôme"
"ch102", "histoire", "https://raw.githubusercontent.com/BucknellDSC/suzette/refs/heads/master/suzette_gazetteer.xml#suzpl0840", "", "colonne de Juillet", "colonne de Juillet"
"ch102", "histoire", "https://raw.githubusercontent.com/BucknellDSC/suzette/refs/heads/master/suzette_gazetteer.xml#suzpl0891", "", "place du Châtelet", "place du Châtelet""Chapter", "Section", "Ref", "SameAs", "Key", "Place"
"ch103", "récit", "https://raw.githubusercontent.com/BucknellDSC/suzette/refs/heads/master/suzette_gazetteer.xml#suzpl0118", "", "Alençon", "Alençon"
"ch103", "récit", "https://raw.githubusercontent.com/BucknellDSC/suzette/refs/heads/master/suzette_gazetteer.xml#suzpl0010", "", "Angleterre", "Angleterre"
"ch103", "récit", "https://raw.githubusercontent.com/BucknellDSC/suzette/refs/heads/master/suzette_gazetteer.xml#suzpl0067", "", "Aubusson", "Aubusson"
"ch103", "récit", "https://raw.githubusercontent.com/BucknellDSC/suzette/refs/heads/master/suzette_gazetteer.xml#suzpl0343", "", "Auvergne", "Auvergne"
"ch103", "récit", "https://raw.githubusercontent.com/BucknellDSC/suzette/refs/heads/master/suzette_gazetteer.xml#suzpl0066", "", "Beauvais", "Beauvais"
"ch103", "récit", "https://raw.githubusercontent.com/BucknellDSC/suzette/refs/heads/master/suzette_gazetteer.xml#suzpl0415", "", "Bourbonnais", "Bourbonnais"
"ch103", "récit", "https://raw.githubusercontent.com/BucknellDSC/suzette/refs/heads/master/suzette_gazetteer.xml#suzpl0337", "", "Bretagne", "Bretagne"
"ch103", "récit", "https://raw.githubusercontent.com/BucknellDSC/suzette/refs/heads/master/suzette_gazetteer.xml#suzpl0110", "", "Bruxelles", "Bruxelles"
"ch103", "récit", "https://raw.githubusercontent.com/BucknellDSC/suzette/refs/heads/master/suzette_gazetteer.xml#suzpl0013", "", "Chine", "Chine"
"ch103", "récit", "https://raw.githubusercontent.com/BucknellDSC/suzette/refs/heads/master/suzette_gazetteer.xml#suzpl0116", "", "Elbeuf", "Elbeuf"
"ch103", "récit", "https://raw.githubusercontent.com/BucknellDSC/suzette/refs/heads/master/suzette_gazetteer.xml#suzpl0014", "", "Espagne", "Espagne"
"ch103", "récit", "https://raw.githubusercontent.com/BucknellDSC/suzette/refs/heads/master/suzette_gazetteer.xml#suzpl0151", "", "Flandres", "Flandre"
"ch103", "récit", "https://raw.githubusercontent.com/BucknellDSC/suzette/refs/heads/master/suzette_gazetteer.xml#suzpl0858", "", "Les Halles", "Halles"
"ch103", "récit", "https://raw.githubusercontent.com/BucknellDSC/suzette/refs/heads/master/suzette_gazetteer.xml#suzpl0017", "", "Japon", "Japon"
"ch103", "récit", "https://raw.githubusercontent.com/BucknellDSC/suzette/refs/heads/master/suzette_gazetteer.xml#suzpl0060", "", "Lodève", "Lodève"
"ch103", "récit", "https://raw.githubusercontent.com/BucknellDSC/suzette/refs/heads/master/suzette_gazetteer.xml#suzpl0156", "", "Lorraine", "Lorraine"
"ch103", "récit", "https://raw.githubusercontent.com/BucknellDSC/suzette/refs/heads/master/suzette_gazetteer.xml#suzpl0877", "", "Grands Magasins du Louvre", "Louvre"
"ch103", "récit", "https://raw.githubusercontent.com/BucknellDSC/suzette/refs/heads/master/suzette_gazetteer.xml#suzpl0117", "", "Lyon", "Lyon"
"ch103", "récit", "https://raw.githubusercontent.com/BucknellDSC/suzette/refs/heads/master/suzette_gazetteer.xml#suzpl0117", "", "Lyon", "Lyon"
"ch103", "récit", "https://raw.githubusercontent.com/BucknellDSC/suzette/refs/heads/master/suzette_gazetteer.xml#suzpl0220", "", "France méridionale (Midi)", "Midi"
"ch103", "récit", "https://raw.githubusercontent.com/BucknellDSC/suzette/refs/heads/master/suzette_gazetteer.xml#suzpl0720", "", "Normandie", "Normandie"
"ch103", "récit", "https://raw.githubusercontent.com/BucknellDSC/suzette/refs/heads/master/suzette_gazetteer.xml#suzpl0941", "", "Moyen-Orient", "Orient"
"ch103", "récit", "https://raw.githubusercontent.com/BucknellDSC/suzette/refs/heads/master/suzette_gazetteer.xml#suzpl0044", "", "Paris", "Paris"
"ch103", "récit", "https://raw.githubusercontent.com/BucknellDSC/suzette/refs/heads/master/suzette_gazetteer.xml#suzpl0182", "", "Pas-de-Calais", "Pas-de-Calais"
"ch103", "récit", "https://raw.githubusercontent.com/BucknellDSC/suzette/refs/heads/master/suzette_gazetteer.xml#suzpl0031", "", "Russie", "Russie"
"ch103", "récit", "https://raw.githubusercontent.com/BucknellDSC/suzette/refs/heads/master/suzette_gazetteer.xml#suzpl0313", "", "Saint-Étienne", "Saint-Etienne"
"ch103", "récit", "https://raw.githubusercontent.com/BucknellDSC/suzette/refs/heads/master/suzette_gazetteer.xml#suzpl0053", "", "Sedan", "Sedan"
"ch103", "récit", "https://raw.githubusercontent.com/BucknellDSC/suzette/refs/heads/master/suzette_gazetteer.xml#suzpl0900", "", "Quartier des Ternes", "Ternes"
"ch103", "récit", "https://raw.githubusercontent.com/BucknellDSC/suzette/refs/heads/master/suzette_gazetteer.xml#suzpl0119", "", "Valenciennes", "Valenciennes"
"ch103", "récit", "https://raw.githubusercontent.com/BucknellDSC/suzette/refs/heads/master/suzette_gazetteer.xml#suzpl0119", "", "Valenciennes", "Valenciennes"
"ch103", "récit", "https://raw.githubusercontent.com/BucknellDSC/suzette/refs/heads/master/suzette_gazetteer.xml#suzpl0877", "", "Grands Magasins du Louvre", "magasin du Louvre"
"ch103", "récit", "https://raw.githubusercontent.com/BucknellDSC/suzette/refs/heads/master/suzette_gazetteer.xml#suzpl0877", "", "Grands Magasins du Louvre", "magasin du Louvre"
"ch103", "questionnaire", "https://raw.githubusercontent.com/BucknellDSC/suzette/refs/heads/master/suzette_gazetteer.xml#suzpl0858", "", "Les Halles", "Halles centralès"
"ch103", "questionnaire", "https://raw.githubusercontent.com/BucknellDSC/suzette/refs/heads/master/suzette_gazetteer.xml#suzpl0877", "", "Grands Magasins du Louvre", "magasin du Louvre"
"ch103", "géographie", "https://raw.githubusercontent.com/BucknellDSC/suzette/refs/heads/master/suzette_gazetteer.xml#suzpl0110", "", "Bruxelles", "Bruxelles"
"ch103", "géographie", "https://raw.githubusercontent.com/BucknellDSC/suzette/refs/heads/master/suzette_gazetteer.xml#suzpl0429", "", "Calais", "Calais"
"ch103", "géographie", "https://raw.githubusercontent.com/BucknellDSC/suzette/refs/heads/master/suzette_gazetteer.xml#suzpl0014", "", "Espagne", "Espagne"
"ch103", "géographie", "https://raw.githubusercontent.com/BucknellDSC/suzette/refs/heads/master/suzette_gazetteer.xml#suzpl0016", "", "France", "France"
"ch103", "géographie", "https://raw.githubusercontent.com/BucknellDSC/suzette/refs/heads/master/suzette_gazetteer.xml#suzpl0279", "", "la Manche", "côte anglaise"
"ch103", "industrie", "https://raw.githubusercontent.com/BucknellDSC/suzette/refs/heads/master/suzette_gazetteer.xml#suzpl0404", "", "Birmingham", "Birmingham"
"ch103", "industrie", "https://raw.githubusercontent.com/BucknellDSC/suzette/refs/heads/master/suzette_gazetteer.xml#suzpl0091", "", "Cambrai", "Cambrai"
"ch103", "industrie", "https://raw.githubusercontent.com/BucknellDSC/suzette/refs/heads/master/suzette_gazetteer.xml#suzpl0686", "", "Faenza", "Faenza"
"ch103", "industrie", "https://raw.githubusercontent.com/BucknellDSC/suzette/refs/heads/master/suzette_gazetteer.xml#suzpl0016", "", "France", "France"
"ch103", "industrie", "https://raw.githubusercontent.com/BucknellDSC/suzette/refs/heads/master/suzette_gazetteer.xml#suzpl0015", "", "Italie", "Italie""Chapter", "Section", "Ref", "SameAs", "Key", "Place"
"ch104", "récit", "https://raw.githubusercontent.com/BucknellDSC/suzette/refs/heads/master/suzette_gazetteer.xml#suzpl0337", "", "Bretagne", "Bretagne"
"ch104", "récit", "https://raw.githubusercontent.com/BucknellDSC/suzette/refs/heads/master/suzette_gazetteer.xml#suzpl0209", "", "Grenelle", "Grenelle"
"ch104", "récit", "https://raw.githubusercontent.com/BucknellDSC/suzette/refs/heads/master/suzette_gazetteer.xml#suzpl0720", "", "Normandie", "Normandie"
"ch104", "récit", "https://raw.githubusercontent.com/BucknellDSC/suzette/refs/heads/master/suzette_gazetteer.xml#suzpl0044", "", "Paris", "Paris"
"ch104", "récit", "https://raw.githubusercontent.com/BucknellDSC/suzette/refs/heads/master/suzette_gazetteer.xml#suzpl0896", "", "Rue Fondary", "Rue Fondary"
"ch104", "récit", "https://raw.githubusercontent.com/BucknellDSC/suzette/refs/heads/master/suzette_gazetteer.xml#suzpl0942", "", "École professionnelle de la rue Fondary", "École professionnelle ménagère de la Ville de Paris"
"ch104", "questionnaire", "https://raw.githubusercontent.com/BucknellDSC/suzette/refs/heads/master/suzette_gazetteer.xml#suzpl0209", "", "Grenelle", "Grenelle"
"ch104", "questionnaire", "https://raw.githubusercontent.com/BucknellDSC/suzette/refs/heads/master/suzette_gazetteer.xml#suzpl0896", "", "Rue Fondary", "rue Fondary""Chapter", "Section", "Ref", "SameAs", "Key", "Place"
"ch105", "récit", "https://raw.githubusercontent.com/BucknellDSC/suzette/refs/heads/master/suzette_gazetteer.xml#suzpl0044", "", "Paris", "Paris"
"ch105", "complexe", "https://raw.githubusercontent.com/BucknellDSC/suzette/refs/heads/master/suzette_gazetteer.xml#suzpl0402", "", "Bengale", "Bengale"
"ch105", "complexe", "https://raw.githubusercontent.com/BucknellDSC/suzette/refs/heads/master/suzette_gazetteer.xml#suzpl0422", "", "Brie-Comte-Robert", "Brie-Comte-Robert"
"ch105", "complexe", "https://raw.githubusercontent.com/BucknellDSC/suzette/refs/heads/master/suzette_gazetteer.xml#suzpl0430", "", "Cannes", "Cannes"
"ch105", "complexe", "https://raw.githubusercontent.com/BucknellDSC/suzette/refs/heads/master/suzette_gazetteer.xml#suzpl0478", "", "Damas", "Damas"
"ch105", "complexe", "https://raw.githubusercontent.com/BucknellDSC/suzette/refs/heads/master/suzette_gazetteer.xml#suzpl0016", "", "France", "France"
"ch105", "complexe", "https://raw.githubusercontent.com/BucknellDSC/suzette/refs/heads/master/suzette_gazetteer.xml#suzpl0507", "", "Grasse", "Grasse"
"ch105", "complexe", "https://raw.githubusercontent.com/BucknellDSC/suzette/refs/heads/master/suzette_gazetteer.xml#suzpl0509", "", "Grisy-Suisnes", "Grisy-Suisnes"
"ch105", "complexe", "https://raw.githubusercontent.com/BucknellDSC/suzette/refs/heads/master/suzette_gazetteer.xml#suzpl0522", "", "Hyères", "Hyères"
"ch105", "complexe", "https://raw.githubusercontent.com/BucknellDSC/suzette/refs/heads/master/suzette_gazetteer.xml#suzpl0117", "", "Lyon", "Lyon"
"ch105", "complexe", "https://raw.githubusercontent.com/BucknellDSC/suzette/refs/heads/master/suzette_gazetteer.xml#suzpl0307", "", "Metz", "Metz"
"ch105", "complexe", "https://raw.githubusercontent.com/BucknellDSC/suzette/refs/heads/master/suzette_gazetteer.xml#suzpl0577", "", "Nice", "Nice"
"ch105", "complexe", "https://raw.githubusercontent.com/BucknellDSC/suzette/refs/heads/master/suzette_gazetteer.xml#suzpl0044", "", "Paris", "Paris"
"ch105", "complexe", "https://raw.githubusercontent.com/BucknellDSC/suzette/refs/heads/master/suzette_gazetteer.xml#suzpl0044", "", "Paris", "Paris"
"ch105", "complexe", "https://raw.githubusercontent.com/BucknellDSC/suzette/refs/heads/master/suzette_gazetteer.xml#suzpl0124", "", "Provins", "Provins"
"ch105", "complexe", "https://raw.githubusercontent.com/BucknellDSC/suzette/refs/heads/master/suzette_gazetteer.xml#suzpl0124", "", "Provins", "Provins"
"ch105", "complexe", "https://raw.githubusercontent.com/BucknellDSC/suzette/refs/heads/master/suzette_gazetteer.xml#suzpl0214", "", "Syrie", "Syrie"
"ch105", "complexe", "https://raw.githubusercontent.com/BucknellDSC/suzette/refs/heads/master/suzette_gazetteer.xml#suzpl0220", "", "France méridionale (Midi)", "midi""Chapter", "Section", "Ref", "SameAs", "Key", "Place"
"ch106", "récit", "https://raw.githubusercontent.com/BucknellDSC/suzette/refs/heads/master/suzette_gazetteer.xml#suzpl0004", "", "Asie", "Asie"
"ch106", "récit", "https://raw.githubusercontent.com/BucknellDSC/suzette/refs/heads/master/suzette_gazetteer.xml#suzpl0410", "", "Bois de Boulogne", "Bois de Boulogne"
"ch106", "récit", "https://raw.githubusercontent.com/BucknellDSC/suzette/refs/heads/master/suzette_gazetteer.xml#suzpl0488", "", "Ecosse", "Ecosse"
"ch106", "récit", "", "", "", "Fragicourt"
"ch106", "récit", "https://raw.githubusercontent.com/BucknellDSC/suzette/refs/heads/master/suzette_gazetteer.xml#suzpl0872", "", "Jardin d'Acclimatation", "Jardin d'acclimatation"
"ch106", "récit", "https://raw.githubusercontent.com/BucknellDSC/suzette/refs/heads/master/suzette_gazetteer.xml#suzpl0872", "", "Jardin d'Acclimatation", "Jardin d'acclimatation"
"ch106", "récit", "https://raw.githubusercontent.com/BucknellDSC/suzette/refs/heads/master/suzette_gazetteer.xml#suzpl0044", "", "Paris", "Paris"
"ch106", "récit", "https://raw.githubusercontent.com/BucknellDSC/suzette/refs/heads/master/suzette_gazetteer.xml#suzpl0639", "", "Shetland", "Shetland"
"ch106", "récit", "https://raw.githubusercontent.com/BucknellDSC/suzette/refs/heads/master/suzette_gazetteer.xml#suzpl0639", "", "Shetland", "Shetland"
"ch106", "récit", "https://raw.githubusercontent.com/BucknellDSC/suzette/refs/heads/master/suzette_gazetteer.xml#suzpl0410", "", "Bois de Boulogne", "bois de Boulogne"
"ch106", "récit", "https://raw.githubusercontent.com/BucknellDSC/suzette/refs/heads/master/suzette_gazetteer.xml#suzpl0488", "", "Ecosse", "Écosse"
"ch106", "questionnaire", "https://raw.githubusercontent.com/BucknellDSC/suzette/refs/heads/master/suzette_gazetteer.xml#suzpl0872", "", "Jardin d'Acclimatation", "Jardin"
"ch106", "questionnaire", "https://raw.githubusercontent.com/BucknellDSC/suzette/refs/heads/master/suzette_gazetteer.xml#suzpl0872", "", "Jardin d'Acclimatation", "Jardin d'acclimatation"
"ch106", "questionnaire", "https://raw.githubusercontent.com/BucknellDSC/suzette/refs/heads/master/suzette_gazetteer.xml#suzpl0872", "", "Jardin d'Acclimatation", "Jardin d'acclimatation"
"ch106", "complexe", "https://raw.githubusercontent.com/BucknellDSC/suzette/refs/heads/master/suzette_gazetteer.xml#suzpl0001", "", "Afrique", "Afrique"
"ch106", "complexe", "https://raw.githubusercontent.com/BucknellDSC/suzette/refs/heads/master/suzette_gazetteer.xml#suzpl0001", "", "Afrique", "Afrique"
"ch106", "complexe", "https://raw.githubusercontent.com/BucknellDSC/suzette/refs/heads/master/suzette_gazetteer.xml#suzpl0366", "", "Afrique méridionale", "Afrique méridionale"
"ch106", "complexe", "https://raw.githubusercontent.com/BucknellDSC/suzette/refs/heads/master/suzette_gazetteer.xml#suzpl0022", "", "Algérie", "Algérie"
"ch106", "complexe", "https://raw.githubusercontent.com/BucknellDSC/suzette/refs/heads/master/suzette_gazetteer.xml#suzpl0010", "", "Angleterre", "Angleterre"
"ch106", "complexe", "https://raw.githubusercontent.com/BucknellDSC/suzette/refs/heads/master/suzette_gazetteer.xml#suzpl0035", "", "Arabie Saoudite", "Arabie"
"ch106", "complexe", "https://raw.githubusercontent.com/BucknellDSC/suzette/refs/heads/master/suzette_gazetteer.xml#suzpl0004", "", "Asie", "Asie"
"ch106", "complexe", "https://raw.githubusercontent.com/BucknellDSC/suzette/refs/heads/master/suzette_gazetteer.xml#suzpl0421", "", "Brésil", "Brésil"
"ch106", "complexe", "https://raw.githubusercontent.com/BucknellDSC/suzette/refs/heads/master/suzette_gazetteer.xml#suzpl0016", "", "France", "France"
"ch106", "complexe", "https://raw.githubusercontent.com/BucknellDSC/suzette/refs/heads/master/suzette_gazetteer.xml#suzpl0354", "", "Hindoustan", "Hindoustan"
"ch106", "complexe", "https://raw.githubusercontent.com/BucknellDSC/suzette/refs/heads/master/suzette_gazetteer.xml#suzpl0031", "", "Russie", "Russie"
"ch106", "complexe", "https://raw.githubusercontent.com/BucknellDSC/suzette/refs/heads/master/suzette_gazetteer.xml#suzpl0639", "", "Shetland", "Shetland"
"ch106", "complexe", "https://raw.githubusercontent.com/BucknellDSC/suzette/refs/heads/master/suzette_gazetteer.xml#suzpl0650", "", "Terre-Neuve", "Terre-Neuve"
"ch106", "complexe", "https://raw.githubusercontent.com/BucknellDSC/suzette/refs/heads/master/suzette_gazetteer.xml#suzpl0461", "", "colonie du Cap", "colonie du Cap"
"ch106", "économie_domestique", "https://raw.githubusercontent.com/BucknellDSC/suzette/refs/heads/master/suzette_gazetteer.xml#suzpl0002", "", "Amérique du nord", "'Amérique"
"ch106", "économie_domestique", "https://raw.githubusercontent.com/BucknellDSC/suzette/refs/heads/master/suzette_gazetteer.xml#suzpl0001", "", "Afrique", "Afrique"
"ch106", "économie_domestique", "https://raw.githubusercontent.com/BucknellDSC/suzette/refs/heads/master/suzette_gazetteer.xml#suzpl0013", "", "Chine", "Chine"
"ch106", "économie_domestique", "https://raw.githubusercontent.com/BucknellDSC/suzette/refs/heads/master/suzette_gazetteer.xml#suzpl0005", "", "Europe", "Europe"
"ch106", "économie_domestique", "https://raw.githubusercontent.com/BucknellDSC/suzette/refs/heads/master/suzette_gazetteer.xml#suzpl0005", "", "Europe", "Europe"
"ch106", "économie_domestique", "https://raw.githubusercontent.com/BucknellDSC/suzette/refs/heads/master/suzette_gazetteer.xml#suzpl0016", "", "France", "France"
"ch106", "économie_domestique", "https://raw.githubusercontent.com/BucknellDSC/suzette/refs/heads/master/suzette_gazetteer.xml#suzpl0872", "", "Jardin d'Acclimatation", "Jardin d'acclimatation"
"ch106", "économie_domestique", "https://raw.githubusercontent.com/BucknellDSC/suzette/refs/heads/master/suzette_gazetteer.xml#suzpl0872", "", "Jardin d'Acclimatation", "Jardin d'acclimatation""Chapter", "Section", "Ref", "SameAs", "Key", "Place"
"ch107", "récit", "https://raw.githubusercontent.com/BucknellDSC/suzette/refs/heads/master/suzette_gazetteer.xml#suzpl0457", "", "Cochinchine", "Cochinchine"
"ch107", "récit", "https://raw.githubusercontent.com/BucknellDSC/suzette/refs/heads/master/suzette_gazetteer.xml#suzpl0016", "", "France", "France"
"ch107", "récit", "https://raw.githubusercontent.com/BucknellDSC/suzette/refs/heads/master/suzette_gazetteer.xml#suzpl0864", "", "Houdan", "Houdan"
"ch107", "questionnaire", "https://raw.githubusercontent.com/BucknellDSC/suzette/refs/heads/master/suzette_gazetteer.xml#suzpl0864", "", "Houdan", "Houdan""Chapter", "Section", "Ref", "SameAs", "Key", "Place"
"ch108", "récit", "https://raw.githubusercontent.com/BucknellDSC/suzette/refs/heads/master/suzette_gazetteer.xml#suzpl0044", "", "Paris", "Paris""Chapter", "Section", "Ref", "SameAs", "Key", "Place"
"ch109", "récit", "https://raw.githubusercontent.com/BucknellDSC/suzette/refs/heads/master/suzette_gazetteer.xml#suzpl0058", "", "Amiens", "Amiens"
"ch109", "récit", "https://raw.githubusercontent.com/BucknellDSC/suzette/refs/heads/master/suzette_gazetteer.xml#suzpl0021", "", "Belgique", "Belgique"
"ch109", "récit", "https://raw.githubusercontent.com/BucknellDSC/suzette/refs/heads/master/suzette_gazetteer.xml#suzpl0110", "", "Bruxelles", "Bruxelles"
"ch109", "récit", "https://raw.githubusercontent.com/BucknellDSC/suzette/refs/heads/master/suzette_gazetteer.xml#suzpl0033", "", "Hollande", "Hollande"
"ch109", "récit", "https://raw.githubusercontent.com/BucknellDSC/suzette/refs/heads/master/suzette_gazetteer.xml#suzpl0872", "", "Jardin d'Acclimatation", "Jardin d'acclimatation"
"ch109", "récit", "https://raw.githubusercontent.com/BucknellDSC/suzette/refs/heads/master/suzette_gazetteer.xml#suzpl0573", "", "Nérac", "Nérac"
"ch109", "récit", "https://raw.githubusercontent.com/BucknellDSC/suzette/refs/heads/master/suzette_gazetteer.xml#suzpl0044", "", "Paris", "Paris"
"ch109", "récit", "https://raw.githubusercontent.com/BucknellDSC/suzette/refs/heads/master/suzette_gazetteer.xml#suzpl0049", "", "Toulouse", "Toulouse"
"ch109", "récit", "https://raw.githubusercontent.com/BucknellDSC/suzette/refs/heads/master/suzette_gazetteer.xml#suzpl0659", "", "Trianon", "Trianon"
"ch109", "récit", "https://raw.githubusercontent.com/BucknellDSC/suzette/refs/heads/master/suzette_gazetteer.xml#suzpl0659", "", "Trianon", "Trianon"
"ch109", "récit", "https://raw.githubusercontent.com/BucknellDSC/suzette/refs/heads/master/suzette_gazetteer.xml#suzpl0127", "", "Versailles", "Versailles"
"ch109", "questionnaire", "https://raw.githubusercontent.com/BucknellDSC/suzette/refs/heads/master/suzette_gazetteer.xml#suzpl0021", "", "Belgique", "Belgique"
"ch109", "questionnaire", "https://raw.githubusercontent.com/BucknellDSC/suzette/refs/heads/master/suzette_gazetteer.xml#suzpl0110", "", "Bruxelles", "Bruxelles"
"ch109", "questionnaire", "https://raw.githubusercontent.com/BucknellDSC/suzette/refs/heads/master/suzette_gazetteer.xml#suzpl0033", "", "Hollande", "Hollande"
"ch109", "questionnaire", "https://raw.githubusercontent.com/BucknellDSC/suzette/refs/heads/master/suzette_gazetteer.xml#suzpl0872", "", "Jardin d'Acclimatation", "Jardin d'acclimatation"
"ch109", "sciences_naturelles", "https://raw.githubusercontent.com/BucknellDSC/suzette/refs/heads/master/suzette_gazetteer.xml#suzpl0016", "", "France", "France"
"ch109", "histoire", "https://raw.githubusercontent.com/BucknellDSC/suzette/refs/heads/master/suzette_gazetteer.xml#suzpl0016", "", "France", "France"
"ch109", "histoire", "https://raw.githubusercontent.com/BucknellDSC/suzette/refs/heads/master/suzette_gazetteer.xml#suzpl0659", "", "Trianon", "Grand Trianon"
"ch109", "histoire", "https://raw.githubusercontent.com/BucknellDSC/suzette/refs/heads/master/suzette_gazetteer.xml#suzpl0044", "", "Paris", "Paris"
"ch109", "histoire", "https://raw.githubusercontent.com/BucknellDSC/suzette/refs/heads/master/suzette_gazetteer.xml#suzpl0889", "", "Petit Trianon", "Petit Trianon"
"ch109", "histoire", "https://raw.githubusercontent.com/BucknellDSC/suzette/refs/heads/master/suzette_gazetteer.xml#suzpl0889", "", "Petit Trianon", "Petit Trianon"
"ch109", "histoire", "https://raw.githubusercontent.com/BucknellDSC/suzette/refs/heads/master/suzette_gazetteer.xml#suzpl0899", "", "Temple", "Temple"
"ch109", "histoire", "https://raw.githubusercontent.com/BucknellDSC/suzette/refs/heads/master/suzette_gazetteer.xml#suzpl0659", "", "Trianon", "Trianon"
"ch109", "histoire", "https://raw.githubusercontent.com/BucknellDSC/suzette/refs/heads/master/suzette_gazetteer.xml#suzpl0825", "", "Tuileries", "Tuileries"
"ch109", "histoire", "https://raw.githubusercontent.com/BucknellDSC/suzette/refs/heads/master/suzette_gazetteer.xml#suzpl0945", "", "Vienne (Autriche)", "Vienne"
"ch109", "histoire", "https://raw.githubusercontent.com/BucknellDSC/suzette/refs/heads/master/suzette_gazetteer.xml#suzpl0881", "", "musée des gloires nationales de la France", "musée des gloires nationales de la France"
"ch109", "histoire", "https://raw.githubusercontent.com/BucknellDSC/suzette/refs/heads/master/suzette_gazetteer.xml#suzpl0943", "", "Château de Versailles", "palais de Versailles"
"ch109", "histoire", "https://raw.githubusercontent.com/BucknellDSC/suzette/refs/heads/master/suzette_gazetteer.xml#suzpl0943", "", "Château de Versailles", "palais de Versailles"
"ch109", "histoire", "https://raw.githubusercontent.com/BucknellDSC/suzette/refs/heads/master/suzette_gazetteer.xml#suzpl0943", "", "Château de Versailles", "palais de Versailles""Chapter", "Section", "Ref", "SameAs", "Key", "Place"
"ch110", "récit", "", "", "", "Fragicourt"
"ch110", "récit", "", "", "", "Fragicourt"
"ch110", "récit", "https://raw.githubusercontent.com/BucknellDSC/suzette/refs/heads/master/suzette_gazetteer.xml#suzpl0016", "", "France", "France"
"ch110", "morale", "https://raw.githubusercontent.com/BucknellDSC/suzette/refs/heads/master/suzette_gazetteer.xml#suzpl0010", "", "Angleterre", "Angleterre"
"ch110", "morale", "https://raw.githubusercontent.com/BucknellDSC/suzette/refs/heads/master/suzette_gazetteer.xml#suzpl0079", "", "Grenoble", "Grenoble"
"ch110", "morale", "https://raw.githubusercontent.com/BucknellDSC/suzette/refs/heads/master/suzette_gazetteer.xml#suzpl0184", "", "Isère", "Isère"
"ch110", "morale", "https://raw.githubusercontent.com/BucknellDSC/suzette/refs/heads/master/suzette_gazetteer.xml#suzpl0616", "", "Rochdale", "Rochdale"
"ch110", "morale", "https://raw.githubusercontent.com/BucknellDSC/suzette/refs/heads/master/suzette_gazetteer.xml#suzpl0056", "", "Roubaix", "Roubaix"
"ch110", "morale", "https://raw.githubusercontent.com/BucknellDSC/suzette/refs/heads/master/suzette_gazetteer.xml#suzpl0200", "", "Vienne", "Vienne"
"ch110", "morale", "https://raw.githubusercontent.com/BucknellDSC/suzette/refs/heads/master/suzette_gazetteer.xml#suzpl0950", "", "Vienne (Isère)", "Vienne""Chapter", "Section", "Ref", "SameAs", "Key", "Place""Chapter", "Section", "Ref", "SameAs", "Key", "Place"
"ch112", "récit", "https://raw.githubusercontent.com/BucknellDSC/suzette/refs/heads/master/suzette_gazetteer.xml#suzpl0001", "", "Afrique", "Afrique"
"ch112", "récit", "https://raw.githubusercontent.com/BucknellDSC/suzette/refs/heads/master/suzette_gazetteer.xml#suzpl0302", "", "Canada", "Canada"
"ch112", "récit", "https://raw.githubusercontent.com/BucknellDSC/suzette/refs/heads/master/suzette_gazetteer.xml#suzpl0005", "", "Europe", "Europe"
"ch112", "récit", "", "", "", "Fragicourt"
"ch112", "récit", "https://raw.githubusercontent.com/BucknellDSC/suzette/refs/heads/master/suzette_gazetteer.xml#suzpl0872", "", "Jardin d'Acclimatation", "Jardin d'acclimatation"
"ch112", "questionnaire", "https://raw.githubusercontent.com/BucknellDSC/suzette/refs/heads/master/suzette_gazetteer.xml#suzpl0302", "", "Canada", "Canada"
"ch112", "questionnaire", "https://raw.githubusercontent.com/BucknellDSC/suzette/refs/heads/master/suzette_gazetteer.xml#suzpl0016", "", "France", "France"
"ch112", "calcul", "https://raw.githubusercontent.com/BucknellDSC/suzette/refs/heads/master/suzette_gazetteer.xml#suzpl0050", "", "Montauban", "Montauban"
"ch112", "calcul", "https://raw.githubusercontent.com/BucknellDSC/suzette/refs/heads/master/suzette_gazetteer.xml#suzpl0050", "", "Montauban", "Montauban""Chapter", "Section", "Ref", "SameAs", "Key", "Place"
"ch113", "récit", "https://raw.githubusercontent.com/BucknellDSC/suzette/refs/heads/master/suzette_gazetteer.xml#suzpl0144", "", "Le Catelet", "Catelet"
"ch113", "industrie", "https://raw.githubusercontent.com/BucknellDSC/suzette/refs/heads/master/suzette_gazetteer.xml#suzpl0371", "", "Alais", "Alais"
"ch113", "industrie", "https://raw.githubusercontent.com/BucknellDSC/suzette/refs/heads/master/suzette_gazetteer.xml#suzpl0383", "", "Anzin", "Anzin"
"ch113", "industrie", "https://raw.githubusercontent.com/BucknellDSC/suzette/refs/heads/master/suzette_gazetteer.xml#suzpl0217", "", "Artois", "Artois"
"ch113", "industrie", "https://raw.githubusercontent.com/BucknellDSC/suzette/refs/heads/master/suzette_gazetteer.xml#suzpl0748", "", "Aveyron", "Aveyron"
"ch113", "industrie", "https://raw.githubusercontent.com/BucknellDSC/suzette/refs/heads/master/suzette_gazetteer.xml#suzpl0405", "", "Blanzy", "Blanzy"
"ch113", "industrie", "https://raw.githubusercontent.com/BucknellDSC/suzette/refs/heads/master/suzette_gazetteer.xml#suzpl0462", "", "Commentry", "Commentry"
"ch113", "industrie", "https://raw.githubusercontent.com/BucknellDSC/suzette/refs/heads/master/suzette_gazetteer.xml#suzpl0475", "", "Creusot", "Creusot"
"ch113", "industrie", "https://raw.githubusercontent.com/BucknellDSC/suzette/refs/heads/master/suzette_gazetteer.xml#suzpl0481", "", "Decazeville", "Decazeville"
"ch113", "industrie", "https://raw.githubusercontent.com/BucknellDSC/suzette/refs/heads/master/suzette_gazetteer.xml#suzpl0016", "", "France", "France"
"ch113", "industrie", "https://raw.githubusercontent.com/BucknellDSC/suzette/refs/heads/master/suzette_gazetteer.xml#suzpl0016", "", "France", "France"
"ch113", "industrie", "https://raw.githubusercontent.com/BucknellDSC/suzette/refs/heads/master/suzette_gazetteer.xml#suzpl0201", "", "Gard", "Gard"
"ch113", "industrie", "https://raw.githubusercontent.com/BucknellDSC/suzette/refs/heads/master/suzette_gazetteer.xml#suzpl0856", "", "La Grand-Combe", "Grand'Combe"
"ch113", "industrie", "https://raw.githubusercontent.com/BucknellDSC/suzette/refs/heads/master/suzette_gazetteer.xml#suzpl0541", "", "Lens", "Lens"
"ch113", "industrie", "https://raw.githubusercontent.com/BucknellDSC/suzette/refs/heads/master/suzette_gazetteer.xml#suzpl0186", "", "Loire", "Loire"
"ch113", "industrie", "https://raw.githubusercontent.com/BucknellDSC/suzette/refs/heads/master/suzette_gazetteer.xml#suzpl0561", "", "Montchanin", "Montchanin"
"ch113", "industrie", "https://raw.githubusercontent.com/BucknellDSC/suzette/refs/heads/master/suzette_gazetteer.xml#suzpl0198", "", "Rhône", "Rhône"
"ch113", "industrie", "https://raw.githubusercontent.com/BucknellDSC/suzette/refs/heads/master/suzette_gazetteer.xml#suzpl0614", "", "Rive-de-Gier", "Rive-de-Gier"
"ch113", "industrie", "https://raw.githubusercontent.com/BucknellDSC/suzette/refs/heads/master/suzette_gazetteer.xml#suzpl0313", "", "Saint-Étienne", "Saint-Etienne"
"ch113", "industrie", "https://raw.githubusercontent.com/BucknellDSC/suzette/refs/heads/master/suzette_gazetteer.xml#suzpl0640", "", "Somain", "Somain"
"ch113", "industrie", "https://raw.githubusercontent.com/BucknellDSC/suzette/refs/heads/master/suzette_gazetteer.xml#suzpl0119", "", "Valenciennes", "Valenciennes"
"ch113", "industrie", "https://raw.githubusercontent.com/BucknellDSC/suzette/refs/heads/master/suzette_gazetteer.xml#suzpl0946", "", "bassin de l'Escaut", "bassin de l'Escaut"
"ch113", "industrie", "https://raw.githubusercontent.com/BucknellDSC/suzette/refs/heads/master/suzette_gazetteer.xml#suzpl0240", "", "bassin du Cher supérieur", "bassin du Cher supérieur""Chapter", "Section", "Ref", "SameAs", "Key", "Place""Chapter", "Section", "Ref", "SameAs", "Key", "Place"
"ch115", "récit", "https://raw.githubusercontent.com/BucknellDSC/suzette/refs/heads/master/suzette_gazetteer.xml#suzpl0044", "", "Paris", "Paris"
"ch115", "sciences_naturelles", "https://raw.githubusercontent.com/BucknellDSC/suzette/refs/heads/master/suzette_gazetteer.xml#suzpl0558", "", "Mirabeau", "Mirabeau"
"ch115", "sciences_naturelles", "https://raw.githubusercontent.com/BucknellDSC/suzette/refs/heads/master/suzette_gazetteer.xml#suzpl0558", "", "Mirabeau", "Mirabeau"
"ch115", "sciences_naturelles", "https://raw.githubusercontent.com/BucknellDSC/suzette/refs/heads/master/suzette_gazetteer.xml#suzpl0220", "", "France méridionale (Midi)", "Midi"
"ch115", "sciences_naturelles", "https://raw.githubusercontent.com/BucknellDSC/suzette/refs/heads/master/suzette_gazetteer.xml#suzpl0499", "", "France septentrionale", "Nord"
"ch115", "sciences_naturelles", "https://raw.githubusercontent.com/BucknellDSC/suzette/refs/heads/master/suzette_gazetteer.xml#suzpl0016", "", "France", "France"
"ch115", "sciences_naturelles", "https://raw.githubusercontent.com/BucknellDSC/suzette/refs/heads/master/suzette_gazetteer.xml#suzpl0499", "", "France septentrionale", "région septentrionale de la France"
"ch115", "géographie", "https://raw.githubusercontent.com/BucknellDSC/suzette/refs/heads/master/suzette_gazetteer.xml#suzpl0906", "", "Canal de Bourgogne", "Bourgogne"
"ch115", "géographie", "https://raw.githubusercontent.com/BucknellDSC/suzette/refs/heads/master/suzette_gazetteer.xml#suzpl0907", "", "Canal de Briare", "Briare"
"ch115", "géographie", "https://raw.githubusercontent.com/BucknellDSC/suzette/refs/heads/master/suzette_gazetteer.xml#suzpl0908", "", "Canal du Centre", "Centre"
"ch115", "géographie", "https://raw.githubusercontent.com/BucknellDSC/suzette/refs/heads/master/suzette_gazetteer.xml#suzpl0151", "", "Flandre", "Flandre"
"ch115", "géographie", "https://raw.githubusercontent.com/BucknellDSC/suzette/refs/heads/master/suzette_gazetteer.xml#suzpl0016", "", "France", "France"
"ch115", "géographie", "https://raw.githubusercontent.com/BucknellDSC/suzette/refs/heads/master/suzette_gazetteer.xml#suzpl0905", "", "Marne au Rhin", "Marne au Rhin"
"ch115", "géographie", "https://raw.githubusercontent.com/BucknellDSC/suzette/refs/heads/master/suzette_gazetteer.xml#suzpl0910", "", "Canal du Midi", "Midi"
"ch115", "géographie", "https://raw.githubusercontent.com/BucknellDSC/suzette/refs/heads/master/suzette_gazetteer.xml#suzpl0778", "", "Canal de Nantes à Brest", "Nantes à Brest"
"ch115", "géographie", "https://raw.githubusercontent.com/BucknellDSC/suzette/refs/heads/master/suzette_gazetteer.xml#suzpl0909", "", "Canal du Nivernais", "Nivernais"
"ch115", "géographie", "https://raw.githubusercontent.com/BucknellDSC/suzette/refs/heads/master/suzette_gazetteer.xml#suzpl0785", "", "Rhône au Rhin", "Rhône  au Rhin"
"ch115", "géographie", "https://raw.githubusercontent.com/BucknellDSC/suzette/refs/heads/master/suzette_gazetteer.xml#suzpl0244", "", "canal de Saint-Quentin", "canal de Saint-Quentin""Chapter", "Section", "Ref", "SameAs", "Key", "Place"
"ch116", "récit", "https://raw.githubusercontent.com/BucknellDSC/suzette/refs/heads/master/suzette_gazetteer.xml#suzpl0016", "", "France", "France"
"ch116", "récit", "https://raw.githubusercontent.com/BucknellDSC/suzette/refs/heads/master/suzette_gazetteer.xml#suzpl0112", "", "Saint-Quentin", "Saint-Quentin"
"ch116", "questionnaire", "https://raw.githubusercontent.com/BucknellDSC/suzette/refs/heads/master/suzette_gazetteer.xml#suzpl0016", "", "France", "France"
"ch116", "questionnaire", "https://raw.githubusercontent.com/BucknellDSC/suzette/refs/heads/master/suzette_gazetteer.xml#suzpl0112", "", "Saint-Quentin", "Saint-Quentin""Chapter", "Section", "Ref", "SameAs", "Key", "Place"
"ch117", "récit", "https://raw.githubusercontent.com/BucknellDSC/suzette/refs/heads/master/suzette_gazetteer.xml#suzpl0144", "", "Le Catelet", "Catelet"
"ch117", "questionnaire", "https://raw.githubusercontent.com/BucknellDSC/suzette/refs/heads/master/suzette_gazetteer.xml#suzpl0144", "", "Le Catalet", "Catelet"
"ch117", "géographie", "https://raw.githubusercontent.com/BucknellDSC/suzette/refs/heads/master/suzette_gazetteer.xml#suzpl0274", "", "Avesnes", "Avesnes"
"ch117", "géographie", "https://raw.githubusercontent.com/BucknellDSC/suzette/refs/heads/master/suzette_gazetteer.xml#suzpl0283", "", "Belfort", "Belfort"
"ch117", "géographie", "https://raw.githubusercontent.com/BucknellDSC/suzette/refs/heads/master/suzette_gazetteer.xml#suzpl0270", "", "Douai", "Douai"
"ch117", "géographie", "https://raw.githubusercontent.com/BucknellDSC/suzette/refs/heads/master/suzette_gazetteer.xml#suzpl0075", "", "Épinal", "Epinal"
"ch117", "géographie", "https://raw.githubusercontent.com/BucknellDSC/suzette/refs/heads/master/suzette_gazetteer.xml#suzpl0923", "", "Est", "Est"
"ch117", "géographie", "https://raw.githubusercontent.com/BucknellDSC/suzette/refs/heads/master/suzette_gazetteer.xml#suzpl0923", "", "Est", "Est"
"ch117", "géographie", "https://raw.githubusercontent.com/BucknellDSC/suzette/refs/heads/master/suzette_gazetteer.xml#suzpl0269", "", "Lille", "Lille"
"ch117", "géographie", "https://raw.githubusercontent.com/BucknellDSC/suzette/refs/heads/master/suzette_gazetteer.xml#suzpl0278", "", "Montmédy", "Montmédy"
"ch117", "géographie", "https://raw.githubusercontent.com/BucknellDSC/suzette/refs/heads/master/suzette_gazetteer.xml#suzpl0277", "", "Mézières", "Mézières"
"ch117", "géographie", "https://raw.githubusercontent.com/BucknellDSC/suzette/refs/heads/master/suzette_gazetteer.xml#suzpl0282", "", "Nancy", "Nancy"
"ch117", "géographie", "https://raw.githubusercontent.com/BucknellDSC/suzette/refs/heads/master/suzette_gazetteer.xml#suzpl0499", "", "France septentrionale", "Nord"
"ch117", "géographie", "https://raw.githubusercontent.com/BucknellDSC/suzette/refs/heads/master/suzette_gazetteer.xml#suzpl0499", "", "France septentrionale", "Nord"
"ch117", "géographie", "https://raw.githubusercontent.com/BucknellDSC/suzette/refs/heads/master/suzette_gazetteer.xml#suzpl0169", "", "Nord", "Nord"
"ch117", "géographie", "https://raw.githubusercontent.com/BucknellDSC/suzette/refs/heads/master/suzette_gazetteer.xml#suzpl0275", "", "Rocroi", "Rocroi"
"ch117", "géographie", "https://raw.githubusercontent.com/BucknellDSC/suzette/refs/heads/master/suzette_gazetteer.xml#suzpl0053", "", "Sedan", "Sedan"
"ch117", "géographie", "https://raw.githubusercontent.com/BucknellDSC/suzette/refs/heads/master/suzette_gazetteer.xml#suzpl0281", "", "Toul", "Toul"
"ch117", "géographie", "https://raw.githubusercontent.com/BucknellDSC/suzette/refs/heads/master/suzette_gazetteer.xml#suzpl0119", "", "Valenciennes", "Valenciennes"
"ch117", "géographie", "https://raw.githubusercontent.com/BucknellDSC/suzette/refs/heads/master/suzette_gazetteer.xml#suzpl0715", "", "Verdun", "Verdun""Chapter", "Section", "Ref", "SameAs", "Key", "Place"
"ch118", "morale", "https://raw.githubusercontent.com/BucknellDSC/suzette/refs/heads/master/suzette_gazetteer.xml#suzpl0016", "", "France", "France"
"ch118", "morale", "https://raw.githubusercontent.com/BucknellDSC/suzette/refs/heads/master/suzette_gazetteer.xml#suzpl0016", "", "France", "France"
"ch118", "géographie", "https://raw.githubusercontent.com/BucknellDSC/suzette/refs/heads/master/suzette_gazetteer.xml#suzpl0022", "", "Algérie", "Algérie"
"ch118", "géographie", "https://raw.githubusercontent.com/BucknellDSC/suzette/refs/heads/master/suzette_gazetteer.xml#suzpl0010", "", "Angleterre", "Angleterre"
"ch118", "géographie", "https://raw.githubusercontent.com/BucknellDSC/suzette/refs/heads/master/suzette_gazetteer.xml#suzpl0010", "", "Angleterre", "Angleterre"
"ch118", "géographie", "https://raw.githubusercontent.com/BucknellDSC/suzette/refs/heads/master/suzette_gazetteer.xml#suzpl0457", "", "Cochinchine", "Cochinchine"
"ch118", "géographie", "https://raw.githubusercontent.com/BucknellDSC/suzette/refs/heads/master/suzette_gazetteer.xml#suzpl0005", "", "Europe", "Europe"
"ch118", "géographie", "https://raw.githubusercontent.com/BucknellDSC/suzette/refs/heads/master/suzette_gazetteer.xml#suzpl0511", "", "Guadeloupe", "Guadeloupe"
"ch118", "géographie", "https://raw.githubusercontent.com/BucknellDSC/suzette/refs/heads/master/suzette_gazetteer.xml#suzpl0026", "", "Inde", "Inde"
"ch118", "géographie", "https://raw.githubusercontent.com/BucknellDSC/suzette/refs/heads/master/suzette_gazetteer.xml#suzpl0553", "", "Manchester", "Manchester"
"ch118", "géographie", "https://raw.githubusercontent.com/BucknellDSC/suzette/refs/heads/master/suzette_gazetteer.xml#suzpl0555", "", "Martinique", "Martinique"
"ch118", "géographie", "https://raw.githubusercontent.com/BucknellDSC/suzette/refs/heads/master/suzette_gazetteer.xml#suzpl0836", "", "la Réunion", "îles de la Réunion"
"ch118", "histoire", "https://raw.githubusercontent.com/BucknellDSC/suzette/refs/heads/master/suzette_gazetteer.xml#suzpl0022", "", "Algérie", "ALGÉRIE"
"ch118", "histoire", "https://raw.githubusercontent.com/BucknellDSC/suzette/refs/heads/master/suzette_gazetteer.xml#suzpl0147", "", "Alger", "Alger"
"ch118", "histoire", "https://raw.githubusercontent.com/BucknellDSC/suzette/refs/heads/master/suzette_gazetteer.xml#suzpl0147", "", "Alger", "Alger"
"ch118", "histoire", "https://raw.githubusercontent.com/BucknellDSC/suzette/refs/heads/master/suzette_gazetteer.xml#suzpl0147", "", "Alger", "Alger"
"ch118", "histoire", "https://raw.githubusercontent.com/BucknellDSC/suzette/refs/heads/master/suzette_gazetteer.xml#suzpl0147", "", "Alger", "Alger"
"ch118", "histoire", "https://raw.githubusercontent.com/BucknellDSC/suzette/refs/heads/master/suzette_gazetteer.xml#suzpl0147", "", "Alger", "Alger"
"ch118", "histoire", "https://raw.githubusercontent.com/BucknellDSC/suzette/refs/heads/master/suzette_gazetteer.xml#suzpl0147", "", "Alger", "Alger"
"ch118", "histoire", "https://raw.githubusercontent.com/BucknellDSC/suzette/refs/heads/master/suzette_gazetteer.xml#suzpl0022", "", "Algérie", "Algérie"
"ch118", "histoire", "https://raw.githubusercontent.com/BucknellDSC/suzette/refs/heads/master/suzette_gazetteer.xml#suzpl0022", "", "Algérie", "Algérie"
"ch118", "histoire", "https://raw.githubusercontent.com/BucknellDSC/suzette/refs/heads/master/suzette_gazetteer.xml#suzpl0022", "", "Algérie", "Algérie"
"ch118", "histoire", "https://raw.githubusercontent.com/BucknellDSC/suzette/refs/heads/master/suzette_gazetteer.xml#suzpl0010", "", "Angleterre", "Angleterre"
"ch118", "histoire", "https://raw.githubusercontent.com/BucknellDSC/suzette/refs/heads/master/suzette_gazetteer.xml#suzpl0411", "", "Bone", "Bone"
"ch118", "histoire", "https://raw.githubusercontent.com/BucknellDSC/suzette/refs/heads/master/suzette_gazetteer.xml#suzpl0466", "", "Constantine", "Constantine"
"ch118", "histoire", "https://raw.githubusercontent.com/BucknellDSC/suzette/refs/heads/master/suzette_gazetteer.xml#suzpl0466", "", "Constantine", "Constantine"
"ch118", "histoire", "https://raw.githubusercontent.com/BucknellDSC/suzette/refs/heads/master/suzette_gazetteer.xml#suzpl0014", "", "Espagne", "Espagne"
"ch118", "histoire", "https://raw.githubusercontent.com/BucknellDSC/suzette/refs/heads/master/suzette_gazetteer.xml#suzpl0005", "", "Europe", "Europe"
"ch118", "histoire", "https://raw.githubusercontent.com/BucknellDSC/suzette/refs/heads/master/suzette_gazetteer.xml#suzpl0016", "", "France", "France"
"ch118", "histoire", "https://raw.githubusercontent.com/BucknellDSC/suzette/refs/heads/master/suzette_gazetteer.xml#suzpl0016", "", "France", "France"
"ch118", "histoire", "https://raw.githubusercontent.com/BucknellDSC/suzette/refs/heads/master/suzette_gazetteer.xml#suzpl0016", "", "France", "France"
"ch118", "histoire", "https://raw.githubusercontent.com/BucknellDSC/suzette/refs/heads/master/suzette_gazetteer.xml#suzpl0273", "", "Isly", "Isly"
"ch118", "histoire", "https://raw.githubusercontent.com/BucknellDSC/suzette/refs/heads/master/suzette_gazetteer.xml#suzpl0015", "", "Italie", "Italie"
"ch118", "histoire", "https://raw.githubusercontent.com/BucknellDSC/suzette/refs/heads/master/suzette_gazetteer.xml#suzpl0040", "", "Maroc", "Maroc"
"ch118", "histoire", "https://raw.githubusercontent.com/BucknellDSC/suzette/refs/heads/master/suzette_gazetteer.xml#suzpl0588", "", "Oran", "Oran"
"ch118", "histoire", "https://raw.githubusercontent.com/BucknellDSC/suzette/refs/heads/master/suzette_gazetteer.xml#suzpl0607", "", "province d'Alger", "province d'Alger""Chapter", "Section", "Ref", "SameAs", "Key", "Place"
"ch119", "récit", "", "", "", "Fragicourt"
"ch119", "récit", "https://raw.githubusercontent.com/BucknellDSC/suzette/refs/heads/master/suzette_gazetteer.xml#suzpl0044", "", "Paris", "Paris"
"ch119", "récit", "https://raw.githubusercontent.com/BucknellDSC/suzette/refs/heads/master/suzette_gazetteer.xml#suzpl0112", "", "Saint-Quentin", "Saint-Quentin"
"ch119", "récit", "https://raw.githubusercontent.com/BucknellDSC/suzette/refs/heads/master/suzette_gazetteer.xml#suzpl0112", "", "Saint-Quentin", "Saint-Quentin"
"ch119", "récit", "https://raw.githubusercontent.com/BucknellDSC/suzette/refs/heads/master/suzette_gazetteer.xml#suzpl0826", "", "Chambre des députés", "la Chambre"
"ch119", "instruction_civique", "https://raw.githubusercontent.com/BucknellDSC/suzette/refs/heads/master/suzette_gazetteer.xml#suzpl0016", "", "France", "France"
"ch119", "instruction_civique", "https://raw.githubusercontent.com/BucknellDSC/suzette/refs/heads/master/suzette_gazetteer.xml#suzpl0044", "", "Paris", "Paris"
"ch119", "instruction_civique", "https://raw.githubusercontent.com/BucknellDSC/suzette/refs/heads/master/suzette_gazetteer.xml#suzpl0044", "", "Paris", "Paris""Chapter", "Section", "Ref", "SameAs", "Key", "Place"
"ch120", "récit", "https://raw.githubusercontent.com/BucknellDSC/suzette/refs/heads/master/suzette_gazetteer.xml#suzpl0005", "", "Europe", "Europe"
"ch120", "récit", "https://raw.githubusercontent.com/BucknellDSC/suzette/refs/heads/master/suzette_gazetteer.xml#suzpl0016", "", "France", "France"
"ch120", "récit", "https://raw.githubusercontent.com/BucknellDSC/suzette/refs/heads/master/suzette_gazetteer.xml#suzpl0016", "", "France", "France"
"ch120", "récit", "https://raw.githubusercontent.com/BucknellDSC/suzette/refs/heads/master/suzette_gazetteer.xml#suzpl0016", "", "France", "France"
"ch120", "récit", "https://raw.githubusercontent.com/BucknellDSC/suzette/refs/heads/master/suzette_gazetteer.xml#suzpl0016", "", "France", "France"
"ch120", "récit", "https://raw.githubusercontent.com/BucknellDSC/suzette/refs/heads/master/suzette_gazetteer.xml#suzpl0016", "", "France", "France"
"ch120", "récit", "https://raw.githubusercontent.com/BucknellDSC/suzette/refs/heads/master/suzette_gazetteer.xml#suzpl0016", "", "France", "France"
"ch120", "récit", "https://raw.githubusercontent.com/BucknellDSC/suzette/refs/heads/master/suzette_gazetteer.xml#suzpl0186", "", "Loire", "Loire"
"ch120", "récit", "https://raw.githubusercontent.com/BucknellDSC/suzette/refs/heads/master/suzette_gazetteer.xml#suzpl0064", "", "Orléans", "Orléans"
"ch120", "récit", "https://raw.githubusercontent.com/BucknellDSC/suzette/refs/heads/master/suzette_gazetteer.xml#suzpl0064", "", "Orléans", "Orléans"
"ch120", "questionnaire", "https://raw.githubusercontent.com/BucknellDSC/suzette/refs/heads/master/suzette_gazetteer.xml#suzpl0005", "", "Europe", "Europe"
"ch120", "questionnaire", "https://raw.githubusercontent.com/BucknellDSC/suzette/refs/heads/master/suzette_gazetteer.xml#suzpl0016", "", "France", "France"
"ch120", "morale", "https://raw.githubusercontent.com/BucknellDSC/suzette/refs/heads/master/suzette_gazetteer.xml#suzpl0147", "", "Alger", "Alger"
"ch120", "morale", "https://raw.githubusercontent.com/BucknellDSC/suzette/refs/heads/master/suzette_gazetteer.xml#suzpl0010", "", "Angleterre", "Angleterre"
"ch120", "morale", "https://raw.githubusercontent.com/BucknellDSC/suzette/refs/heads/master/suzette_gazetteer.xml#suzpl0923", "", "Est", "Est"
"ch120", "morale", "https://raw.githubusercontent.com/BucknellDSC/suzette/refs/heads/master/suzette_gazetteer.xml#suzpl0016", "", "France", "France"
"ch120", "morale", "https://raw.githubusercontent.com/BucknellDSC/suzette/refs/heads/master/suzette_gazetteer.xml#suzpl0499", "", "France septentrionale", "Nord"
"ch120", "morale", "https://raw.githubusercontent.com/BucknellDSC/suzette/refs/heads/master/suzette_gazetteer.xml#suzpl0140", "", "Strasbourg", "Strasbourg"
"ch120", "morale", "https://raw.githubusercontent.com/BucknellDSC/suzette/refs/heads/master/suzette_gazetteer.xml#suzpl0947", "", "France centrale", "centre"
"ch120", "histoire", "https://raw.githubusercontent.com/BucknellDSC/suzette/refs/heads/master/suzette_gazetteer.xml#suzpl0256", "", "Autriche", "Autriche"
"ch120", "histoire", "https://raw.githubusercontent.com/BucknellDSC/suzette/refs/heads/master/suzette_gazetteer.xml#suzpl0021", "", "Belgique", "Belgique"
"ch120", "histoire", "https://raw.githubusercontent.com/BucknellDSC/suzette/refs/heads/master/suzette_gazetteer.xml#suzpl0014", "", "Espagne", "Espagne"
"ch120", "histoire", "https://raw.githubusercontent.com/BucknellDSC/suzette/refs/heads/master/suzette_gazetteer.xml#suzpl0016", "", "France", "France"
"ch120", "histoire", "https://raw.githubusercontent.com/BucknellDSC/suzette/refs/heads/master/suzette_gazetteer.xml#suzpl0016", "", "France", "France"
"ch120", "histoire", "https://raw.githubusercontent.com/BucknellDSC/suzette/refs/heads/master/suzette_gazetteer.xml#suzpl0015", "", "Italie", "Italie"
"ch120", "histoire", "https://raw.githubusercontent.com/BucknellDSC/suzette/refs/heads/master/suzette_gazetteer.xml#suzpl0015", "", "Italie", "Italie"
"ch120", "histoire", "https://raw.githubusercontent.com/BucknellDSC/suzette/refs/heads/master/suzette_gazetteer.xml#suzpl0716", "", "Longwy", "Longwy"
"ch120", "histoire", "https://raw.githubusercontent.com/BucknellDSC/suzette/refs/heads/master/suzette_gazetteer.xml#suzpl0156", "", "Lorraine", "Lorraine"
"ch120", "histoire", "https://raw.githubusercontent.com/BucknellDSC/suzette/refs/heads/master/suzette_gazetteer.xml#suzpl0044", "", "Paris", "Paris"
"ch120", "histoire", "https://raw.githubusercontent.com/BucknellDSC/suzette/refs/heads/master/suzette_gazetteer.xml#suzpl0253", "", "Pays-Bas", "Pays-Bas"
"ch120", "histoire", "https://raw.githubusercontent.com/BucknellDSC/suzette/refs/heads/master/suzette_gazetteer.xml#suzpl0645", "", "Suisse", "Suisse"
"ch120", "histoire", "https://raw.githubusercontent.com/BucknellDSC/suzette/refs/heads/master/suzette_gazetteer.xml#suzpl0663", "", "Valmy", "Valmy"
"ch120", "histoire", "https://raw.githubusercontent.com/BucknellDSC/suzette/refs/heads/master/suzette_gazetteer.xml#suzpl0663", "", "Valmy", "Valmy"
"ch120", "histoire", "https://raw.githubusercontent.com/BucknellDSC/suzette/refs/heads/master/suzette_gazetteer.xml#suzpl0715", "", "Verdun", "Verdun""Chapter", "Section", "Ref", "SameAs", "Key", "Place"
"ch121", "industrie", "https://raw.githubusercontent.com/BucknellDSC/suzette/refs/heads/master/suzette_gazetteer.xml#suzpl0149", "", "Andalousie", "Andalousie"
"ch121", "industrie", "https://raw.githubusercontent.com/BucknellDSC/suzette/refs/heads/master/suzette_gazetteer.xml#suzpl0677", "", "Bazas", "Baza"
"ch121", "industrie", "https://raw.githubusercontent.com/BucknellDSC/suzette/refs/heads/master/suzette_gazetteer.xml#suzpl0677", "", "Bazas", "Baza "
"ch121", "industrie", "https://raw.githubusercontent.com/BucknellDSC/suzette/refs/heads/master/suzette_gazetteer.xml#suzpl0842", "", "Crécy-en-Ponthieu", "Crécy"
"ch121", "industrie", "https://raw.githubusercontent.com/BucknellDSC/suzette/refs/heads/master/suzette_gazetteer.xml#suzpl0014", "", "Espagne", "Espagne"
"ch121", "industrie", "https://raw.githubusercontent.com/BucknellDSC/suzette/refs/heads/master/suzette_gazetteer.xml#suzpl0016", "", "France", "France"
"ch121", "industrie", "https://raw.githubusercontent.com/BucknellDSC/suzette/refs/heads/master/suzette_gazetteer.xml#suzpl0857", "", "Grenade", "Grenade"
"ch121", "industrie", "https://raw.githubusercontent.com/BucknellDSC/suzette/refs/heads/master/suzette_gazetteer.xml#suzpl0883", "", "Niebla", "Niebla""Chapter", "Section", "Ref", "SameAs", "Key", "Place"
"ch122", "récit", "https://raw.githubusercontent.com/BucknellDSC/suzette/refs/heads/master/suzette_gazetteer.xml#suzpl0450", "", "Cherbourg", "Cherbourg"
"ch122", "géographie", "https://raw.githubusercontent.com/BucknellDSC/suzette/refs/heads/master/suzette_gazetteer.xml#suzpl0058", "", "Amiens", "Amiens"
"ch122", "géographie", "https://raw.githubusercontent.com/BucknellDSC/suzette/refs/heads/master/suzette_gazetteer.xml#suzpl0066", "", "Beauvais", "Beauvais"
"ch122", "géographie", "https://raw.githubusercontent.com/BucknellDSC/suzette/refs/heads/master/suzette_gazetteer.xml#suzpl0090", "", "Bernay", "Bernay"
"ch122", "géographie", "https://raw.githubusercontent.com/BucknellDSC/suzette/refs/heads/master/suzette_gazetteer.xml#suzpl0429", "", "Calais", "Calais"
"ch122", "géographie", "https://raw.githubusercontent.com/BucknellDSC/suzette/refs/heads/master/suzette_gazetteer.xml#suzpl0450", "", "Cherbourg", "Cherbourg"
"ch122", "géographie", "https://raw.githubusercontent.com/BucknellDSC/suzette/refs/heads/master/suzette_gazetteer.xml#suzpl0486", "", "Dunkerque", "Dunkerque"
"ch122", "géographie", "https://raw.githubusercontent.com/BucknellDSC/suzette/refs/heads/master/suzette_gazetteer.xml#suzpl0162", "", "Eure", "Eure"
"ch122", "géographie", "https://raw.githubusercontent.com/BucknellDSC/suzette/refs/heads/master/suzette_gazetteer.xml#suzpl0492", "", "Evreux", "Evreux"
"ch122", "géographie", "https://raw.githubusercontent.com/BucknellDSC/suzette/refs/heads/master/suzette_gazetteer.xml#suzpl0499", "", "France septentrionale", "France septentrionale"
"ch122", "géographie", "https://raw.githubusercontent.com/BucknellDSC/suzette/refs/heads/master/suzette_gazetteer.xml#suzpl0089", "", "Lisieux", "Lisieux"
"ch122", "géographie", "https://raw.githubusercontent.com/BucknellDSC/suzette/refs/heads/master/suzette_gazetteer.xml#suzpl0181", "", "Marne", "Marne"
"ch122", "géographie", "https://raw.githubusercontent.com/BucknellDSC/suzette/refs/heads/master/suzette_gazetteer.xml#suzpl0199", "", "Orne", "Orne"
"ch122", "géographie", "https://raw.githubusercontent.com/BucknellDSC/suzette/refs/heads/master/suzette_gazetteer.xml#suzpl0112", "", "Saint-Quentin", "Saint-Quentin"
"ch122", "géographie", "https://raw.githubusercontent.com/BucknellDSC/suzette/refs/heads/master/suzette_gazetteer.xml#suzpl0732", "", "Seine", "Seine"
"ch122", "géographie", "https://raw.githubusercontent.com/BucknellDSC/suzette/refs/heads/master/suzette_gazetteer.xml#suzpl0170", "", "Somme", "Somme"
"ch122", "géographie", "https://raw.githubusercontent.com/BucknellDSC/suzette/refs/heads/master/suzette_gazetteer.xml#suzpl0649", "", "Tergnier", "Tergnier"
"ch122", "géographie", "https://raw.githubusercontent.com/BucknellDSC/suzette/refs/heads/master/suzette_gazetteer.xml#suzpl0350", "", "Vire", "Vire"
"ch122", "géographie", "https://raw.githubusercontent.com/BucknellDSC/suzette/refs/heads/master/suzette_gazetteer.xml#suzpl0192", "", "Yonne", "Yonne"
"ch122", "géographie", "https://raw.githubusercontent.com/BucknellDSC/suzette/refs/heads/master/suzette_gazetteer.xml#suzpl0233", "", "baie de Carentan", "baie de Carentan"
"ch122", "géographie", "https://raw.githubusercontent.com/BucknellDSC/suzette/refs/heads/master/suzette_gazetteer.xml#suzpl0431", "", "cap Gris-Nez", "cap Gris-Nez"
"ch122", "géographie", "https://raw.githubusercontent.com/BucknellDSC/suzette/refs/heads/master/suzette_gazetteer.xml#suzpl0328", "", "presqu'ile de Cotentin", "presqu'ile de Cotentin"
"ch122", "sciences_naturelles", "https://raw.githubusercontent.com/BucknellDSC/suzette/refs/heads/master/suzette_gazetteer.xml#suzpl0004", "", "Asie", "Asie""Chapter", "Section", "Ref", "SameAs", "Key", "Place"
"ch123", "industrie", "https://raw.githubusercontent.com/BucknellDSC/suzette/refs/heads/master/suzette_gazetteer.xml#suzpl0282", "", "Nancy", "Nancy"
"ch123", "géographie", "https://raw.githubusercontent.com/BucknellDSC/suzette/refs/heads/master/suzette_gazetteer.xml#suzpl0343", "", "Auvergne", "Auvergne"
"ch123", "géographie", "https://raw.githubusercontent.com/BucknellDSC/suzette/refs/heads/master/suzette_gazetteer.xml#suzpl0337", "", "Bretagne", "Bretagne"
"ch123", "géographie", "https://raw.githubusercontent.com/BucknellDSC/suzette/refs/heads/master/suzette_gazetteer.xml#suzpl0427", "", "Caen", "Caen"
"ch123", "géographie", "https://raw.githubusercontent.com/BucknellDSC/suzette/refs/heads/master/suzette_gazetteer.xml#suzpl0450", "", "Cherbourg", "Cherbourg"
"ch123", "géographie", "https://raw.githubusercontent.com/BucknellDSC/suzette/refs/heads/master/suzette_gazetteer.xml#suzpl0491", "", "Eure-et-Loir", "Eure-et-Loir"
"ch123", "géographie", "https://raw.githubusercontent.com/BucknellDSC/suzette/refs/heads/master/suzette_gazetteer.xml#suzpl0016", "", "France", "France"
"ch123", "géographie", "https://raw.githubusercontent.com/BucknellDSC/suzette/refs/heads/master/suzette_gazetteer.xml#suzpl0016", "", "France", "France"
"ch123", "géographie", "https://raw.githubusercontent.com/BucknellDSC/suzette/refs/heads/master/suzette_gazetteer.xml#suzpl0545", "", "Limousin", "Limousin"
"ch123", "géographie", "https://raw.githubusercontent.com/BucknellDSC/suzette/refs/heads/master/suzette_gazetteer.xml#suzpl0720", "", "Normandie", "Normandie"
"ch123", "géographie", "https://raw.githubusercontent.com/BucknellDSC/suzette/refs/heads/master/suzette_gazetteer.xml#suzpl0199", "", "Orne", "Orne"
"ch123", "géographie", "https://raw.githubusercontent.com/BucknellDSC/suzette/refs/heads/master/suzette_gazetteer.xml#suzpl0044", "", "Paris", "Paris""Chapter", "Section", "Ref", "SameAs", "Key", "Place""Chapter", "Section", "Ref", "SameAs", "Key", "Place"
"ch125", "récit", "https://raw.githubusercontent.com/BucknellDSC/suzette/refs/heads/master/suzette_gazetteer.xml#suzpl0044", "", "Paris", "Paris"
"ch125", "industrie", "https://raw.githubusercontent.com/BucknellDSC/suzette/refs/heads/master/suzette_gazetteer.xml#suzpl0001", "", "Afrique", "Afrique"
"ch125", "industrie", "https://raw.githubusercontent.com/BucknellDSC/suzette/refs/heads/master/suzette_gazetteer.xml#suzpl0002", "", "Amérique du nord", "Amérique"
"ch125", "industrie", "https://raw.githubusercontent.com/BucknellDSC/suzette/refs/heads/master/suzette_gazetteer.xml#suzpl0023", "", "Égypte", "Egypte"
"ch125", "industrie", "https://raw.githubusercontent.com/BucknellDSC/suzette/refs/heads/master/suzette_gazetteer.xml#suzpl0005", "", "Europe", "Europe"
"ch125", "industrie", "https://raw.githubusercontent.com/BucknellDSC/suzette/refs/heads/master/suzette_gazetteer.xml#suzpl0005", "", "Europe", "Europe"
"ch125", "industrie", "https://raw.githubusercontent.com/BucknellDSC/suzette/refs/heads/master/suzette_gazetteer.xml#suzpl0515", "", "Guyane", "Guyane"
"ch125", "industrie", "https://raw.githubusercontent.com/BucknellDSC/suzette/refs/heads/master/suzette_gazetteer.xml#suzpl0044", "", "Paris", "Paris""Chapter", "Section", "Ref", "SameAs", "Key", "Place"
"ch126", "récit", "https://raw.githubusercontent.com/BucknellDSC/suzette/refs/heads/master/suzette_gazetteer.xml#suzpl0295", "", "Congo", "Congo"
"ch126", "récit", "", "", "", "Fragicourt"
"ch126", "récit", "https://raw.githubusercontent.com/BucknellDSC/suzette/refs/heads/master/suzette_gazetteer.xml#suzpl0044", "", "Paris", "Paris"
"ch126", "récit", "https://raw.githubusercontent.com/BucknellDSC/suzette/refs/heads/master/suzette_gazetteer.xml#suzpl0044", "", "Paris", "Paris"
"ch126", "récit", "https://raw.githubusercontent.com/BucknellDSC/suzette/refs/heads/master/suzette_gazetteer.xml#suzpl0044", "", "Paris", "Paris"
"ch126", "récit", "https://raw.githubusercontent.com/BucknellDSC/suzette/refs/heads/master/suzette_gazetteer.xml#suzpl0044", "", "Paris", "Paris"
"ch126", "récit", "https://raw.githubusercontent.com/BucknellDSC/suzette/refs/heads/master/suzette_gazetteer.xml#suzpl0159", "", "Sahara", "Sahara"
"ch126", "récit", "https://raw.githubusercontent.com/BucknellDSC/suzette/refs/heads/master/suzette_gazetteer.xml#suzpl0221", "", "Zanzibar", "Zanzibar"
"ch126", "questionnaire", "https://raw.githubusercontent.com/BucknellDSC/suzette/refs/heads/master/suzette_gazetteer.xml#suzpl0044", "", "Paris", "Paris"
"ch126", "industrie", "https://raw.githubusercontent.com/BucknellDSC/suzette/refs/heads/master/suzette_gazetteer.xml#suzpl0016", "", "France", "France""Chapter", "Section", "Ref", "SameAs", "Key", "Place"
"ch127", "récit", "", "", "", "Fragicourt"
"ch127", "récit", "https://raw.githubusercontent.com/BucknellDSC/suzette/refs/heads/master/suzette_gazetteer.xml#suzpl0002", "", "Amérique du nord", "l'Amérique"
"ch127", "industrie", "https://raw.githubusercontent.com/BucknellDSC/suzette/refs/heads/master/suzette_gazetteer.xml#suzpl0022", "", "Algérie", "Algérie"
"ch127", "industrie", "https://raw.githubusercontent.com/BucknellDSC/suzette/refs/heads/master/suzette_gazetteer.xml#suzpl0002", "", "Amérique du nord", "Amérique"
"ch127", "industrie", "https://raw.githubusercontent.com/BucknellDSC/suzette/refs/heads/master/suzette_gazetteer.xml#suzpl0005", "", "Europe", "Europe"
"ch127", "industrie", "https://raw.githubusercontent.com/BucknellDSC/suzette/refs/heads/master/suzette_gazetteer.xml#suzpl0166", "", "Gironde", "Gironde"
"ch127", "industrie", "https://raw.githubusercontent.com/BucknellDSC/suzette/refs/heads/master/suzette_gazetteer.xml#suzpl0870", "", "Ille-et-Vilaine", "Ille et-Vilaine"
"ch127", "industrie", "https://raw.githubusercontent.com/BucknellDSC/suzette/refs/heads/master/suzette_gazetteer.xml#suzpl0291", "", "Lot", "Lot"
"ch127", "industrie", "https://raw.githubusercontent.com/BucknellDSC/suzette/refs/heads/master/suzette_gazetteer.xml#suzpl0547", "", "Lot-et-Garonne", "Lot-et-Garonne"
"ch127", "industrie", "https://raw.githubusercontent.com/BucknellDSC/suzette/refs/heads/master/suzette_gazetteer.xml#suzpl0169", "", "Nord", "Nord"
"ch127", "industrie", "https://raw.githubusercontent.com/BucknellDSC/suzette/refs/heads/master/suzette_gazetteer.xml#suzpl0182", "", "Pas-de-Calais", "Pas-de-Calais"
"ch127", "industrie", "https://raw.githubusercontent.com/BucknellDSC/suzette/refs/heads/master/suzette_gazetteer.xml#suzpl0737", "", "Var", "Var"
"ch127", "industrie", "https://raw.githubusercontent.com/BucknellDSC/suzette/refs/heads/master/suzette_gazetteer.xml#suzpl0582", "", "nouveau monde", "nouveau monde""Chapter", "Section", "Ref", "SameAs", "Key", "Place"
"ch128", "récit", "https://raw.githubusercontent.com/BucknellDSC/suzette/refs/heads/master/suzette_gazetteer.xml#suzpl0169", "", "Nord", "Nord"
"ch128", "industrie", "https://raw.githubusercontent.com/BucknellDSC/suzette/refs/heads/master/suzette_gazetteer.xml#suzpl0195", "", "Aisne", "Aisne"
"ch128", "industrie", "https://raw.githubusercontent.com/BucknellDSC/suzette/refs/heads/master/suzette_gazetteer.xml#suzpl0169", "", "Nord", "Nord"
"ch128", "industrie", "https://raw.githubusercontent.com/BucknellDSC/suzette/refs/heads/master/suzette_gazetteer.xml#suzpl0182", "", "Pas-de-Calais", "Pas-de-Calais"
"ch128", "industrie", "https://raw.githubusercontent.com/BucknellDSC/suzette/refs/heads/master/suzette_gazetteer.xml#suzpl0170", "", "Somme", "Somme""Chapter", "Section", "Ref", "SameAs", "Key", "Place"
"ch129", "récit", "https://raw.githubusercontent.com/BucknellDSC/suzette/refs/heads/master/suzette_gazetteer.xml#suzpl0002", "", "Amérique du nord", "Amérique"
"ch129", "récit", "https://raw.githubusercontent.com/BucknellDSC/suzette/refs/heads/master/suzette_gazetteer.xml#suzpl0016", "", "France", "France"
"ch129", "industrie", "https://raw.githubusercontent.com/BucknellDSC/suzette/refs/heads/master/suzette_gazetteer.xml#suzpl0343", "", "Auvergne", "Auvergne"
"ch129", "industrie", "https://raw.githubusercontent.com/BucknellDSC/suzette/refs/heads/master/suzette_gazetteer.xml#suzpl0412", "", "Bordelais", "Bordelais"
"ch129", "industrie", "https://raw.githubusercontent.com/BucknellDSC/suzette/refs/heads/master/suzette_gazetteer.xml#suzpl0418", "", "Bourgogne", "Bourgogne"
"ch129", "industrie", "https://raw.githubusercontent.com/BucknellDSC/suzette/refs/heads/master/suzette_gazetteer.xml#suzpl0440", "", "Champagne", "Champagne"
"ch129", "industrie", "https://raw.githubusercontent.com/BucknellDSC/suzette/refs/heads/master/suzette_gazetteer.xml#suzpl0442", "", "Charentes", "Charentes"
"ch129", "industrie", "https://raw.githubusercontent.com/BucknellDSC/suzette/refs/heads/master/suzette_gazetteer.xml#suzpl0458", "", "Cognac", "Cognac"
"ch129", "industrie", "https://raw.githubusercontent.com/BucknellDSC/suzette/refs/heads/master/suzette_gazetteer.xml#suzpl0016", "", "France", "France"
"ch129", "industrie", "https://raw.githubusercontent.com/BucknellDSC/suzette/refs/heads/master/suzette_gazetteer.xml#suzpl0016", "", "France", "France"
"ch129", "industrie", "https://raw.githubusercontent.com/BucknellDSC/suzette/refs/heads/master/suzette_gazetteer.xml#suzpl0157", "", "Franche-Comté", "Franche- Comté"
"ch129", "industrie", "https://raw.githubusercontent.com/BucknellDSC/suzette/refs/heads/master/suzette_gazetteer.xml#suzpl0503", "", "Gascogne", "Gascogne"
"ch129", "industrie", "https://raw.githubusercontent.com/BucknellDSC/suzette/refs/heads/master/suzette_gazetteer.xml#suzpl0535", "", "Languedoc", "Languedoc"
"ch129", "industrie", "https://raw.githubusercontent.com/BucknellDSC/suzette/refs/heads/master/suzette_gazetteer.xml#suzpl0186", "", "Loire", "Loire"
"ch129", "industrie", "https://raw.githubusercontent.com/BucknellDSC/suzette/refs/heads/master/suzette_gazetteer.xml#suzpl0258", "", "Meuse", "Meuse"
"ch129", "industrie", "https://raw.githubusercontent.com/BucknellDSC/suzette/refs/heads/master/suzette_gazetteer.xml#suzpl0077", "", "Moselle", "Moselle"
"ch129", "industrie", "https://raw.githubusercontent.com/BucknellDSC/suzette/refs/heads/master/suzette_gazetteer.xml#suzpl0215", "", "Méditerranée", "Méditerranée"
"ch129", "industrie", "https://raw.githubusercontent.com/BucknellDSC/suzette/refs/heads/master/suzette_gazetteer.xml#suzpl0590", "", "Orléanais", "Orléanais"
"ch129", "industrie", "https://raw.githubusercontent.com/BucknellDSC/suzette/refs/heads/master/suzette_gazetteer.xml#suzpl0346", "", "vallée du Rhône", "vallée du Rhône"
"ch129", "agriculture", "https://raw.githubusercontent.com/BucknellDSC/suzette/refs/heads/master/suzette_gazetteer.xml#suzpl0014", "", "Espagne", "Espagne"
"ch129", "agriculture", "https://raw.githubusercontent.com/BucknellDSC/suzette/refs/heads/master/suzette_gazetteer.xml#suzpl0707", "", "Fontainebleau", "Fontainebleau"
"ch129", "agriculture", "https://raw.githubusercontent.com/BucknellDSC/suzette/refs/heads/master/suzette_gazetteer.xml#suzpl0016", "", "France", "France"
"ch129", "agriculture", "https://raw.githubusercontent.com/BucknellDSC/suzette/refs/heads/master/suzette_gazetteer.xml#suzpl0016", "", "France", "France"
"ch129", "agriculture", "https://raw.githubusercontent.com/BucknellDSC/suzette/refs/heads/master/suzette_gazetteer.xml#suzpl0651", "", "Thomery", "Thomery""Chapter", "Section", "Ref", "SameAs", "Key", "Place"
"ch130", "récit", "", "", "", "Fragicourt"
"ch130", "récit", "", "", "", "Fragicourt"
"ch130", "questionnaire", "", "", "", "Fragicourt"
"ch130", "industrie", "https://raw.githubusercontent.com/BucknellDSC/suzette/refs/heads/master/suzette_gazetteer.xml#suzpl0022", "", "Algérie", "Algérie""Chapter", "Section", "Ref", "SameAs", "Key", "Place""Chapter", "Section", "Ref", "SameAs", "Key", "Place"
"ch132", "récit", "https://raw.githubusercontent.com/BucknellDSC/suzette/refs/heads/master/suzette_gazetteer.xml#suzpl0379", "", "Amboise", "Amboise"
"ch132", "récit", "https://raw.githubusercontent.com/BucknellDSC/suzette/refs/heads/master/suzette_gazetteer.xml#suzpl0407", "", "Blois", "Blois"
"ch132", "récit", "https://raw.githubusercontent.com/BucknellDSC/suzette/refs/heads/master/suzette_gazetteer.xml#suzpl0407", "", "Blois", "Blois"
"ch132", "récit", "https://raw.githubusercontent.com/BucknellDSC/suzette/refs/heads/master/suzette_gazetteer.xml#suzpl0439", "", "Chambord", "Chambord"
"ch132", "récit", "https://raw.githubusercontent.com/BucknellDSC/suzette/refs/heads/master/suzette_gazetteer.xml#suzpl0449", "", "Chenonceaux", "Chenonceaux"
"ch132", "récit", "https://raw.githubusercontent.com/BucknellDSC/suzette/refs/heads/master/suzette_gazetteer.xml#suzpl0917", "", "Château d'Amboise", "Château d'Amboise"
"ch132", "récit", "https://raw.githubusercontent.com/BucknellDSC/suzette/refs/heads/master/suzette_gazetteer.xml#suzpl0839", "", "Château de Plessis-lez-Tours", "Château de Plessis-lès-Tours"
"ch132", "récit", "", "", "", "Fragicourt"
"ch132", "récit", "https://raw.githubusercontent.com/BucknellDSC/suzette/refs/heads/master/suzette_gazetteer.xml#suzpl0176", "", "Indre-et-Loire", "Indre-et-Loire"
"ch132", "récit", "https://raw.githubusercontent.com/BucknellDSC/suzette/refs/heads/master/suzette_gazetteer.xml#suzpl0186", "", "Loire", "Loire"
"ch132", "récit", "https://raw.githubusercontent.com/BucknellDSC/suzette/refs/heads/master/suzette_gazetteer.xml#suzpl0044", "", "Paris", "Paris"
"ch132", "récit", "https://raw.githubusercontent.com/BucknellDSC/suzette/refs/heads/master/suzette_gazetteer.xml#suzpl0839", "", "Château de Plessis-lez-Tours", "Plessis"
"ch132", "récit", "https://raw.githubusercontent.com/BucknellDSC/suzette/refs/heads/master/suzette_gazetteer.xml#suzpl0065", "", "Tours", "Tours"
"ch132", "questionnaire", "https://raw.githubusercontent.com/BucknellDSC/suzette/refs/heads/master/suzette_gazetteer.xml#suzpl0379", "", "Amboise", "Amboise"
"ch132", "questionnaire", "https://raw.githubusercontent.com/BucknellDSC/suzette/refs/heads/master/suzette_gazetteer.xml#suzpl0407", "", "Blois", "Blois"
"ch132", "questionnaire", "https://raw.githubusercontent.com/BucknellDSC/suzette/refs/heads/master/suzette_gazetteer.xml#suzpl0839", "", "Château de Plessis-lez-Tours", "Plessis-les-Tours"
"ch132", "questionnaire", "https://raw.githubusercontent.com/BucknellDSC/suzette/refs/heads/master/suzette_gazetteer.xml#suzpl0656", "", "Touraine", "Touraine"
"ch132", "complexe", "https://raw.githubusercontent.com/BucknellDSC/suzette/refs/heads/master/suzette_gazetteer.xml#suzpl0379", "", "Amboise", "Amboise"
"ch132", "complexe", "https://raw.githubusercontent.com/BucknellDSC/suzette/refs/heads/master/suzette_gazetteer.xml#suzpl0379", "", "Amboise", "Amboise"
"ch132", "complexe", "https://raw.githubusercontent.com/BucknellDSC/suzette/refs/heads/master/suzette_gazetteer.xml#suzpl0407", "", "Blois", "Blois"
"ch132", "complexe", "https://raw.githubusercontent.com/BucknellDSC/suzette/refs/heads/master/suzette_gazetteer.xml#suzpl0407", "", "Blois", "Blois"
"ch132", "complexe", "https://raw.githubusercontent.com/BucknellDSC/suzette/refs/heads/master/suzette_gazetteer.xml#suzpl0407", "", "Blois", "Blois"
"ch132", "complexe", "https://raw.githubusercontent.com/BucknellDSC/suzette/refs/heads/master/suzette_gazetteer.xml#suzpl0916", "", "Château de Blois", "Blois"
"ch132", "complexe", "https://raw.githubusercontent.com/BucknellDSC/suzette/refs/heads/master/suzette_gazetteer.xml#suzpl0439", "", "Chambord", "Chambord"
"ch132", "complexe", "https://raw.githubusercontent.com/BucknellDSC/suzette/refs/heads/master/suzette_gazetteer.xml#suzpl0439", "", "Chambord", "Chambord"
"ch132", "complexe", "https://raw.githubusercontent.com/BucknellDSC/suzette/refs/heads/master/suzette_gazetteer.xml#suzpl0449", "", "Chenonceaux", "Chenonceaux"
"ch132", "complexe", "https://raw.githubusercontent.com/BucknellDSC/suzette/refs/heads/master/suzette_gazetteer.xml#suzpl0016", "", "France", "France"
"ch132", "complexe", "https://raw.githubusercontent.com/BucknellDSC/suzette/refs/heads/master/suzette_gazetteer.xml#suzpl0186", "", "Loire", "Loire"
"ch132", "complexe", "https://raw.githubusercontent.com/BucknellDSC/suzette/refs/heads/master/suzette_gazetteer.xml#suzpl0186", "", "Loire", "Loire"
"ch132", "complexe", "https://raw.githubusercontent.com/BucknellDSC/suzette/refs/heads/master/suzette_gazetteer.xml#suzpl0839", "", "Château de Plessis-lez-Tours", "Plessis-les-Tours"
"ch132", "complexe", "https://raw.githubusercontent.com/BucknellDSC/suzette/refs/heads/master/suzette_gazetteer.xml#suzpl0065", "", "Tours", "Tours"
"ch132", "complexe", "https://raw.githubusercontent.com/BucknellDSC/suzette/refs/heads/master/suzette_gazetteer.xml#suzpl0917", "", "Château d'Amboise", "château d'Amboise"
"ch132", "complexe", "https://raw.githubusercontent.com/BucknellDSC/suzette/refs/heads/master/suzette_gazetteer.xml#suzpl0839", "", "Château de Plessis-lez-Tours", "château de Plessis-les-Tours"
"ch132", "complexe", "https://raw.githubusercontent.com/BucknellDSC/suzette/refs/heads/master/suzette_gazetteer.xml#suzpl0919", "", "Château de Chambord", "château de Chambord""Chapter", "Section", "Ref", "SameAs", "Key", "Place"
"ch133", "récit", "https://raw.githubusercontent.com/BucknellDSC/suzette/refs/heads/master/suzette_gazetteer.xml#suzpl0450", "", "Cherbourg", "Cherbourg""Chapter", "Section", "Ref", "SameAs", "Key", "Place"
"ch134", "récit", "", "", "", "Fragicourt"
"ch134", "récit", "https://raw.githubusercontent.com/BucknellDSC/suzette/refs/heads/master/suzette_gazetteer.xml#suzpl0044", "", "Paris", "Paris"
"ch134", "questionnaire", "", "", "", "Fragicourt""Chapter", "Section", "Ref", "SameAs", "Key", "Place"
"ch135", "récit", "https://raw.githubusercontent.com/BucknellDSC/suzette/refs/heads/master/suzette_gazetteer.xml#suzpl0044", "", "Paris", "Paris"
"ch135", "économie_domestique", "https://raw.githubusercontent.com/BucknellDSC/suzette/refs/heads/master/suzette_gazetteer.xml#suzpl0058", "", "Amiens", "Amiens"
"ch135", "économie_domestique", "https://raw.githubusercontent.com/BucknellDSC/suzette/refs/heads/master/suzette_gazetteer.xml#suzpl0599", "", "Pithiviers", "Pithiviers"
"ch135", "économie_domestique", "https://raw.githubusercontent.com/BucknellDSC/suzette/refs/heads/master/suzette_gazetteer.xml#suzpl0140", "", "Strasbourg", "Strasbourg""Chapter", "Section", "Ref", "SameAs", "Key", "Place"
"ch136", "récit", "https://raw.githubusercontent.com/BucknellDSC/suzette/refs/heads/master/suzette_gazetteer.xml#suzpl0001", "", "Afrique", "Afrique"
"ch136", "récit", "https://raw.githubusercontent.com/BucknellDSC/suzette/refs/heads/master/suzette_gazetteer.xml#suzpl0052", "", "Bordeaux", "Bordeaux"
"ch136", "récit", "https://raw.githubusercontent.com/BucknellDSC/suzette/refs/heads/master/suzette_gazetteer.xml#suzpl0921", "", "Brest", "Brest"
"ch136", "récit", "https://raw.githubusercontent.com/BucknellDSC/suzette/refs/heads/master/suzette_gazetteer.xml#suzpl0921", "", "Brest", "Brest"
"ch136", "récit", "https://raw.githubusercontent.com/BucknellDSC/suzette/refs/heads/master/suzette_gazetteer.xml#suzpl0450", "", "Cherbourg", "Cherbourg"
"ch136", "récit", "https://raw.githubusercontent.com/BucknellDSC/suzette/refs/heads/master/suzette_gazetteer.xml#suzpl0450", "", "Cherbourg", "Cherbourg"
"ch136", "récit", "https://raw.githubusercontent.com/BucknellDSC/suzette/refs/heads/master/suzette_gazetteer.xml#suzpl0450", "", "Cherbourg", "Cherbourg"
"ch136", "récit", "https://raw.githubusercontent.com/BucknellDSC/suzette/refs/heads/master/suzette_gazetteer.xml#suzpl0014", "", "Espagne", "Espagne"
"ch136", "récit", "https://raw.githubusercontent.com/BucknellDSC/suzette/refs/heads/master/suzette_gazetteer.xml#suzpl0005", "", "Europe", "Europe"
"ch136", "récit", "https://raw.githubusercontent.com/BucknellDSC/suzette/refs/heads/master/suzette_gazetteer.xml#suzpl0495", "", "Fort-de-France", "Fort-de-France, Martinique"
"ch136", "récit", "https://raw.githubusercontent.com/BucknellDSC/suzette/refs/heads/master/suzette_gazetteer.xml#suzpl0016", "", "France", "France"
"ch136", "récit", "https://raw.githubusercontent.com/BucknellDSC/suzette/refs/heads/master/suzette_gazetteer.xml#suzpl0016", "", "France", "France"
"ch136", "récit", "https://raw.githubusercontent.com/BucknellDSC/suzette/refs/heads/master/suzette_gazetteer.xml#suzpl0016", "", "France", "France"
"ch136", "récit", "https://raw.githubusercontent.com/BucknellDSC/suzette/refs/heads/master/suzette_gazetteer.xml#suzpl0016", "", "France", "France"
"ch136", "récit", "https://raw.githubusercontent.com/BucknellDSC/suzette/refs/heads/master/suzette_gazetteer.xml#suzpl0016", "", "France", "France"
"ch136", "récit", "https://raw.githubusercontent.com/BucknellDSC/suzette/refs/heads/master/suzette_gazetteer.xml#suzpl0514", "", "Guinée", "Guinée"
"ch136", "récit", "https://raw.githubusercontent.com/BucknellDSC/suzette/refs/heads/master/suzette_gazetteer.xml#suzpl0546", "", "Lorient", "Lorient"
"ch136", "récit", "https://raw.githubusercontent.com/BucknellDSC/suzette/refs/heads/master/suzette_gazetteer.xml#suzpl0555", "", "Martinique", "Martinique"
"ch136", "récit", "https://raw.githubusercontent.com/BucknellDSC/suzette/refs/heads/master/suzette_gazetteer.xml#suzpl0555", "", "Martinique", "Martinique"
"ch136", "récit", "https://raw.githubusercontent.com/BucknellDSC/suzette/refs/heads/master/suzette_gazetteer.xml#suzpl0027", "", "Portugal", "Portugal"
"ch136", "récit", "https://raw.githubusercontent.com/BucknellDSC/suzette/refs/heads/master/suzette_gazetteer.xml#suzpl0617", "", "Rochefort", "Rochefort"
"ch136", "récit", "https://raw.githubusercontent.com/BucknellDSC/suzette/refs/heads/master/suzette_gazetteer.xml#suzpl0625", "", "Saint-Nazaire", "Saint-Nazaire"
"ch136", "récit", "https://raw.githubusercontent.com/BucknellDSC/suzette/refs/heads/master/suzette_gazetteer.xml#suzpl0112", "", "Saint-Quentin", "Saint-Quentin"
"ch136", "récit", "https://raw.githubusercontent.com/BucknellDSC/suzette/refs/heads/master/suzette_gazetteer.xml#suzpl0692", "", "Sénégal", "Sénégal"
"ch136", "récit", "https://raw.githubusercontent.com/BucknellDSC/suzette/refs/heads/master/suzette_gazetteer.xml#suzpl0655", "", "Toulon", "Toulon"
"ch136", "questionnaire", "https://raw.githubusercontent.com/BucknellDSC/suzette/refs/heads/master/suzette_gazetteer.xml#suzpl0450", "", "Cherbourg", "Cherbourg"
"ch136", "questionnaire", "https://raw.githubusercontent.com/BucknellDSC/suzette/refs/heads/master/suzette_gazetteer.xml#suzpl0495", "", "Fort-de-France", "Fort-de-France"
"ch136", "questionnaire", "https://raw.githubusercontent.com/BucknellDSC/suzette/refs/heads/master/suzette_gazetteer.xml#suzpl0555", "", "Martinique", "Martinique"
"ch136", "géographie", "https://raw.githubusercontent.com/BucknellDSC/suzette/refs/heads/master/suzette_gazetteer.xml#suzpl0367", "", "Afrique occidentale", "Afrique occidentale"
"ch136", "géographie", "https://raw.githubusercontent.com/BucknellDSC/suzette/refs/heads/master/suzette_gazetteer.xml#suzpl0953", "", "Côte est des États-Unis", "Amérique orientale"
"ch136", "géographie", "https://raw.githubusercontent.com/BucknellDSC/suzette/refs/heads/master/suzette_gazetteer.xml#suzpl0363", "", "Antilles", "Antilles"
"ch136", "géographie", "https://raw.githubusercontent.com/BucknellDSC/suzette/refs/heads/master/suzette_gazetteer.xml#suzpl0363", "", "Antilles", "Antilles"
"ch136", "géographie", "https://raw.githubusercontent.com/BucknellDSC/suzette/refs/heads/master/suzette_gazetteer.xml#suzpl0348", "", "Atlantique", "Atlantique"
"ch136", "géographie", "https://raw.githubusercontent.com/BucknellDSC/suzette/refs/heads/master/suzette_gazetteer.xml#suzpl0685", "", "Europe occidentale", "Europe"
"ch136", "géographie", "https://raw.githubusercontent.com/BucknellDSC/suzette/refs/heads/master/suzette_gazetteer.xml#suzpl0044", "", "Paris", "Paris"
"ch136", "géographie", "https://raw.githubusercontent.com/BucknellDSC/suzette/refs/heads/master/suzette_gazetteer.xml#suzpl0595", "", "petites Antilles", "petites Antilles"
"ch136", "composition", "https://raw.githubusercontent.com/BucknellDSC/suzette/refs/heads/master/suzette_gazetteer.xml#suzpl0792", "", "Amérique centrale", "Amérique""Chapter", "Section", "Ref", "SameAs", "Key", "Place"
"ch137", "récit", "https://raw.githubusercontent.com/BucknellDSC/suzette/refs/heads/master/suzette_gazetteer.xml#suzpl0792", "", "Amérique centrale", "Amérique centrale"
"ch137", "récit", "https://raw.githubusercontent.com/BucknellDSC/suzette/refs/heads/master/suzette_gazetteer.xml#suzpl0363", "", "Antilles", "Antilles"
"ch137", "récit", "https://raw.githubusercontent.com/BucknellDSC/suzette/refs/heads/master/suzette_gazetteer.xml#suzpl0836", "", "Île Bourbon", "Bourbon"
"ch137", "récit", "https://raw.githubusercontent.com/BucknellDSC/suzette/refs/heads/master/suzette_gazetteer.xml#suzpl0005", "", "Europe", "Europe"
"ch137", "récit", "https://raw.githubusercontent.com/BucknellDSC/suzette/refs/heads/master/suzette_gazetteer.xml#suzpl0005", "", "Europe", "Europe"
"ch137", "récit", "https://raw.githubusercontent.com/BucknellDSC/suzette/refs/heads/master/suzette_gazetteer.xml#suzpl0016", "", "France", "France"
"ch137", "récit", "https://raw.githubusercontent.com/BucknellDSC/suzette/refs/heads/master/suzette_gazetteer.xml#suzpl0555", "", "Martinique", "Martinique"
"ch137", "récit", "https://raw.githubusercontent.com/BucknellDSC/suzette/refs/heads/master/suzette_gazetteer.xml#suzpl0804", "", "Moka", "Moka"
"ch137", "récit", "https://raw.githubusercontent.com/BucknellDSC/suzette/refs/heads/master/suzette_gazetteer.xml#suzpl0044", "", "Paris", "Paris"
"ch137", "questionnaire", "https://raw.githubusercontent.com/BucknellDSC/suzette/refs/heads/master/suzette_gazetteer.xml#suzpl0016", "", "France", "France"
"ch137", "questionnaire", "https://raw.githubusercontent.com/BucknellDSC/suzette/refs/heads/master/suzette_gazetteer.xml#suzpl0555", "", "Martinique", "Martinique"
"ch137", "questionnaire", "https://raw.githubusercontent.com/BucknellDSC/suzette/refs/heads/master/suzette_gazetteer.xml#suzpl0555", "", "Martinique", "Martinique"
"ch137", "géographie", "https://raw.githubusercontent.com/BucknellDSC/suzette/refs/heads/master/suzette_gazetteer.xml#suzpl0343", "", "Auvergne", "Auvergne"
"ch137", "géographie", "https://raw.githubusercontent.com/BucknellDSC/suzette/refs/heads/master/suzette_gazetteer.xml#suzpl0332", "", "Bagnères", "Bagnères"
"ch137", "géographie", "https://raw.githubusercontent.com/BucknellDSC/suzette/refs/heads/master/suzette_gazetteer.xml#suzpl0333", "", "Barèges", "Barèges"
"ch137", "géographie", "https://raw.githubusercontent.com/BucknellDSC/suzette/refs/heads/master/suzette_gazetteer.xml#suzpl0415", "", "Bourbonnais", "Bourbonnais"
"ch137", "géographie", "https://raw.githubusercontent.com/BucknellDSC/suzette/refs/heads/master/suzette_gazetteer.xml#suzpl0158", "", "Béarn", "Béarn"
"ch137", "géographie", "https://raw.githubusercontent.com/BucknellDSC/suzette/refs/heads/master/suzette_gazetteer.xml#suzpl0740", "", "Californie", "Californie"
"ch137", "géographie", "https://raw.githubusercontent.com/BucknellDSC/suzette/refs/heads/master/suzette_gazetteer.xml#suzpl0327", "", "Chaudesaigues", "Chaudesaigues"
"ch137", "géographie", "https://raw.githubusercontent.com/BucknellDSC/suzette/refs/heads/master/suzette_gazetteer.xml#suzpl0009", "", "États-Unis", "Etats-Unis"
"ch137", "géographie", "https://raw.githubusercontent.com/BucknellDSC/suzette/refs/heads/master/suzette_gazetteer.xml#suzpl0009", "", "États-Unis", "Etats-Unis"
"ch137", "géographie", "https://raw.githubusercontent.com/BucknellDSC/suzette/refs/heads/master/suzette_gazetteer.xml#suzpl0016", "", "France", "France"
"ch137", "géographie", "https://raw.githubusercontent.com/BucknellDSC/suzette/refs/heads/master/suzette_gazetteer.xml#suzpl0016", "", "France", "France"
"ch137", "géographie", "https://raw.githubusercontent.com/BucknellDSC/suzette/refs/heads/master/suzette_gazetteer.xml#suzpl0519", "", "Herculanum", "Herculanum"
"ch137", "géographie", "https://raw.githubusercontent.com/BucknellDSC/suzette/refs/heads/master/suzette_gazetteer.xml#suzpl0519", "", "Herculanum", "Herculanum"
"ch137", "géographie", "https://raw.githubusercontent.com/BucknellDSC/suzette/refs/heads/master/suzette_gazetteer.xml#suzpl0519", "", "Herculanum", "Herculanum"
"ch137", "géographie", "https://raw.githubusercontent.com/BucknellDSC/suzette/refs/heads/master/suzette_gazetteer.xml#suzpl0322", "", "Mont Dore", "Mont-Dore"
"ch137", "géographie", "https://raw.githubusercontent.com/BucknellDSC/suzette/refs/heads/master/suzette_gazetteer.xml#suzpl0585", "", "Nouvelle-Zélande", "Nouvelle-Zélande"
"ch137", "géographie", "https://raw.githubusercontent.com/BucknellDSC/suzette/refs/heads/master/suzette_gazetteer.xml#suzpl0952", "", "Yellowstone", "Parc National"
"ch137", "géographie", "https://raw.githubusercontent.com/BucknellDSC/suzette/refs/heads/master/suzette_gazetteer.xml#suzpl0728", "", "Plombières", "Plombières"
"ch137", "géographie", "https://raw.githubusercontent.com/BucknellDSC/suzette/refs/heads/master/suzette_gazetteer.xml#suzpl0602", "", "Pompéi", "Pompéi"
"ch137", "géographie", "https://raw.githubusercontent.com/BucknellDSC/suzette/refs/heads/master/suzette_gazetteer.xml#suzpl0602", "", "Pompéi", "Pompéi"
"ch137", "géographie", "https://raw.githubusercontent.com/BucknellDSC/suzette/refs/heads/master/suzette_gazetteer.xml#suzpl0602", "", "Pompéi", "Pompéi"
"ch137", "géographie", "https://raw.githubusercontent.com/BucknellDSC/suzette/refs/heads/master/suzette_gazetteer.xml#suzpl0780", "", "Vichy", "Vichy"
"ch137", "géographie", "https://raw.githubusercontent.com/BucknellDSC/suzette/refs/heads/master/suzette_gazetteer.xml#suzpl0183", "", "Vosges", "Vosges"
"ch137", "géographie", "https://raw.githubusercontent.com/BucknellDSC/suzette/refs/heads/master/suzette_gazetteer.xml#suzpl0922", "", "Islande", "lslande""Chapter", "Section", "Ref", "SameAs", "Key", "Place"
"ch138", "récit", "", "", "", "Fragicourt"
"ch138", "récit", "", "", "", "Fragicourt"
"ch138", "industrie", "https://raw.githubusercontent.com/BucknellDSC/suzette/refs/heads/master/suzette_gazetteer.xml#suzpl0084", "", "Cholet", "Cholet"
"ch138", "industrie", "https://raw.githubusercontent.com/BucknellDSC/suzette/refs/heads/master/suzette_gazetteer.xml#suzpl0923", "", "Est", "Est"
"ch138", "industrie", "https://raw.githubusercontent.com/BucknellDSC/suzette/refs/heads/master/suzette_gazetteer.xml#suzpl0088", "", "Flers", "Flers"
"ch138", "industrie", "https://raw.githubusercontent.com/BucknellDSC/suzette/refs/heads/master/suzette_gazetteer.xml#suzpl0499", "", "France septentrionale", "Nord"
"ch138", "industrie", "https://raw.githubusercontent.com/BucknellDSC/suzette/refs/heads/master/suzette_gazetteer.xml#suzpl0069", "", "Rouen", "Rouen"
"ch138", "calcul", "https://raw.githubusercontent.com/BucknellDSC/suzette/refs/heads/master/suzette_gazetteer.xml#suzpl0437", "", "Chailly-en-Bière", "Chailly-en-Bière"
"ch138", "calcul", "https://raw.githubusercontent.com/BucknellDSC/suzette/refs/heads/master/suzette_gazetteer.xml#suzpl0437", "", "Chailly-en-Bière", "Chailly-en-Bière""Chapter", "Section", "Ref", "SameAs", "Key", "Place""Chapter", "Section", "Ref", "SameAs", "Key", "Place"
"ch140", "récit", "https://raw.githubusercontent.com/BucknellDSC/suzette/refs/heads/master/suzette_gazetteer.xml#suzpl0003", "", "Amérique du sud", "Amérique du Sud"
"ch140", "récit", "https://raw.githubusercontent.com/BucknellDSC/suzette/refs/heads/master/suzette_gazetteer.xml#suzpl0020", "", "Australie", "Australie"
"ch140", "récit", "https://raw.githubusercontent.com/BucknellDSC/suzette/refs/heads/master/suzette_gazetteer.xml#suzpl0424", "", "Buenos-Ayres", "Buenos-Ayres"
"ch140", "récit", "https://raw.githubusercontent.com/BucknellDSC/suzette/refs/heads/master/suzette_gazetteer.xml#suzpl0424", "", "Buenos-Ayres", "Buenos-Ayres"
"ch140", "récit", "", "", "", "Fragicourt"
"ch140", "récit", "", "", "", "Fragicourt"
"ch140", "récit", "https://raw.githubusercontent.com/BucknellDSC/suzette/refs/heads/master/suzette_gazetteer.xml#suzpl0616", "", "Rochdale", "Rochdale"
"ch140", "récit", "https://raw.githubusercontent.com/BucknellDSC/suzette/refs/heads/master/suzette_gazetteer.xml#suzpl0616", "", "Rochdale", "Rochdale"
"ch140", "questionnaire", "https://raw.githubusercontent.com/BucknellDSC/suzette/refs/heads/master/suzette_gazetteer.xml#suzpl0616", "", "Rochdale", "Rochdale"
"ch140", "économie_domestique", "https://raw.githubusercontent.com/BucknellDSC/suzette/refs/heads/master/suzette_gazetteer.xml#suzpl0616", "", "Rochdale", "Rochdale""Chapter", "Section", "Ref", "SameAs", "Key", "Place""Chapter", "Section", "Ref", "SameAs", "Key", "Place"
"ch142", "récit", "https://raw.githubusercontent.com/BucknellDSC/suzette/refs/heads/master/suzette_gazetteer.xml#suzpl0924", "", "Bois-Maillard", "Bois-Maillard"
"ch142", "récit", "https://raw.githubusercontent.com/BucknellDSC/suzette/refs/heads/master/suzette_gazetteer.xml#suzpl0450", "", "Cherbourg", "Cherbourg"
"ch142", "récit", "https://raw.githubusercontent.com/BucknellDSC/suzette/refs/heads/master/suzette_gazetteer.xml#suzpl0495", "", "Fort-de-France", "Fort-de-France"
"ch142", "récit", "https://raw.githubusercontent.com/BucknellDSC/suzette/refs/heads/master/suzette_gazetteer.xml#suzpl0555", "", "Martinique", "Martinique"
"ch142", "récit", "https://raw.githubusercontent.com/BucknellDSC/suzette/refs/heads/master/suzette_gazetteer.xml#suzpl0555", "", "Martinique", "Martinique"
"ch142", "récit", "https://raw.githubusercontent.com/BucknellDSC/suzette/refs/heads/master/suzette_gazetteer.xml#suzpl0555", "", "Martinique", "Martinique"
"ch142", "récit", "https://raw.githubusercontent.com/BucknellDSC/suzette/refs/heads/master/suzette_gazetteer.xml#suzpl0112", "", "Saint-Quentin", "Saint-Quentin"
"ch142", "questionnaire", "https://raw.githubusercontent.com/BucknellDSC/suzette/refs/heads/master/suzette_gazetteer.xml#suzpl0495", "", "Fort-de-France", "Fort-de-France"
"ch142", "géographie", "https://raw.githubusercontent.com/BucknellDSC/suzette/refs/heads/master/suzette_gazetteer.xml#suzpl0468", "", "Corfou", "Corfou"
"ch142", "géographie", "https://raw.githubusercontent.com/BucknellDSC/suzette/refs/heads/master/suzette_gazetteer.xml#suzpl0328", "", "presqu'ile de Cotentin", "Cotentin"
"ch142", "géographie", "https://raw.githubusercontent.com/BucknellDSC/suzette/refs/heads/master/suzette_gazetteer.xml#suzpl0486", "", "Dunkerque", "Dunkerque"
"ch142", "géographie", "https://raw.githubusercontent.com/BucknellDSC/suzette/refs/heads/master/suzette_gazetteer.xml#suzpl0014", "", "Espagne", "Espagne"
"ch142", "géographie", "https://raw.githubusercontent.com/BucknellDSC/suzette/refs/heads/master/suzette_gazetteer.xml#suzpl0518", "", "Havre", "Havre"
"ch142", "géographie", "https://raw.githubusercontent.com/BucknellDSC/suzette/refs/heads/master/suzette_gazetteer.xml#suzpl0015", "", "Italie", "Italie"
"ch142", "géographie", "https://raw.githubusercontent.com/BucknellDSC/suzette/refs/heads/master/suzette_gazetteer.xml#suzpl0215", "", "Méditerranée", "La Méditerranée"
"ch142", "géographie", "https://raw.githubusercontent.com/BucknellDSC/suzette/refs/heads/master/suzette_gazetteer.xml#suzpl0664", "", "Venise", "Venise"
"ch142", "géographie", "https://raw.githubusercontent.com/BucknellDSC/suzette/refs/heads/master/suzette_gazetteer.xml#suzpl0862", "", "Zante", "ile de Zante"
"ch142", "géographie", "https://raw.githubusercontent.com/BucknellDSC/suzette/refs/heads/master/suzette_gazetteer.xml#suzpl0749", "", "Mont Saint-Michel", "mont Saint-Michel"
"ch142", "géographie", "https://raw.githubusercontent.com/BucknellDSC/suzette/refs/heads/master/suzette_gazetteer.xml#suzpl0749", "", "Mont Saint-Michel", "mont Saint-Michel""Chapter", "Section", "Ref", "SameAs", "Key", "Place"
"ch143", "récit", "https://raw.githubusercontent.com/BucknellDSC/suzette/refs/heads/master/suzette_gazetteer.xml#suzpl0011", "", "Allemagne", "Allemagne"
"ch143", "récit", "https://raw.githubusercontent.com/BucknellDSC/suzette/refs/heads/master/suzette_gazetteer.xml#suzpl0010", "", "Angleterre", "Angleterre"
"ch143", "récit", "https://raw.githubusercontent.com/BucknellDSC/suzette/refs/heads/master/suzette_gazetteer.xml#suzpl0144", "", "Catelet", "Catelet"
"ch143", "récit", "https://raw.githubusercontent.com/BucknellDSC/suzette/refs/heads/master/suzette_gazetteer.xml#suzpl0792", "", "Amérique centrale", "l'Amérique"
"ch143", "sciences_naturelles", "https://raw.githubusercontent.com/BucknellDSC/suzette/refs/heads/master/suzette_gazetteer.xml#suzpl0002", "", "Amérique du nord", "Amérique"
"ch143", "sciences_naturelles", "https://raw.githubusercontent.com/BucknellDSC/suzette/refs/heads/master/suzette_gazetteer.xml#suzpl0010", "", "Angleterre", "Angleterre"
"ch143", "sciences_naturelles", "https://raw.githubusercontent.com/BucknellDSC/suzette/refs/heads/master/suzette_gazetteer.xml#suzpl0013", "", "Chine", "Chine"
"ch143", "sciences_naturelles", "https://raw.githubusercontent.com/BucknellDSC/suzette/refs/heads/master/suzette_gazetteer.xml#suzpl0009", "", "États-Unis", "Etats-Unis"
"ch143", "sciences_naturelles", "https://raw.githubusercontent.com/BucknellDSC/suzette/refs/heads/master/suzette_gazetteer.xml#suzpl0005", "", "Europe", "Europe"
"ch143", "sciences_naturelles", "https://raw.githubusercontent.com/BucknellDSC/suzette/refs/heads/master/suzette_gazetteer.xml#suzpl0033", "", "Hollande", "Hollande"
"ch143", "sciences_naturelles", "https://raw.githubusercontent.com/BucknellDSC/suzette/refs/heads/master/suzette_gazetteer.xml#suzpl0017", "", "Japon", "Japon""Chapter", "Section", "Ref", "SameAs", "Key", "Place"
"ch144", "récit", "https://raw.githubusercontent.com/BucknellDSC/suzette/refs/heads/master/suzette_gazetteer.xml#suzpl0924", "", "Bois-Maillard", "BoisMaillard"