"Chapter", "Section", "Ref", "SameAs", "Key", "Place""Chapter", "Section", "Ref", "SameAs", "Key", "Place"
"ch002", "récit", "", "", "suzette", "Suzette"
"ch002", "récit", "", "", "suzette", "Suzette,"
"ch002", "récit", "", "", "suzette", "Suzette,"
"ch002", "français", "", "", "", "E. LAPORTE""Chapter", "Section", "Ref", "SameAs", "Key", "Place"
"ch003", "récit", "", "", "charlot", "Charlot"
"ch003", "récit", "", "", "charlot", "Charlot"
"ch003", "récit", "", "", "charlot", "Charlot"
"ch003", "récit", "", "", "charlot", "Charlot"
"ch003", "récit", "", "", "françois", "François"
"ch003", "récit", "", "", "françois", "François"
"ch003", "récit", "", "", "françois", "François"
"ch003", "récit", "", "", "jacques", "Jacques,"
"ch003", "récit", "", "", "", "Mathias Dumay"
"ch003", "récit", "", "", "suzette", "Suzette"
"ch003", "récit", "", "", "suzette", "Suzette,"
"ch003", "questionnaire", "", "", "charlot", "Charlot"
"ch003", "questionnaire", "", "", "françois", "François"
"ch003", "questionnaire", "", "", "françois", "François,"
"ch003", "questionnaire", "", "", "jacques", "Jacques"
"ch003", "questionnaire", "", "", "suzette", "Suzette"
"ch003", "questionnaire", "", "", "suzette", "Suzette,"
"ch003", "morale", "", "", "charlot", "Charlot"
"ch003", "morale", "", "", "charlot", "Charlot""Chapter", "Section", "Ref", "SameAs", "Key", "Place"
"ch004", "récit", "", "", "mme_valon", "Mme Valon"
"ch004", "récit", "", "", "mme_valon", "Mme Valon"
"ch004", "récit", "", "", "mme_valon", "Mme Valon"
"ch004", "questionnaire", "", "", "mme_valon", "Mme Valon""Chapter", "Section", "Ref", "SameAs", "Key", "Place"
"ch005", "récit", "", "", "m_valon", "M. Valon"
"ch005", "récit", "", "", "mme_valon", "Mme Valon"
"ch005", "récit", "", "", "mme_liénard", "Mme Liénard"
"ch005", "récit", "", "", "mme_valon", "Mme Valon"
"ch005", "récit", "", "", "mme_valon", "Mme Valon"
"ch005", "récit", "", "", "mme_valon", "Mme Valon"
"ch005", "récit", "", "", "suzette", "Suzette"
"ch005", "récit", "", "", "suzette", "Suzette,"
"ch005", "récit", "", "", "suzette", "Suzette,"
"ch005", "récit", "", "", "suzette", "Suzette,"
"ch005", "récit", "", "", "suzette", "Suzette,"
"ch005", "questionnaire", "", "", "m_valon", "M. Valon"
"ch005", "questionnaire", "", "", "mme_valon", "Mme Valon"
"ch005", "questionnaire", "", "", "suzette", "Suzette"
"ch005", "questionnaire", "", "", "suzette", "Suzette,"
"ch005", "questionnaire", "", "", "suzette", "Suzette,"
"ch005", "composition", "", "", "", "E. LAPORTE"
"ch005", "composition", "", "", "mme_valon", "Mme Valon""Chapter", "Section", "Ref", "SameAs", "Key", "Place"
"ch006", "récit", "", "", "charlot", "Charlot"
"ch006", "récit", "", "", "françois", "François"
"ch006", "récit", "", "", "françois", "François"
"ch006", "récit", "", "", "françois", "François"
"ch006", "récit", "", "", "françois", "François"
"ch006", "récit", "", "", "jacques", "Jacques"
"ch006", "récit", "", "", "m_dumay", "M. Dumay"
"ch006", "récit", "", "", "suzette", "Suzette"
"ch006", "récit", "", "", "suzette", "Suzette,"
"ch006", "questionnaire", "", "", "françois", "François"
"ch006", "questionnaire", "", "", "françois", "François,"
"ch006", "questionnaire", "", "", "suzette", "Suzette"
"ch006", "questionnaire", "", "", "suzette", "Suzette""Chapter", "Section", "Ref", "SameAs", "Key", "Place"
"ch007", "récit", "http://www.wikidata.org/entity/Q151120", "", "Charles de Téméraire", "Charles le Téméraire"
"ch007", "récit", "https://www.wikidata.org/wiki/Q151120", "", "Charles de Téméraire", "Charles le Téméraire"
"ch007", "récit", "", "", "charlot", "Charlot"
"ch007", "récit", "", "", "", "Duc de Bourgogne"
"ch007", "récit", "", "", "françois", "François"
"ch007", "récit", "", "", "jacques", "Jacques"
"ch007", "récit", "http://www.wikidata.org/entity/Q466978", "", "", "Jeanne Hachette"
"ch007", "récit", "http://www.wikidata.org/entity/Q466978", "", "Jeanne Hachette", "Jeanne Hachette"
"ch007", "récit", "http://www.wikidata.org/entity/Q7226", "", "Jeanne d'Arc", "Jeanne d'Arc"
"ch007", "récit", "", "", "", "Suzanne Didier"
"ch007", "questionnaire", "http://www.wikidata.org/entity/Q466978", "", "Jeanne Hachette", "Jeanne Hachette"
"ch007", "questionnaire", "", "", "", "Suzanne Didier"
"ch007", "questionnaire", "", "", "suzette", "Suzette"
"ch007", "histoire", "http://www.wikidata.org/entity/Q7226", "", "Jeanne d'Arc", "Jeanne d'Arc"
"ch007", "histoire", "https://www.wikidata.org/wiki/Q3189752", "", "Lucie Juliette Dodu", "Mlle Dodu""Chapter", "Section", "Ref", "SameAs", "Key", "Place"
"ch008", "récit", "", "", "m_valon", "M."
"ch008", "récit", "", "", "mme_liénard", "Mme Liénard"
"ch008", "récit", "", "", "mme_valon", "Mme Valon"
"ch008", "récit", "", "", "mme_valon", "Mme Valon"
"ch008", "récit", "", "", "mme_valon", "Mme Valon"
"ch008", "récit", "", "", "suzette", "Suzette"
"ch008", "récit", "", "", "suzette", "Suzette"
"ch008", "récit", "", "", "suzette", "Suzette"
"ch008", "récit", "", "", "suzette", "Suzette"
"ch008", "récit", "", "", "suzette", "Suzette"
"ch008", "questionnaire", "", "", "mme_liénard", "Mme Liénard"
"ch008", "questionnaire", "", "", "suzette", "Suzette"
"ch008", "questionnaire", "", "", "suzette", "Suzette"
"ch008", "questionnaire", "", "", "suzette", "Suzette"
"ch008", "français", "", "", "mme_liénard", "Mme Liénard"
"ch008", "français", "", "", "suzette", "Suzette""Chapter", "Section", "Ref", "SameAs", "Key", "Place"
"ch009", "récit", "", "", "jeanne", "Jeanne"
"ch009", "récit", "", "", "jeanne", "Jeanne"
"ch009", "récit", "", "", "madeleine", "Madeleine"
"ch009", "récit", "", "", "madeleine", "Madeleine"
"ch009", "récit", "https://www.wikidata.org/wiki/Q55125147", "", "", "Mathieu Lænsberg"
"ch009", "récit", "", "", "mme_valon", "Mme Valon"
"ch009", "récit", "", "", "mme_valon", "Mme Valon"
"ch009", "récit", "", "", "mme_valon", "Mme Valon"
"ch009", "récit", "", "", "mme_valon", "Mme Valon"
"ch009", "récit", "", "", "mme_valon", "Mme Valon"
"ch009", "récit", "", "", "suzette", "Suzette"
"ch009", "récit", "", "", "suzette", "Suzette"
"ch009", "récit", "", "", "suzette", "Suzette"
"ch009", "récit", "", "", "suzette", "Suzette"
"ch009", "récit", "", "", "suzette", "Suzette"
"ch009", "questionnaire", "", "", "mme_valon", "Mme Valon"
"ch009", "questionnaire", "", "", "mme_valon", "Mme Valon"
"ch009", "questionnaire", "", "", "mme_valon", "Mme Valon"
"ch009", "questionnaire", "", "", "suzette", "Suzette"
"ch009", "questionnaire", "", "", "suzette", "Suzette"
"ch009", "composition", "", "", "", "E. LAPORTE"
"ch009", "composition", "https://www.wikidata.org/wiki/Q1401", "", "", "Pétrarque"
"ch009", "industrie", "https://www.wikidata.org/wiki/Q64390", "", "Jean Fust", "Fust"
"ch009", "industrie", "https://www.wikidata.org/wiki/Q8958", "", "Jean Gutenberg", "Gutenberg"
"ch009", "industrie", "https://www.wikidata.org/wiki/Q64390", "", "Jean Fust", "Jean Fust"
"ch009", "industrie", "https://www.wikidata.org/wiki/Q8958", "", "Jean Gutenberg", "Jean Gutenberg"
"ch009", "industrie", "", "", "", "Jean Gutenberg"
"ch009", "industrie", "https://www.wikidata.org/wiki/Q62560", "", "Pierre Schæffer", "Pierre Schæffer""Chapter", "Section", "Ref", "SameAs", "Key", "Place"
"ch010", "récit", "", "", "charlot", "Charlot"
"ch010", "récit", "", "", "charlot", "Charlot"
"ch010", "récit", "", "", "charlot", "Charlot"
"ch010", "récit", "", "", "charlot", "Charlot"
"ch010", "récit", "https://www.wikidata.org/wiki/Q109860", "", "Dagobert", "Dagobert"
"ch010", "récit", "", "", "", "Dagobert"
"ch010", "récit", "https://www.wikidata.org/wiki/Q109860", "", "", "Dagobert"
"ch010", "récit", "", "", "françois", "François"
"ch010", "récit", "", "", "françois", "François"
"ch010", "récit", "", "", "françois", "François"
"ch010", "récit", "", "", "françois", "François"
"ch010", "récit", "", "", "françois", "François"
"ch010", "récit", "", "", "jacques", "Jacques"
"ch010", "récit", "", "", "jacques", "Jacques"
"ch010", "récit", "", "", "m_valon", "M. Valon"
"ch010", "récit", "", "", "suzette", "Suzette"
"ch010", "récit", "", "", "suzette", "Suzette"
"ch010", "récit", "", "", "suzette", "Suzette"
"ch010", "récit", "", "", "suzette", "Suzette"
"ch010", "questionnaire", "", "", "charlot", "Charlot"
"ch010", "questionnaire", "", "", "françois", "François"
"ch010", "questionnaire", "", "", "françois", "François"
"ch010", "questionnaire", "", "", "jacques", "Jacques"
"ch010", "questionnaire", "", "", "m_valon", "M. Valon"
"ch010", "questionnaire", "", "", "suzette", "Suzette"
"ch010", "questionnaire", "", "", "suzette", "Suzette"
"ch010", "questionnaire", "", "", "suzette", "Suzette"
"ch010", "morale", "", "", "charlot", "Charlot"
"ch010", "morale", "", "", "charlot", "Charlot"
"ch010", "morale", "", "", "françois", "François"
"ch010", "morale", "", "", "françois", "François"
"ch010", "morale", "", "", "françois", "François"
"ch010", "morale", "", "", "suzette", "Suzette"
"ch010", "morale", "", "", "suzette", "Suzette"
"ch010", "morale", "", "", "suzette", "Suzette"
"ch010", "civilité", "", "", "françois", "François"
"ch010", "histoire", "https://www.wikidata.org/wiki/Q316881", "", "", "Charibert"
"ch010", "histoire", "https://www.wikidata.org/wiki/Q209118", "", "", "Clotaire II"
"ch010", "histoire", "https://www.wikidata.org/wiki/Q109860", "", "", "Dagobert"
"ch010", "histoire", "https://www.wikidata.org/wiki/Q109860", "", "", "Dagobert"
"ch010", "histoire", "https://www.wikidata.org/wiki/Q109860", "", "", "Dagobert"
"ch010", "histoire", "https://www.wikidata.org/wiki/Q109860", "", "", "Dagobert"
"ch010", "histoire", "https://www.wikidata.org/wiki/Q360798", "", "", "Eloi"
"ch010", "histoire", "https://www.wikidata.org/wiki/Q360798", "", "", "Eloi""Chapter", "Section", "Ref", "SameAs", "Key", "Place"
"ch011", "récit", "", "", "charlot", "Charlot"
"ch011", "récit", "", "", "charlot", "Charlot"
"ch011", "récit", "", "", "charlot", "Charlot"
"ch011", "récit", "", "", "françois", "François"
"ch011", "récit", "", "", "françois", "François"
"ch011", "récit", "", "", "jacques", "Jacques"
"ch011", "récit", "", "", "jacques", "Jacques"
"ch011", "récit", "", "", "jacques", "Jacques"
"ch011", "récit", "", "", "jacques", "Jacques"
"ch011", "récit", "", "", "m_dumay", "Le père"
"ch011", "récit", "", "", "m_dumay", "M. Dumay"
"ch011", "récit", "", "", "m_dumay", "M. Dumay"
"ch011", "récit", "", "", "suzette", "Suzette"
"ch011", "récit", "", "", "suzette", "Suzette"
"ch011", "récit", "", "", "suzette", "Suzette"
"ch011", "récit", "", "", "suzette", "Suzette"
"ch011", "récit", "", "", "suzette", "Suzette"
"ch011", "récit", "", "", "suzette", "Suzette"
"ch011", "récit", "", "", "suzette", "Suzette"
"ch011", "récit", "", "", "m_dumay", "le père"
"ch011", "questionnaire", "", "", "jacques", "Jacques"
"ch011", "questionnaire", "", "", "suzette", "Suzette"
"ch011", "questionnaire", "", "", "suzette", "Suzette"
"ch011", "questionnaire", "", "", "suzette", "Suzette"
"ch011", "morale", "", "", "françois", "François"
"ch011", "morale", "", "", "françois", "François"
"ch011", "morale", "", "", "françois", "François"
"ch011", "morale", "", "", "suzette", "Suzette"
"ch011", "morale", "", "", "suzette", "Suzette""Chapter", "Section", "Ref", "SameAs", "Key", "Place"
"ch012", "récit", "", "", "charlot", "Charlot"
"ch012", "récit", "", "", "charlot", "Charlot"
"ch012", "récit", "", "", "", "François"
"ch012", "récit", "", "", "suzette", "Suzette"
"ch012", "récit", "", "", "suzette", "Suzette"
"ch012", "récit", "", "", "suzette", "Suzette"
"ch012", "questionnaire", "", "", "françois", "François"
"ch012", "questionnaire", "", "", "suzette", "Suzette""Chapter", "Section", "Ref", "SameAs", "Key", "Place"
"ch013", "récit", "", "", "", "M. Dumay"
"ch013", "récit", "", "", "", "Suzette"
"ch013", "récit", "", "", "", "Suzette"
"ch013", "récit", "", "", "suzette", "Suzette"
"ch013", "récit", "", "", "suzette", "Suzette"
"ch013", "questionnaire", "", "", "suzette", "Suzette""Chapter", "Section", "Ref", "SameAs", "Key", "Place"
"ch014", "récit", "", "", "", "Baptiste Gardinet"
"ch014", "récit", "http://www.wikidata.org/entity/Q230639", "", "Brunhilda of Austrasia", "Brunehaut"
"ch014", "récit", "", "", "", "Brunehaut"
"ch014", "récit", "", "", "m_dumay", "Denis Dumay"
"ch014", "récit", "", "", "lejoly", "Florentin Lejoly"
"ch014", "récit", "", "", "lejoly", "Florentin Lejoly"
"ch014", "récit", "", "", "lejoly", "Florentin Lejoly"
"ch014", "récit", "", "", "ludivine", "Ludivine"
"ch014", "récit", "", "", "ludivine", "Ludivine"
"ch014", "récit", "", "", "ludivine", "Ludivine"
"ch014", "récit", "", "", "ludivine", "Ludivine"
"ch014", "récit", "", "", "m_dumay", "M. Dumay"
"ch014", "récit", "", "", "mme_valon", "Mme Valon"
"ch014", "récit", "", "", "", "Morisot"
"ch014", "récit", "", "", "", "Pierre Colas"
"ch014", "récit", "", "", "suzette", "Suzette"
"ch014", "récit", "", "", "vincent", "Vincent"
"ch014", "questionnaire", "", "", "lejoly", "Florentin Lejoly"
"ch014", "questionnaire", "", "", "lejoly", "Lejoly"
"ch014", "questionnaire", "", "", "ludivine", "Ludivine"
"ch014", "questionnaire", "", "", "ludivine", "Ludivine"
"ch014", "questionnaire", "", "", "m_dumay", "M. Dumay"
"ch014", "questionnaire", "", "", "m_dumay", "M. Dumay"
"ch014", "questionnaire", "", "", "suzette", "Suzette"
"ch014", "morale", "https://www.wikidata.org/wiki/Q310002", "", "", "Fénelon"
"ch014", "morale", "", "", "m_dumay", "M. Dumay"
"ch014", "morale", "", "", "m_dumay", "M.Dumay"
"ch014", "histoire", "", "", "", "Attila"
"ch014", "histoire", "https://www.wikidata.org/wiki/Q230639", "", "", "Brunehaut"
"ch014", "histoire", "https://www.wikidata.org/wiki/Q230639", "", "", "Brunehaut"
"ch014", "histoire", "https://www.wikidata.org/wiki/Q230639", "", "", "Brunehaut"
"ch014", "histoire", "", "", "", "Brunehaut"
"ch014", "histoire", "https://www.wikidata.org/wiki/Q243118", "", "", "Chilpéric"
"ch014", "histoire", "https://www.wikidata.org/wiki/Q243118", "", "", "Chilpéric"
"ch014", "histoire", "https://www.wikidata.org/wiki/Q232365", "", "", "Clotilde"
"ch014", "histoire", "https://www.wikidata.org/wiki/Q82339", "", "", "Clovis"
"ch014", "histoire", "", "", "", "Clovis II"
"ch014", "histoire", "", "", "", "Eponine"
"ch014", "histoire", "https://www.wikidata.org/wiki/Q230898", "", "", "Frédégonde"
"ch014", "histoire", "https://www.wikidata.org/wiki/Q233534", "", "", "Galswinthe"
"ch014", "histoire", "https://www.wikidata.org/wiki/Q233534", "", "", "Galswinthe"
"ch014", "histoire", "https://www.wikidata.org/wiki/Q1048", "", "", "J. César"
"ch014", "histoire", "https://www.wikidata.org/wiki/Q606722", "", "", "Sabinus"
"ch014", "histoire", "https://www.wikidata.org/wiki/Q309946", "", "Sigebert", "Sigebert"
"ch014", "histoire", "", "", "", "Sigebert"
"ch014", "histoire", "https://www.wikidata.org/wiki/Q235863", "", "", "sainte Geneviève""Chapter", "Section", "Ref", "SameAs", "Key", "Place"
"ch015", "récit", "https://www.wikidata.org/wiki/Q506720", "", "", "Adèle de Vermandois"
"ch015", "récit", "", "", "lejoly", "Florentin Lejoly"
"ch015", "récit", "", "", "françois", "François"
"ch015", "récit", "https://www.wikidata.org/wiki/Q288034", "", "", "Herbert IV de Vermandois"
"ch015", "récit", "", "", "jacques", "Jacques"
"ch015", "récit", "", "", "ludivine", "Ludivine"
"ch015", "récit", "", "", "m_dumay", "M. Dumay"
"ch015", "récit", "", "", "suzette", "Suzette"
"ch015", "récit", "https://www.wikidata.org/wiki/Q288034", "", "", "comte Herbert IV"
"ch015", "questionnaire", "", "", "lejoly", "Lejoly"
"ch015", "questionnaire", "", "", "ludivine", "Ludivine""Chapter", "Section", "Ref", "SameAs", "Key", "Place"
"ch016", "récit", "", "", "charlot", "Charlot"
"ch016", "récit", "", "", "charlot", "Charlot"
"ch016", "récit", "", "", "charlot", "Charlot"
"ch016", "récit", "", "", "charlot", "Charlot"
"ch016", "récit", "", "", "charlot", "Charlot"
"ch016", "récit", "", "", "françois", "François"
"ch016", "récit", "", "", "jacques", "Jacques"
"ch016", "récit", "", "", "m_dumay", "M. Dumay"
"ch016", "récit", "", "", "mme_valon", "Mme Valon"
"ch016", "récit", "", "", "suzette", "Suzette"
"ch016", "récit", "", "", "suzette", "Suzette"
"ch016", "récit", "", "", "suzette", "Suzette"
"ch016", "questionnaire", "", "", "charlot", "Charlot"
"ch016", "questionnaire", "", "", "charlot", "Charlot"
"ch016", "questionnaire", "", "", "françois", "François"
"ch016", "questionnaire", "", "", "jacques", "Jacques"
"ch016", "questionnaire", "", "", "mme_valon", "Mme Valon"
"ch016", "questionnaire", "", "", "suzette", "Suzette"
"ch016", "questionnaire", "", "", "suzette", "Suzette""Chapter", "Section", "Ref", "SameAs", "Key", "Place"
"ch017", "récit", "", "", "charlot", "Charlot"
"ch017", "récit", "", "", "mme_valon", "Madame"
"ch017", "récit", "", "", "mme_valon", "Madame"
"ch017", "récit", "", "", "mme_valon", "Madame"
"ch017", "récit", "", "", "mme_valon", "Madame "
"ch017", "récit", "", "", "suzette", "Suzette"
"ch017", "récit", "", "", "suzette", "Suzette"
"ch017", "récit", "", "", "suzette", "Suzette"
"ch017", "récit", "", "", "suzette", "Suzette"
"ch017", "récit", "", "", "suzette", "Suzette"
"ch017", "questionnaire", "", "", "suzette", "Suzette"
"ch017", "questionnaire", "", "", "suzette", "Suzette"
"ch017", "questionnaire", "", "", "suzette", "Suzette""Chapter", "Section", "Ref", "SameAs", "Key", "Place"
"ch018", "récit", "https://www.wikidata.org/wiki/Q3044", "", "", "Charlemagne"
"ch018", "récit", "https://www.wikidata.org/wiki/Q71231", "", "", "Charles le Chauve"
"ch018", "récit", "", "", "charlot", "Charlot"
"ch018", "récit", "", "", "mme_valon", "Madame"
"ch018", "récit", "", "", "mme_valon", "Mme Valon"
"ch018", "récit", "", "", "mme_valon", "Mme Valon"
"ch018", "récit", "", "", "mme_valon", "Mme Valon"
"ch018", "récit", "", "", "mme_valon", "Mme Valon"
"ch018", "récit", "", "", "suzette", "Suzette"
"ch018", "récit", "", "", "suzette", "Suzette"
"ch018", "récit", "", "", "suzette", "Suzette"
"ch018", "récit", "", "", "suzette", "Suzette"
"ch018", "questionnaire", "", "", "mme_valon", "Mme Valon"
"ch018", "questionnaire", "", "", "mme_valon", "Mme Valon"
"ch018", "questionnaire", "", "", "suzette", "Suzette"
"ch018", "questionnaire", "", "", "suzette", "Suzette"
"ch018", "questionnaire", "", "", "suzette", "Suzette"
"ch018", "français", "", "", "suzette", "Suzette""Chapter", "Section", "Ref", "SameAs", "Key", "Place"
"ch019", "récit", "", "", "benoît", "Benoît"
"ch019", "récit", "", "", "charlot", "Charlot"
"ch019", "récit", "", "", "françois", "François"
"ch019", "récit", "", "", "jacques", "Jacques"
"ch019", "récit", "", "", "jacques", "Jacques"
"ch019", "récit", "", "", "jacques", "Jacques"
"ch019", "récit", "", "", "jacques", "Jacques Dumay"
"ch019", "récit", "", "", "ludivine", "Ludivine"
"ch019", "récit", "", "", "m_dumay", "M. Dumay"
"ch019", "récit", "", "", "m_dumay", "M. Dumay"
"ch019", "récit", "", "", "m_valon", "M. Valon"
"ch019", "récit", "", "", "m_valon", "M. Valon"
"ch019", "récit", "", "", "m_valon", "M. Valon"
"ch019", "récit", "", "", "suzette", "Suzette"
"ch019", "récit", "", "", "suzette", "Suzette"
"ch019", "récit", "", "", "benoît", "père Benoît"
"ch019", "questionnaire", "", "", "charlot", "Charlot"
"ch019", "questionnaire", "", "", "françois", "François"
"ch019", "questionnaire", "", "", "jacques", "Jacques"
"ch019", "questionnaire", "", "", "jacques", "Jacques"
"ch019", "questionnaire", "", "", "jacques", "Jacques"
"ch019", "questionnaire", "", "", "m_dumay", "M. Dumay"
"ch019", "questionnaire", "", "", "m_valon", "M. Valon"
"ch019", "questionnaire", "", "", "m_valon", "M. Valon"
"ch019", "questionnaire", "", "", "suzette", "Suzette""Chapter", "Section", "Ref", "SameAs", "Key", "Place"
"ch020", "récit", "", "", "charlot", "Charlot"
"ch020", "récit", "", "", "m_dumay", "Denis"
"ch020", "récit", "", "", "jacques", "Jacques"
"ch020", "récit", "", "", "jacques", "Jacques"
"ch020", "récit", "", "", "jacques", "Jacques"
"ch020", "récit", "", "", "jacques", "Jacques"
"ch020", "récit", "", "", "jacques", "Jacques"
"ch020", "récit", "", "", "jacques", "Jacques"
"ch020", "récit", "", "", "m_dumay", "M. Dumay"
"ch020", "récit", "", "", "m_dumay", "M. Dumay"
"ch020", "récit", "", "", "suzette", "Suzette"
"ch020", "récit", "", "", "suzette", "Suzette"
"ch020", "récit", "", "", "suzette", "Suzette"
"ch020", "récit", "", "", "suzette", "Suzette"
"ch020", "questionnaire", "", "", "jacques", "Jacques"
"ch020", "questionnaire", "", "", "jacques", "Jacques"
"ch020", "questionnaire", "", "", "m_dumay", "M. Dumay"
"ch020", "questionnaire", "", "", "m_dumay", "M. Dumay"
"ch020", "questionnaire", "", "", "suzette", "Suzette"
"ch020", "questionnaire", "", "", "suzette", "Suzette"
"ch020", "questionnaire", "", "", "suzette", "Suzette"
"ch020", "français", "", "", "m_dumay", "M. Dumay""Chapter", "Section", "Ref", "SameAs", "Key", "Place"
"ch021", "récit", "", "", "charlot", "Charlot"
"ch021", "récit", "", "", "françois", "François"
"ch021", "récit", "", "", "", "Henri IV"
"ch021", "récit", "", "", "jacques", "JACQUES DUMAY"
"ch021", "récit", "https://www.wikidata.org/wiki/Q597422", "", "", "Olivier de Serres"
"ch021", "récit", "", "", "suzette", "Suzette"
"ch021", "récit", "", "", "suzette", "Suzette"
"ch021", "questionnaire", "", "", "jacques", "Jacques"
"ch021", "questionnaire", "", "", "jacques", "Jacques"
"ch021", "questionnaire", "", "", "jacques", "Jacques"
"ch021", "questionnaire", "https://www.wikidata.org/wiki/Q597422", "", "", "Olivier de Serres""Chapter", "Section", "Ref", "SameAs", "Key", "Place"
"ch022", "récit", "", "", "castor", "Castor"
"ch022", "récit", "", "", "charlot", "Charlot"
"ch022", "récit", "", "", "charlot", "Charlot"
"ch022", "récit", "", "", "charlot", "Charlot"
"ch022", "récit", "", "", "françois", "François"
"ch022", "récit", "", "", "françois", "François"
"ch022", "récit", "", "", "françois", "François"
"ch022", "récit", "", "", "françois", "François"
"ch022", "récit", "", "", "françois", "François"
"ch022", "récit", "", "", "françois", "François"
"ch022", "récit", "", "", "jacques", "Jacques"
"ch022", "récit", "", "", "m_dumay", "M. Dumay"
"ch022", "récit", "", "", "m_dumay", "M. Dumay"
"ch022", "récit", "", "", "suzette", "Suzette"
"ch022", "récit", "", "", "suzette", "Suzette"
"ch022", "récit", "", "", "suzette", "Suzette"
"ch022", "questionnaire", "", "", "françois", "François"
"ch022", "questionnaire", "", "", "françois", "François"
"ch022", "questionnaire", "", "", "m_dumay", "M. Dumay"
"ch022", "questionnaire", "", "", "m_dumay", "M. Dumay""Chapter", "Section", "Ref", "SameAs", "Key", "Place"
"ch023", "récit", "", "", "m_dumay", "Denis"
"ch023", "récit", "", "", "françois", "François"
"ch023", "récit", "", "", "françois", "François"
"ch023", "récit", "", "", "françois", "François"
"ch023", "récit", "", "", "", "Jean-Marie"
"ch023", "récit", "", "", "ludivine", "Ludivine"
"ch023", "récit", "", "", "ludivine", "Ludivine"
"ch023", "récit", "", "", "ludivine", "Ludivine"
"ch023", "récit", "", "", "ludivine", "Ludivine"
"ch023", "récit", "", "", "m_dumay", "M. Dumay"
"ch023", "récit", "", "", "", "Morisot"
"ch023", "récit", "", "", "", "Plectrude"
"ch023", "récit", "", "", "suzette", "Suzette"
"ch023", "récit", "", "", "suzette", "Suzette"
"ch023", "questionnaire", "", "", "françois", "François"
"ch023", "questionnaire", "", "", "françois", "François"
"ch023", "questionnaire", "", "", "ludivine", "Ludivine"
"ch023", "questionnaire", "", "", "m_dumay", "M. Dumay"
"ch023", "questionnaire", "", "", "suzette", "Suzette"
"ch023", "morale", "https://www.wikidata.org/wiki/Q34969", "", "Benjamin Franklin", "Franklin"
"ch023", "morale", "https://www.wikidata.org/wiki/Q307", "", "", "Galilée""Chapter", "Section", "Ref", "SameAs", "Key", "Place"
"ch024", "récit", "", "", "françois", "François"
"ch024", "récit", "", "", "françois", "François"
"ch024", "récit", "", "", "françois", "François"
"ch024", "récit", "", "", "françois", "François"
"ch024", "récit", "", "", "françois", "François"
"ch024", "récit", "", "", "suzette", "Suzette"
"ch024", "récit", "", "", "suzette", "Suzette"
"ch024", "récit", "", "", "suzette", "Suzette"
"ch024", "récit", "", "", "suzette", "Suzette"
"ch024", "récit", "", "", "suzette", "Suzette"
"ch024", "récit", "", "", "suzette", "Suzette"
"ch024", "récit", "", "", "suzette", "Suzette"
"ch024", "récit", "", "", "suzette", "Suzette"
"ch024", "récit", "", "", "suzette", "Suzette"
"ch024", "récit", "", "", "suzette", "Suzette"
"ch024", "récit", "", "", "suzette", "Suzette"
"ch024", "récit", "", "", "suzette", "Suzette"
"ch024", "questionnaire", "", "", "suzette", "Suzette"
"ch024", "questionnaire", "", "", "suzette", "Suzette"
"ch024", "questionnaire", "", "", "suzette", "Suzette"
"ch024", "questionnaire", "", "", "suzette", "Suzette"
"ch024", "composition", "", "", "", "E. LAPORTE""Chapter", "Section", "Ref", "SameAs", "Key", "Place"
"ch025", "récit", "", "", "charlot", "Charlot"
"ch025", "récit", "", "", "françois", "François"
"ch025", "récit", "", "", "françois", "François"
"ch025", "récit", "", "", "françois", "François"
"ch025", "récit", "", "", "ludivine", "Ludivine"
"ch025", "récit", "", "", "ludivine", "Ludivine"
"ch025", "récit", "", "", "ludivine", "Ludivine"
"ch025", "récit", "", "", "ludivine", "Ludivine"
"ch025", "récit", "", "", "mme_valon", "Mme Valon"
"ch025", "récit", "", "", "mme_valon", "Mme Valon"
"ch025", "récit", "", "", "mme_valon", "Mme Valon"
"ch025", "récit", "", "", "mme_valon", "Mme Valon"
"ch025", "récit", "", "", "suzette", "Suzette"
"ch025", "récit", "", "", "suzette", "Suzette"
"ch025", "questionnaire", "", "", "françois", "François"
"ch025", "questionnaire", "", "", "françois", "François"
"ch025", "questionnaire", "", "", "ludivine", "Ludivine"
"ch025", "questionnaire", "", "", "mme_valon", "Mme Valon"
"ch025", "questionnaire", "", "", "mme_valon", "Mme Valon"
"ch025", "questionnaire", "", "", "suzette", "Suzette"
"ch025", "économie_domestique", "https://www.wikidata.org/wiki/Q18508478", "", "", "Audot""Chapter", "Section", "Ref", "SameAs", "Key", "Place"
"ch026", "récit", "", "", "françois", "François"
"ch026", "récit", "", "", "suzette", "Suzette"
"ch026", "questionnaire", "", "", "françois", "François"
"ch026", "questionnaire", "", "", "mme_valon", "Mme Valon"
"ch026", "questionnaire", "", "", "mme_valon", "Mme Valon"
"ch026", "questionnaire", "", "", "suzette", "Suzette""Chapter", "Section", "Ref", "SameAs", "Key", "Place"
"ch027", "récit", "", "", "suzette", "Mademoiselle Suzette"
"ch027", "récit", "", "", "mme_valon", "Mme Valon"
"ch027", "récit", "", "", "mme_valon", "Mme Valon"
"ch027", "récit", "", "", "mme_valon", "Mme Valon"
"ch027", "récit", "", "", "suzette", "Suzette"
"ch027", "questionnaire", "", "", "mme_valon", "Mme Valon"
"ch027", "questionnaire", "", "", "mme_valon", "Mme Valon"
"ch027", "questionnaire", "", "", "suzette", "Suzette""Chapter", "Section", "Ref", "SameAs", "Key", "Place"
"ch028", "récit", "", "", "françois", "François"
"ch028", "récit", "", "", "m_valon", "M. Valon"
"ch028", "récit", "", "", "m_valon", "M. Valon"
"ch028", "récit", "", "", "suzette", "Suzette"
"ch028", "récit", "", "", "suzette", "Suzette"
"ch028", "récit", "", "", "suzette", "Suzette"
"ch028", "questionnaire", "", "", "françois", "François"
"ch028", "questionnaire", "", "", "suzette", "Suzette"
"ch028", "questionnaire", "", "", "suzette", "Suzette"
"ch028", "questionnaire", "", "", "suzette", "Suzette""Chapter", "Section", "Ref", "SameAs", "Key", "Place"
"ch029", "récit", "", "", "charlot", "Charlot"
"ch029", "récit", "", "", "françois", "François"
"ch029", "récit", "", "", "françois", "François"
"ch029", "récit", "", "", "jacques", "Jacques"
"ch029", "récit", "", "", "jacques", "Jacques"
"ch029", "récit", "", "", "m_dumay", "M. Dumay"
"ch029", "récit", "", "", "suzette", "Suzette"
"ch029", "récit", "", "", "suzette", "Suzette"
"ch029", "questionnaire", "", "", "charlot", "Charlot"
"ch029", "questionnaire", "", "", "françois", "François"
"ch029", "questionnaire", "", "", "jacques", "Jacques"
"ch029", "questionnaire", "", "", "jacques", "Jacques"
"ch029", "morale", "https://www.wikidata.org/wiki/Q471523", "", "", "De Sandis"
"ch029", "morale", "https://www.wikidata.org/wiki/Q365733", "", "", "Franck"
"ch029", "morale", "", "", "", "M. Legouvé"
"ch029", "morale", "", "", "", "Vessiot""Chapter", "Section", "Ref", "SameAs", "Key", "Place"
"ch030", "récit", "", "", "jacques", "Jacques"
"ch030", "récit", "", "", "jacques", "Jacques"
"ch030", "récit", "", "", "jacques", "Jacques"
"ch030", "récit", "", "", "suzette", "Suzette"
"ch030", "questionnaire", "", "", "jacques", "Jacques"
"ch030", "questionnaire", "", "", "jacques", "Jacques"
"ch030", "questionnaire", "", "", "m_dumay", "M. Dumay"
"ch030", "questionnaire", "", "", "suzette", "Suzette"
"ch030", "géographie", "https://www.wikidata.org/wiki/Q47674", "", "Albertino Vespucci", "Albertino Vespucci"
"ch030", "géographie", "http://www.wikidata.org/entity/Q7322", "", "", "Christophe Colomb"
"ch030", "géographie", "https://www.wikidata.org/wiki/Q7322", "", "Christoph Colomb", "Colomb"
"ch030", "géographie", "https://www.wikidata.org/wiki/Q7322", "", "Christoph Colomb", "Colomb"
"ch030", "géographie", "https://www.wikidata.org/wiki/Q7322", "", "Christoph Colomb", "Colomb"
"ch030", "géographie", "", "", "", "Colomb"
"ch030", "géographie", "http://www.wikidata.org/entity/Q12860", "", "Ferdinand II of Aragon", "Ferdinand"
"ch030", "géographie", "", "", "", "Ferdinand"
"ch030", "géographie", "", "", "", "Henri VII"
"ch030", "géographie", "http://www.wikidata.org/entity/Q675493", "", "Henry VII of England", "Henri VII"
"ch030", "géographie", "https://www.wikidata.org/wiki/Q45859", "", "Isabella I de Castile", "Isabelle"
"ch030", "géographie", "https://www.wikidata.org/wiki/Q217637", "", "", "Jean II"
"ch030", "géographie", "", "", "", "M. de Lesseps"
"ch030", "géographie", "https://www.wikidata.org/wiki/Q3388890", "", "Penzone brothers", "Penzone"
"ch030", "géographie", "https://www.wikidata.org/wiki/Q5868869", "", "", "Pérez""Chapter", "Section", "Ref", "SameAs", "Key", "Place"
"ch031", "récit", "https://www.wikidata.org/wiki/Q17790", "", "", "Kang-Hi"
"ch031", "récit", "", "", "", "Suzette"
"ch031", "questionnaire", "https://www.wikidata.org/wiki/Q17790", "", "", "Kang-Hi"
"ch031", "questionnaire", "https://www.wikidata.org/wiki/Q17790", "", "", "Kang-Hi"
"ch031", "questionnaire", "", "", "", "Suzette""Chapter", "Section", "Ref", "SameAs", "Key", "Place"
"ch032", "récit", "", "", "charlot", "Charlot"
"ch032", "récit", "", "", "charlot", "Charlot"
"ch032", "récit", "", "", "françois", "François"
"ch032", "récit", "", "", "françois", "François"
"ch032", "récit", "", "", "jacques", "Jacques"
"ch032", "récit", "https://www.wikidata.org/wiki/Q17790", "", "", "Kang-Hi"
"ch032", "récit", "", "", "m_dumay", "M. Dumay"
"ch032", "récit", "", "", "suzette", "Suzette"
"ch032", "questionnaire", "", "", "charlot", "Charlot"
"ch032", "questionnaire", "", "", "françois", "François"
"ch032", "questionnaire", "", "", "jacques", "Jacques"
"ch032", "questionnaire", "https://www.wikidata.org/wiki/Q17790", "", "", "Kang-Hi"
"ch032", "questionnaire", "", "", "m_dumay", "M. Dumay""Chapter", "Section", "Ref", "SameAs", "Key", "Place"
"ch033", "récit", "", "", "françois", "François"
"ch033", "récit", "", "", "ludivine", "Ludivine"
"ch033", "récit", "", "", "m_valon", "M."
"ch033", "récit", "", "", "m_dumay", "M. Dumay"
"ch033", "récit", "", "", "m_dumay", "M. Dumay"
"ch033", "récit", "", "", "m_dumay", "M. Dumay"
"ch033", "récit", "", "", "mme_valon", "Mme Valon"
"ch033", "récit", "", "", "suzette", "Suzette"
"ch033", "récit", "", "", "suzette", "Suzette"
"ch033", "questionnaire", "", "", "suzette", "Suzette"
"ch033", "composition", "", "", "", "L. LAPORTE""Chapter", "Section", "Ref", "SameAs", "Key", "Place"
"ch034", "récit", "", "", "castor", "Castor"
"ch034", "récit", "", "", "", "Charlot"
"ch034", "récit", "", "", "charlot", "Charlot"
"ch034", "récit", "", "", "françois", "Francois"
"ch034", "récit", "", "", "françois", "Francois"
"ch034", "récit", "", "", "françois", "François"
"ch034", "récit", "", "", "françois", "François"
"ch034", "récit", "", "", "françois", "François"
"ch034", "récit", "", "", "françois", "François"
"ch034", "récit", "", "", "jacques", "Jacques"
"ch034", "récit", "", "", "ludivine", "Ludivine"
"ch034", "récit", "", "", "suzette", "Suzette"
"ch034", "récit", "", "", "suzette", "Suzette"
"ch034", "questionnaire", "", "", "charlot", "Charlot"
"ch034", "questionnaire", "", "", "charlot", "Charlot"
"ch034", "questionnaire", "", "", "jacques", "Jacques"
"ch034", "questionnaire", "", "", "ludivine", "Ludivine"
"ch034", "questionnaire", "", "", "m_dumay", "M. Dumay"
"ch034", "questionnaire", "", "", "m_dumay", "M. Dumay"
"ch034", "questionnaire", "", "", "suzette", "Suzette""Chapter", "Section", "Ref", "SameAs", "Key", "Place"
"ch035", "récit", "", "", "castor", "Castor"
"ch035", "récit", "", "", "castor", "Castor"
"ch035", "récit", "", "", "castor", "Castor"
"ch035", "récit", "", "", "françois", "François"
"ch035", "récit", "", "", "françois", "François"
"ch035", "récit", "", "", "françois", "François"
"ch035", "récit", "", "", "jacques", "Jacques"
"ch035", "récit", "", "", "suzette", "Suzette"
"ch035", "récit", "", "", "suzette", "Suzette"
"ch035", "récit", "", "", "m_dumay", "son père"
"ch035", "questionnaire", "", "", "françois", "François"
"ch035", "questionnaire", "", "", "françois", "François"
"ch035", "questionnaire", "", "", "suzette", "Suzette""Chapter", "Section", "Ref", "SameAs", "Key", "Place"
"ch036", "récit", "", "", "charlot", "Charlot"
"ch036", "récit", "", "", "françois", "François"
"ch036", "récit", "", "", "françois", "François"
"ch036", "récit", "", "", "françois", "François"
"ch036", "récit", "", "", "françois", "François"
"ch036", "récit", "", "", "ludivine", "Ludivine"
"ch036", "récit", "", "", "m_dumay", "M. Dumay"
"ch036", "récit", "", "", "suzette", "Suzette"
"ch036", "récit", "", "", "suzette", "Suzette"
"ch036", "récit", "", "", "suzette", "Suzette"
"ch036", "récit", "", "", "vincent", "Vincent"
"ch036", "questionnaire", "", "", "françois", "François"
"ch036", "questionnaire", "", "", "françois", "François"
"ch036", "questionnaire", "", "", "suzette", "Suzette"
"ch036", "questionnaire", "", "", "suzette", "Suzette""Chapter", "Section", "Ref", "SameAs", "Key", "Place"
"ch037", "récit", "", "", "jacques", "Jacques"
"ch037", "récit", "", "", "suzette", "Suzette"
"ch037", "questionnaire", "", "", "suzette", "Suzette"
"ch037", "composition", "", "", "", "E. LAPORTE""Chapter", "Section", "Ref", "SameAs", "Key", "Place"
"ch038", "récit", "", "", "jacques", "Jacques"
"ch038", "récit", "", "", "jacques", "Jacques"
"ch038", "récit", "", "", "suzette", "Jacques"
"ch038", "récit", "", "", "m_dumay", "M. Dumay"
"ch038", "récit", "", "", "m_dumay", "M. Dumay"
"ch038", "récit", "", "", "suzette", "Suzette"
"ch038", "récit", "", "", "suzette", "Suzette"
"ch038", "récit", "", "", "suzette", "Suzette"
"ch038", "récit", "", "", "suzette", "Suzette"
"ch038", "questionnaire", "", "", "jacques", "Jacques"
"ch038", "questionnaire", "", "", "jacques", "Jacques"
"ch038", "questionnaire", "", "", "suzette", "Suzette"
"ch038", "questionnaire", "", "", "suzette", "Suzette"
"ch038", "complexe", "", "", "", "GEORGES VALLÉE"
"ch038", "complexe", "", "", "", "M. Cazotte""Chapter", "Section", "Ref", "SameAs", "Key", "Place"
"ch039", "récit", "", "", "charlot", "Charlot"
"ch039", "récit", "", "", "charlot", "Charlot"
"ch039", "récit", "", "", "françois", "François"
"ch039", "récit", "", "", "françois", "François"
"ch039", "récit", "", "", "jacques", "Jacques"
"ch039", "récit", "", "", "jacques", "Jacques"
"ch039", "récit", "", "", "jacques", "Jacques"
"ch039", "récit", "", "", "jacques", "Jacques"
"ch039", "récit", "", "", "ludivine", "Ludivine"
"ch039", "récit", "", "", "m_dumay", "M. Dumay"
"ch039", "récit", "", "", "m_dumay", "M. Dumay"
"ch039", "récit", "", "", "suzette", "Suzette"
"ch039", "récit", "", "", "suzette", "Suzette"
"ch039", "récit", "", "", "suzette", "Suzette"
"ch039", "questionnaire", "", "", "françois", "François"
"ch039", "questionnaire", "", "", "jacques", "Jacques"
"ch039", "questionnaire", "", "", "jacques", "Jacques"
"ch039", "questionnaire", "", "", "ludivine", "Ludivine"
"ch039", "questionnaire", "", "", "m_dumay", "M. Dumay"
"ch039", "questionnaire", "", "", "suzette", "Suzette""Chapter", "Section", "Ref", "SameAs", "Key", "Place"
"ch040", "récit", "", "", "françois", "François"
"ch040", "récit", "", "", "françois", "François"
"ch040", "récit", "", "", "jacques", "Jacques"
"ch040", "récit", "", "", "jacques", "Jacques"
"ch040", "récit", "", "", "ludivine", "Ludivine"
"ch040", "récit", "", "", "suzette", "Suzette"
"ch040", "récit", "", "", "suzette", "Suzette"
"ch040", "récit", "", "", "suzette", "Suzette"
"ch040", "questionnaire", "", "", "suzette", "Suzette""Chapter", "Section", "Ref", "SameAs", "Key", "Place"
"ch041", "récit", "", "", "charlot", "Charlot"
"ch041", "récit", "", "", "charlot", "Charlot"
"ch041", "récit", "", "", "charlot", "Charlot,"
"ch041", "récit", "", "", "françois", "François"
"ch041", "récit", "", "", "jacques", "Jacques"
"ch041", "récit", "", "", "jacques", "Jacques"
"ch041", "récit", "", "", "suzette", "Suzette"
"ch041", "questionnaire", "", "", "charlot", "Charlot"
"ch041", "questionnaire", "", "", "jacques", "Jacques"
"ch041", "questionnaire", "", "", "jacques", "Jacques"
"ch041", "sciences_naturelles", "https://www.wikidata.org/wiki/Q7732", "", "", "Louis XVI"
"ch041", "sciences_naturelles", "https://www.wikidata.org/wiki/Q360312", "", "", "Parmentier"
"ch041", "sciences_naturelles", "https://www.wikidata.org/wiki/Q360312", "", "", "Parmentier""Chapter", "Section", "Ref", "SameAs", "Key", "Place"
"ch042", "récit", "", "", "charlot", "Charlot"
"ch042", "récit", "", "", "jacques", "Jacques"
"ch042", "récit", "", "", "jacques", "Jacques"
"ch042", "récit", "", "", "jacques", "Jacques"
"ch042", "récit", "", "", "jeanne", "Jeanne Dumay"
"ch042", "récit", "", "", "", "Lejoly"
"ch042", "récit", "", "", "lejoly", "M. Florentin Lejoly"
"ch042", "récit", "", "", "lejoly", "M. Florentin Lejoly"
"ch042", "récit", "", "", "m_dumay", "M. Dumay"
"ch042", "récit", "", "", "m_dumay", "M. Dumay"
"ch042", "récit", "", "", "lejoly", "M. Florentin Lejoly"
"ch042", "récit", "", "", "lejoly", "M. Florentin Lejoly"
"ch042", "récit", "", "", "suzette", "Suzette"
"ch042", "récit", "", "", "suzette", "Suzette"
"ch042", "récit", "", "", "suzette", "Suzette"
"ch042", "questionnaire", "", "", "jacques", "Jacques"
"ch042", "questionnaire", "", "", "lejoly", "Lejoly"
"ch042", "questionnaire", "", "", "lejoly", "Lejoly "
"ch042", "questionnaire", "", "", "m_dumay", "M. Dumay"
"ch042", "composition", "", "", "", "E. LAPORTE""Chapter", "Section", "Ref", "SameAs", "Key", "Place"
"ch043", "récit", "", "", "benoît", "Benoit"
"ch043", "récit", "", "", "charlot", "Charlot"
"ch043", "récit", "", "", "françois", "François"
"ch043", "récit", "", "", "françois", "François"
"ch043", "récit", "", "", "jacques", "Jacques"
"ch043", "récit", "", "", "ludivine", "Ludivine"
"ch043", "récit", "", "", "m_dumay", "M. Dumay"
"ch043", "récit", "", "", "suzette", "Suzette"
"ch043", "récit", "", "", "suzette", "Suzette"
"ch043", "récit", "", "", "suzette", "Suzette"
"ch043", "récit", "", "", "suzette", "Suzette"
"ch043", "questionnaire", "", "", "benoît", "Benoît"
"ch043", "questionnaire", "", "", "françois", "François"
"ch043", "questionnaire", "", "", "suzette", "Suzette"
"ch043", "questionnaire", "", "", "suzette", "Suzette"
"ch043", "questionnaire", "", "", "suzette", "Suzette""Chapter", "Section", "Ref", "SameAs", "Key", "Place"
"ch044", "récit", "", "", "benoît", "Benoît"
"ch044", "récit", "", "", "m_dumay", "Denis Dumay"
"ch044", "récit", "", "", "ludivine", "Ludivine"
"ch044", "récit", "", "", "m_valon", "M"
"ch044", "récit", "", "", "m_dumay", "M. Dumay"
"ch044", "récit", "", "", "m_dumay", "M. Dumay"
"ch044", "récit", "", "", "mathias", "Mathias Dumay"
"ch044", "récit", "", "", "mme_valon", "Mme Valon"
"ch044", "récit", "", "", "benoît", "père Benoît"
"ch044", "questionnaire", "", "", "benoît", "Benoît "
"ch044", "morale", "http://www.wikidata.org/entity/Q34969", "", "Benjamin Franklin", "Franklin"
"ch044", "morale", "https://www.wikidata.org/wiki/Q34969", "", "", "Franklin"
"ch044", "composition", "", "", "", "E. LAPORTE""Chapter", "Section", "Ref", "SameAs", "Key", "Place"
"ch045", "récit", "", "", "charlot", "Charlot"
"ch045", "récit", "", "", "françois", "François"
"ch045", "récit", "", "", "françois", "François"
"ch045", "récit", "", "", "jacques", "Jacques"
"ch045", "récit", "", "", "jacques", "Jacques"
"ch045", "récit", "", "", "m_valon", "M"
"ch045", "récit", "", "", "m_valon", "M"
"ch045", "récit", "", "", "m_dumay", "M. Dumay"
"ch045", "récit", "", "", "mathias", "Mathias Dumay"
"ch045", "récit", "", "", "mathias", "Mathias Dumay"
"ch045", "récit", "", "", "mme_valon", "Mme Valon"
"ch045", "récit", "", "", "mme_valon", "Mme Valon,"
"ch045", "récit", "http://www.wikidata.org/entity/Q517", "", "Napoleon", "Napoléon Ier"
"ch045", "récit", "", "", "françois", "Suzette"
"ch045", "récit", "", "", "suzette", "Suzette"
"ch045", "récit", "", "", "suzette", "Suzette"
"ch045", "récit", "", "", "suzette", "Suzette"
"ch045", "récit", "", "", "suzette", "Suzette"
"ch045", "questionnaire", "", "", "m_dumay", "M. Dumay"
"ch045", "questionnaire", "", "", "m_dumay", "M. Dumay"
"ch045", "questionnaire", "", "", "suzette", "Suzette"
"ch045", "histoire", "https://www.wikidata.org/wiki/Q517", "", "Napoleon", "Napoléon"
"ch045", "histoire", "https://www.wikidata.org/wiki/Q517", "", "Napoleon", "Napoléon""Chapter", "Section", "Ref", "SameAs", "Key", "Place"
"ch046", "récit", "", "", "benoît", "Benoît"
"ch046", "récit", "", "", "benoît", "Benoît"
"ch046", "récit", "", "", "m_valon", "M. Valon"
"ch046", "récit", "", "", "m_valon", "M. Valon"
"ch046", "récit", "", "", "mme_valon", "Mme Valon"
"ch046", "récit", "", "", "mme_valon", "Mme Valon"
"ch046", "récit", "", "", "Parmentier", "Parmentier"
"ch046", "récit", "", "", "suzette", "Suzette"
"ch046", "récit", "", "", "benoît", "père Benoît"
"ch046", "questionnaire", "", "", "benoît", "Benoît"
"ch046", "questionnaire", "", "", "benoît", "Benoît"
"ch046", "questionnaire", "", "", "m_valon", "M. Valon"
"ch046", "questionnaire", "", "", "mme_valon", "Mme Valon"
"ch046", "questionnaire", "", "", "mme_valon", "Mme Valon"
"ch046", "composition", "", "", "", "E. LAPORTE""Chapter", "Section", "Ref", "SameAs", "Key", "Place"
"ch047", "récit", "", "", "jacques", "Jacques"
"ch047", "récit", "", "", "jacques", "Jacques"
"ch047", "récit", "", "", "suzette", "Suzette"
"ch047", "questionnaire", "", "", "jacques", "Jacques"
"ch047", "questionnaire", "", "", "suzette", "Suzette"
"ch047", "composition", "", "", "", "E. LAPORTE""Chapter", "Section", "Ref", "SameAs", "Key", "Place""Chapter", "Section", "Ref", "SameAs", "Key", "Place"
"ch049", "récit", "", "", "suzette", "Suzette"
"ch049", "récit", "", "", "suzette", "Suzette"
"ch049", "questionnaire", "", "", "jacques", "Jacques"
"ch049", "questionnaire", "", "", "suzette", "Suzette"
"ch049", "questionnaire", "", "", "suzette", "Suzette"
"ch049", "questionnaire", "", "", "suzette", "Suzette""Chapter", "Section", "Ref", "SameAs", "Key", "Place"
"ch050", "récit", "", "", "m_dumay", " M. Dumay"
"ch050", "récit", "", "", "charlot", "Charlot"
"ch050", "récit", "", "", "charlot", "Charlot"
"ch050", "récit", "", "", "charlot", "Charlot"
"ch050", "récit", "", "", "françois", "François"
"ch050", "récit", "", "", "françois", "François"
"ch050", "récit", "", "", "françois", "François"
"ch050", "récit", "", "", "françois", "François"
"ch050", "récit", "", "", "jacques", "Jacques"
"ch050", "récit", "", "", "jacques", "Jacques"
"ch050", "récit", "", "", "m_valon", "M. Valon"
"ch050", "récit", "", "", "suzette", "Suzette"
"ch050", "questionnaire", "", "", "charlot", "Charlot"
"ch050", "questionnaire", "", "", "françois", "François"
"ch050", "questionnaire", "", "", "jacques", "Jacques"
"ch050", "questionnaire", "", "", "jacques", "Jacques"
"ch050", "questionnaire", "", "", "suzette", "Suzette"
"ch050", "morale", "", "", "charlot", "Charlot"
"ch050", "morale", "", "", "françois", "François"
"ch050", "composition", "", "", "", "E. LAPORTE"
"ch050", "économie_domestique", "", "", "", "ESTELLE DERRIE"
"ch050", "économie_domestique", "", "", "", "Quignon (Sylvia)""Chapter", "Section", "Ref", "SameAs", "Key", "Place"
"ch051", "récit", "", "", "benoît", "Benoît"
"ch051", "récit", "", "", "charlot", "Charlot"
"ch051", "récit", "http://www.wikidata.org/entity/Q330270", "", "", "François"
"ch051", "récit", "", "", "françois", "François"
"ch051", "récit", "", "", "françois", "François"
"ch051", "récit", "", "", "jacques", "Jacques"
"ch051", "récit", "", "", "lisa", "Lisa"
"ch051", "récit", "", "", "ludivine", "Ludivine"
"ch051", "récit", "", "", "m_dumay", "M. Dumay"
"ch051", "récit", "", "", "mme_liénard", "Mme Liénard"
"ch051", "récit", "", "", "mme_valon", "Mme Valon"
"ch051", "récit", "", "", "mme_valon", "Mme Valon"
"ch051", "récit", "", "", "suzette", "Suzette"
"ch051", "récit", "", "", "suzette", "Suzette"
"ch051", "récit", "", "", "vincent", "Vincent"
"ch051", "récit", "", "", "lucie_valon", "mademoiselle Lucie Valon"
"ch051", "récit", "", "", "m_valon", "monsieur Georges Valon"
"ch051", "questionnaire", "", "", "charlot", "Charlot"
"ch051", "questionnaire", "", "", "françois", "François"
"ch051", "questionnaire", "", "", "mme_valon", "Mme Valon"
"ch051", "questionnaire", "", "", "mme_valon", "Mme Valon"
"ch051", "questionnaire", "", "", "suzette", "Suzette"
"ch051", "morale", "https://www.wikidata.org/wiki/Q3218983", "", "", "L. DE JUSSIEU"
"ch051", "histoire", "", "", "", "E. LAPORTE"
"ch051", "histoire", "https://www.wikidata.org/wiki/Q954657", "", "", "HENRI MARTIN""Chapter", "Section", "Ref", "SameAs", "Key", "Place"
"ch052", "récit", "", "", "benoît", "Benoît"
"ch052", "récit", "", "", "françois", "François"
"ch052", "récit", "", "", "françois", "François"
"ch052", "récit", "", "", "lisa", "Lisa"
"ch052", "récit", "", "", "lisa", "Lisa"
"ch052", "récit", "", "", "ludivine", "Ludivine"
"ch052", "récit", "", "", "ludivine", "Ludivine"
"ch052", "récit", "", "", "ludivine", "Ludivine"
"ch052", "récit", "", "", "suzette", "Suzette"
"ch052", "récit", "", "", "suzette", "Suzette"
"ch052", "récit", "", "", "vincent", "Vincent"
"ch052", "questionnaire", "", "", "benoît", "Benoît"
"ch052", "questionnaire", "", "", "françois", "François"
"ch052", "questionnaire", "", "", "lisa", "Lisa"
"ch052", "questionnaire", "", "", "lisa", "Lisa"
"ch052", "questionnaire", "", "", "ludivine", "Ludivine"
"ch052", "questionnaire", "", "", "ludivine", "Ludivine"
"ch052", "questionnaire", "", "", "ludivine", "Ludivine"
"ch052", "questionnaire", "", "", "suzette", "Suzette"
"ch052", "questionnaire", "", "", "vincent", "Vincent""Chapter", "Section", "Ref", "SameAs", "Key", "Place"
"ch053", "récit", "", "", "benoît", "Benoît"
"ch053", "récit", "", "", "benoît", "Benoît"
"ch053", "récit", "https://www.wikidata.org/wiki/Q372984", "", "Charles Lamb", "Charles Lamb"
"ch053", "récit", "", "", "françois", "François"
"ch053", "récit", "", "", "ludivine", "Ludivine"
"ch053", "récit", "", "", "m_valon", "M. Valon"
"ch053", "récit", "", "", "mme_valon", "Mme Valon"
"ch053", "récit", "", "", "mme_valon", "Mme Valon"
"ch053", "récit", "", "", "mme_valon", "Mme Valon"
"ch053", "récit", "", "", "suzette", "Suzette"
"ch053", "questionnaire", "", "", "benoît", "Benoît"
"ch053", "questionnaire", "", "", "ludivine", "Ludivine"
"ch053", "questionnaire", "", "", "mme_valon", "Mme Valon"
"ch053", "questionnaire", "", "", "mme_valon", "Mme Valon"
"ch053", "questionnaire", "", "", "suzette", "Suzette""Chapter", "Section", "Ref", "SameAs", "Key", "Place"
"ch054", "récit", "", "", "benoît", "Benoît"
"ch054", "récit", "", "", "", "Bo-ba"
"ch054", "récit", "", "", "", "Bo-ba"
"ch054", "récit", "", "", "", "Bo-ba"
"ch054", "récit", "", "", "", "Bo-ba"
"ch054", "récit", "", "", "", "Bo-ba"
"ch054", "récit", "", "", "", "Bo-ba"
"ch054", "récit", "", "", "françois", "François"
"ch054", "récit", "", "", "", "Ho-ti"
"ch054", "récit", "", "", "", "Ho-ti"
"ch054", "récit", "", "", "", "Ho-ti"
"ch054", "questionnaire", "", "", "", "Bo-ba"
"ch054", "questionnaire", "", "", "", "Bo-ba"
"ch054", "questionnaire", "", "", "", "Bo-ba"
"ch054", "questionnaire", "", "", "", "Ho-ti"
"ch054", "questionnaire", "", "", "m_valon", "M. Valon""Chapter", "Section", "Ref", "SameAs", "Key", "Place"
"ch055", "récit", "", "", "françois", "François"
"ch055", "récit", "", "", "jacques", "Jacques"
"ch055", "récit", "", "", "m_dumay", "M. Dumay"
"ch055", "récit", "", "", "m_dumay", "M. Dumay"
"ch055", "récit", "", "", "suzette", "Suzette"
"ch055", "récit", "", "", "suzette", "Suzette"
"ch055", "questionnaire", "", "", "jacques", "Jacques"
"ch055", "morale", "http://www.wikidata.org/entity/Q61058", "", "Ludwig Uhland", "Uhland"
"ch055", "géographie", "https://www.wikidata.org/wiki/Q431034", "", "Florence Baker", "Baker"
"ch055", "géographie", "https://www.wikidata.org/wiki/Q60141", "", "Heinrich Barth", "Barth"
"ch055", "géographie", "https://www.wikidata.org/wiki/Q125057", "", "Richard Francis Burton", "Burton"
"ch055", "géographie", "https://www.wikidata.org/wiki/Q368976", "", "", "Caillié"
"ch055", "géographie", "https://www.wikidata.org/wiki/Q919145", "", "Verney Lovett Cameron", "Cameron"
"ch055", "géographie", "https://www.wikidata.org/wiki/Q962836", "", "", "Duveyrier"
"ch055", "géographie", "https://www.wikidata.org/wiki/Q1351052", "", "James Augustus Grant", "Grant"
"ch055", "géographie", "https://www.wikidata.org/wiki/Q322885", "", "", "Lejean"
"ch055", "géographie", "https://www.wikidata.org/wiki/Q48373", "", "David Livingstone", "Livingstone"
"ch055", "géographie", "https://www.wikidata.org/wiki/Q1373527", "", "", "Mage"
"ch055", "géographie", "https://www.wikidata.org/wiki/Q60549", "", "Gustav Nachtigall", "Nachtigall"
"ch055", "géographie", "https://www.wikidata.org/wiki/Q67622", "", "Adolf Overweg", "Overweg"
"ch055", "géographie", "https://www.wikidata.org/wiki/Q182568", "", "James Richardson", "Richardson"
"ch055", "géographie", "https://www.wikidata.org/wiki/Q921705", "", "Alexandre de Serpa Pinto", "Serpa-Pinto"
"ch055", "géographie", "https://www.wikidata.org/wiki/Q2062504", "", "", "Soleillet"
"ch055", "géographie", "https://www.wikidata.org/wiki/Q125084", "", "John Hanning Speke", "Speke"
"ch055", "géographie", "https://www.wikidata.org/wiki/Q171421", "", "Henry Morton Stanley", "Stanley""Chapter", "Section", "Ref", "SameAs", "Key", "Place"
"ch056", "récit", "", "", "jacques", "Jacques"
"ch056", "récit", "", "", "jacques", "Jacques"
"ch056", "récit", "", "", "suzette", "Suzette"
"ch056", "récit", "", "", "suzette", "Suzette"
"ch056", "récit", "", "", "suzette", "Suzette"
"ch056", "questionnaire", "", "", "jacques", "Jacques"
"ch056", "questionnaire", "", "", "jacques", "Jacques"
"ch056", "questionnaire", "", "", "m_dumay", "M. Dumay"
"ch056", "questionnaire", "", "", "suzette", "Suzette"
"ch056", "questionnaire", "", "", "suzette", "Suzette"
"ch056", "composition", "http://www.wikidata.org/entity/Q15629176", "", "Louis Simonin", "SIMONIN"
"ch056", "géographie", "https://www.wikidata.org/wiki/Q32500", "", "", "Charles-Quint"
"ch056", "géographie", "https://www.wikidata.org/wiki/Q5599", "", "", "Rubens"
"ch056", "géographie", "https://www.wikidata.org/wiki/Q150679", "", "", "Van Dyck""Chapter", "Section", "Ref", "SameAs", "Key", "Place"
"ch057", "récit", "", "", "jacques", "Jacques"
"ch057", "récit", "", "", "m_dumay", "M. Dumay"
"ch057", "récit", "", "", "m_dumay", "M. Dumay"
"ch057", "récit", "", "", "sylvain", "Sylvain"
"ch057", "questionnaire", "", "", "jacques", "Jacques"
"ch057", "questionnaire", "", "", "m_dumay", "M. Dumay"
"ch057", "questionnaire", "", "", "m_dumay", "M. Dumay""Chapter", "Section", "Ref", "SameAs", "Key", "Place"
"ch058", "récit", "", "", "charlot", "Charlot"
"ch058", "récit", "", "", "françois", "François"
"ch058", "récit", "", "", "pascal", "Pascal"
"ch058", "récit", "", "", "pascal", "Pascal"
"ch058", "récit", "", "", "pascal", "Pascal"
"ch058", "récit", "", "", "suzette", "Suzette"
"ch058", "récit", "", "", "sylvain", "Sylvain"
"ch058", "récit", "", "", "sylvain", "Sylvain"
"ch058", "récit", "", "", "sylvain", "Sylvain"
"ch058", "récit", "", "", "sylvain", "Sylvain"
"ch058", "questionnaire", "", "", "charlot", "Charlot"
"ch058", "questionnaire", "", "", "françois", "François"
"ch058", "questionnaire", "", "", "pascal", "Pascal""Chapter", "Section", "Ref", "SameAs", "Key", "Place"
"ch059", "récit", "", "", "françois", "François"
"ch059", "récit", "", "", "jacques", "Jacques"
"ch059", "récit", "http://www.wikidata.org/entity/Q48373", "", "David Livingstone", "Livingstone"
"ch059", "récit", "http://www.wikidata.org/entity/Q48373", "", "David Livingstone", "Livingstone"
"ch059", "récit", "https://www.wikidata.org/wiki/Q48373", "", "", "Livingstone"
"ch059", "récit", "https://www.wikidata.org/wiki/Q48373", "", "", "Livingstone"
"ch059", "récit", "", "", "", "Mohammed"
"ch059", "récit", "", "", "", "Mohammed"
"ch059", "récit", "", "", "pascal", "Pascal"
"ch059", "récit", "", "", "suzette", "Suzette"
"ch059", "récit", "", "", "sylvain", "Sylvain"
"ch059", "récit", "", "", "sylvain", "Sylvain"
"ch059", "questionnaire", "", "", "jacques", "Jacques"
"ch059", "questionnaire", "http://www.wikidata.org/entity/Q48373", "", "David Livingstone", "Livingstone"
"ch059", "questionnaire", "https://www.wikidata.org/wiki/Q48373", "", "", "Livingstone"
"ch059", "questionnaire", "", "", "pascal", "Pascal"
"ch059", "questionnaire", "", "", "suzette", "Suzette"
"ch059", "questionnaire", "", "", "sylvain", "Sylvain"
"ch059", "morale", "http://www.wikidata.org/entity/Q48373", "", "David Livingstone", "Livingstone"
"ch059", "morale", "http://www.wikidata.org/entity/Q48373", "", "David Livingstone", "Livingstone"
"ch059", "morale", "http://www.wikidata.org/entity/Q48373", "", "David Livingstone", "Livingstone"
"ch059", "morale", "https://www.wikidata.org/wiki/Q48373", "", "", "Livingstone"
"ch059", "morale", "", "", "", "Livingstone"
"ch059", "morale", "https://www.wikidata.org/wiki/Q48373", "", "", "Livingstone"
"ch059", "morale", "http://www.wikidata.org/entity/Q319834", "", "Pierre Savorgnan de Brazza", "de Brazza"
"ch059", "morale", "https://www.wikidata.org/wiki/Q319834", "", "", "de Brazza""Chapter", "Section", "Ref", "SameAs", "Key", "Place"
"ch060", "récit", "", "", "jacques", "Jacques"
"ch060", "récit", "", "", "m_dumay", "M. Dumay"
"ch060", "récit", "", "", "sylvain", "Sylvain"
"ch060", "récit", "", "", "sylvain", "Sylvain"
"ch060", "récit", "", "", "sylvain", "Sylvain"
"ch060", "récit", "", "", "sylvain", "Sylvain"
"ch060", "questionnaire", "", "", "m_dumay", "M. Dumay"
"ch060", "questionnaire", "", "", "sylvain", "Sylvain"
"ch060", "sciences_naturelles", "https://www.wikidata.org/wiki/Q229264", "", "", "Buffon"
"ch060", "sciences_naturelles", "https://www.wikidata.org/wiki/Q2571091", "", "", "L. FIGUIER""Chapter", "Section", "Ref", "SameAs", "Key", "Place"
"ch061", "récit", "https://www.wikidata.org/wiki/Q48373", "", "David Livingstone", "Livingstone"
"ch061", "récit", "https://www.wikidata.org/wiki/Q6718112", "", "Mary Livingstone", "Mme LIVINGSTONE."
"ch061", "récit", "", "", "pascal", "Pascal"
"ch061", "récit", "", "", "suzette", "Suzette"
"ch061", "récit", "", "", "suzette", "Suzette."
"ch061", "récit", "", "", "sylvain", "Sylvain"
"ch061", "récit", "", "", "sylvain", "Sylvain"
"ch061", "questionnaire", "https://www.wikidata.org/wiki/Q6718112", "", "Mary Livingston", "Mme Livingstone"
"ch061", "questionnaire", "", "", "pascal", "Pascal"
"ch061", "questionnaire", "", "", "suzette", "Suzette"
"ch061", "morale", "https://www.wikidata.org/wiki/Q431034", "", "Florence Baker", "Baker"
"ch061", "morale", "https://www.wikidata.org/wiki/Q451969", "", "Anne Blunt", "Blount"
"ch061", "morale", "https://www.wikidata.org/wiki/Q78873", "", "", "Ida Pfeiffer"
"ch061", "morale", "https://www.wikidata.org/wiki/Q6718112", "", "", "Mme Livingstone"
"ch061", "morale", "https://www.wikidata.org/wiki/Q6718112", "", "Mary Livingstone", "Mme Livingstone"
"ch061", "morale", "https://www.wikidata.org/wiki/Q62274528", "", "Marie de Ujfalvy-Bourdon", "Mme d'Ujfalvy""Chapter", "Section", "Ref", "SameAs", "Key", "Place"
"ch062", "récit", "", "", "m_dumay", "Dumay"
"ch062", "récit", "https://www.wikidata.org/wiki/Q368976", "", "", "René Caillié"
"ch062", "récit", "https://www.wikidata.org/wiki/Q368976", "", "", "René Caillié"
"ch062", "récit", "", "", "sylvain", "Sylvain"
"ch062", "récit", "", "", "sylvain", "Sylvain"
"ch062", "questionnaire", "", "", "pascal", "Pascal"
"ch062", "questionnaire", "", "", "pascal", "Pascal"
"ch062", "questionnaire", "https://www.wikidata.org/wiki/Q368976", "", "", "René Caillié "
"ch062", "questionnaire", "", "", "sylvain", "Sylvain"
"ch062", "sciences_naturelles", "https://www.wikidata.org/wiki/Q618902", "", "", "BOUCHARDAT""Chapter", "Section", "Ref", "SameAs", "Key", "Place"
"ch063", "questionnaire", "", "", "pascal", "Pascal""Chapter", "Section", "Ref", "SameAs", "Key", "Place"
"ch064", "récit", "https://www.wikidata.org/wiki/Q179680", "", "", "A. DE MUSSET"
"ch064", "récit", "", "", "pascal", "Pascal"
"ch064", "récit", "", "", "suzette", "Suzette"
"ch064", "récit", "", "", "suzette", "Suzette"
"ch064", "récit", "", "", "sylvain", "Sylvain"
"ch064", "récit", "", "", "sylvain", "Sylvain"
"ch064", "questionnaire", "", "", "pascal", "Pascal"
"ch064", "questionnaire", "", "", "sylvain", "Sylvain"
"ch064", "français", "https://www.wikidata.org/wiki/Q324998", "", "", "BÉRANGER"
"ch064", "français", "https://www.wikidata.org/wiki/Q188697", "", "", "LAMARTINE"
"ch064", "français", "https://www.wikidata.org/wiki/Q2958057", "", "", "PANARD"
"ch064", "français", "https://www.wikidata.org/wiki/Q2958057", "", "", "PANARD"
"ch064", "français", "https://www.wikidata.org/wiki/Q742", "", "", "RACINE"
"ch064", "français", "https://www.wikidata.org/wiki/Q2067096", "", "", "REBOUL"
"ch064", "composition", "", "", "", "E LAPORTE"
"ch064", "sciences_naturelles", "https://www.wikidata.org/wiki/Q1523", "", "", "Ramsès le Grand""Chapter", "Section", "Ref", "SameAs", "Key", "Place"
"ch065", "récit", "https://www.wikidata.org/wiki/Q319834", "", "Pierre Savorgnan de Brazza", "Brazza"
"ch065", "récit", "https://www.wikidata.org/wiki/Q368976", "", "René Caillié", "Caillié"
"ch065", "récit", "", "", "jacques", "Jacques"
"ch065", "récit", "", "", "jacques", "Jacques"
"ch065", "récit", "https://www.wikidata.org/wiki/Q48373", "", "David Livingstone", "Livingstone"
"ch065", "récit", "", "", "m_dumay", "M. Dumay"
"ch065", "récit", "https://www.wikidata.org/wiki/Q2062504", "", "Paul Soleillet", "Soleillet"
"ch065", "récit", "https://www.wikidata.org/wiki/Q171421", "", "Henry Morton Stanley", "Stanley"
"ch065", "récit", "", "", "suzette", "Suzette"
"ch065", "questionnaire", "", "", "m_dumay", "M. Dumay"
"ch065", "questionnaire", "", "", "pascal", "Pascal""Chapter", "Section", "Ref", "SameAs", "Key", "Place"
"ch066", "récit", "", "", "jacques", "Jacques"
"ch066", "récit", "", "", "jacques", "Jacques"
"ch066", "récit", "", "", "jacques", "Jacques"
"ch066", "récit", "", "", "jacques", "M. Dumay"
"ch066", "récit", "", "", "jacques", "M. Dumay"
"ch066", "récit", "", "", "m_dumay", "M. Dumay"
"ch066", "récit", "", "", "m_dumay", "M. Dumay"
"ch066", "récit", "", "", "pascal", "Pascal"
"ch066", "récit", "", "", "pascal", "Pascal"
"ch066", "récit", "", "", "pascal", "Pascal"
"ch066", "récit", "", "", "suzette", "Suzette"
"ch066", "questionnaire", "", "", "jacques", "Jacques"
"ch066", "questionnaire", "", "", "pascal", "M. Dumay"
"ch066", "questionnaire", "", "", "m_dumay", "M. Dumay"
"ch066", "questionnaire", "", "", "pascal", "Pascal"
"ch066", "questionnaire", "", "", "pascal", "Pascal"
"ch066", "composition", "", "", "", "E. LAPORTE""Chapter", "Section", "Ref", "SameAs", "Key", "Place"
"ch067", "récit", "", "", "", "De Brazza"
"ch067", "récit", "", "", "jacques", "Jacques"
"ch067", "récit", "", "", "m_dumay", "M. Dumay"
"ch067", "récit", "https://www.wikidata.org/wiki/Q6718112", "", "Mary Livingstone", "Mme Livingstone"
"ch067", "récit", "", "", "pascal", "Pascal"
"ch067", "récit", "", "", "pascal", "Pascal"
"ch067", "récit", "", "", "pascal", "Pascal"
"ch067", "récit", "", "", "sylvain", "Sylvain"
"ch067", "récit", "", "", "sylvain", "Sylvain"
"ch067", "récit", "", "", "sylvain", "Sylvain"
"ch067", "récit", "https://www.wikidata.org/wiki/Q319834", "", "Pierre Savorgnan de Brazza", "de Brazza"
"ch067", "questionnaire", "", "", "m_dumay", "Dumay"
"ch067", "questionnaire", "", "", "jacques", "Jacques"
"ch067", "questionnaire", "", "", "pascal", "Pascal"
"ch067", "questionnaire", "", "", "pascal", "Pascal"
"ch067", "questionnaire", "", "", "sylvain", "Sylvain"
"ch067", "morale", "", "", "pascal", "Pascal"
"ch067", "morale", "", "", "pascal", "Pascal"
"ch067", "morale", "", "", "sylvain", "Sylvain"
"ch067", "géographie", "http://www.wikidata.org/entity/Q431034", "", "Florence Baker", "Baker"
"ch067", "géographie", "https://www.wikidata.org/wiki/Q60141", "", "Heinrich Barth", "Barth"
"ch067", "géographie", "http://www.wikidata.org/entity/Q348489", "", "James Bruce", "Bruce"
"ch067", "géographie", "http://www.wikidata.org/entity/Q125057", "", "Richard Francis Burton", "Burton"
"ch067", "géographie", "http://www.wikidata.org/entity/Q967538", "", "Frédéric Cailliaud", "Caillaud"
"ch067", "géographie", "https://www.wikidata.org/wiki/Q919145", "", "Verney Lovett Cameron", "Cameron"
"ch067", "géographie", "https://www.wikidata.org/wiki/Q15984051", "", "Victor Colonieu", "Colomieu"
"ch067", "géographie", "https://www.wikidata.org/wiki/Q749495", "", "Paul du Chaillu", "Du Chaillu"
"ch067", "géographie", "https://www.wikidata.org/wiki/Q962836", "", "Henri Duveyrier", "Duveyrier"
"ch067", "géographie", "https://www.wikidata.org/wiki/Q17577", "", "Joseph Gallieni", "Galliéni"
"ch067", "géographie", "http://www.wikidata.org/entity/Q1351052", "", "James Augustus Grant", "Grant"
"ch067", "géographie", "https://www.wikidata.org/wiki/Q63209", "", "Gerhard Friedrich Rohlfs", "Gérard Rohlfs"
"ch067", "géographie", "https://www.wikidata.org/wiki/Q11954686", "", "Victor Largeau", "Largeau"
"ch067", "géographie", "http://www.wikidata.org/entity/Q322885", "", "Guillaume Lejean", "Lejean"
"ch067", "géographie", "https://www.wikidata.org/wiki/Q79040", "", "Oskar Lenz", "Lenz"
"ch067", "géographie", "https://www.wikidata.org/wiki/Q48373", "", "David Livingstone", "Livingstone"
"ch067", "géographie", "https://www.wikidata.org/wiki/Q1373527", "", "Eugène Mage", "Mage"
"ch067", "géographie", "https://www.wikidata.org/wiki/Q3293836", "", "Marius Moustier", "Moutier"
"ch067", "géographie", "https://www.wikidata.org/wiki/Q219086", "", "Mungo Park", "Mungo-Park"
"ch067", "géographie", "http://www.wikidata.org/entity/Q60549", "", "Gustav Nachtigal", "Nachtigal"
"ch067", "géographie", "https://www.wikidata.org/wiki/Q67622", "", "Adolf Overweg", "Overweg"
"ch067", "géographie", "https://www.wikidata.org/wiki/Q1290", "", "Blaise Pascal", "Pascal"
"ch067", "géographie", "http://www.wikidata.org/entity/Q4673709", "", "Achille Raffray", "Raffray"
"ch067", "géographie", "https://www.wikidata.org/wiki/Q368976", "", "René Caillié", "René Caillié"
"ch067", "géographie", "https://www.wikidata.org/wiki/Q182568", "", "James Richardson", "Richardson"
"ch067", "géographie", "http://www.wikidata.org/entity/Q319834", "", "Pierre Savorgnan de Brazza", "Savorgnan de Brazza"
"ch067", "géographie", "https://www.wikidata.org/wiki/Q22573316", "", "Louis Say", "Say"
"ch067", "géographie", "http://www.wikidata.org/entity/Q63126", "", "Georg August Schweinfurth", "Schweinfurth"
"ch067", "géographie", "https://www.wikidata.org/wiki/Q921705", "", "Alexandre de Serpa Pinto", "Serpa Pinto"
"ch067", "géographie", "https://www.wikidata.org/wiki/Q4777625", "", "António da Silva Porto", "Silva-Porto"
"ch067", "géographie", "https://www.wikidata.org/wiki/Q2062504", "", "Paul Soleillet", "Soleillet"
"ch067", "géographie", "http://www.wikidata.org/entity/Q125084", "", "John Hanning Speke", "Speke"
"ch067", "géographie", "http://www.wikidata.org/entity/Q125084", "", "John Hanning Speke", "Speke"
"ch067", "géographie", "https://www.wikidata.org/wiki/Q171421", "", "Hnery Morton Stanley", "Stanley"
"ch067", "géographie", "http://www.wikidata.org/entity/Q3387189", "", "Pierre Trémaux", "Trémeaux"
"ch067", "géographie", "http://www.wikidata.org/entity/Q466093", "", "Constantin-François Chassebœuf", "Volney"
"ch067", "géographie", "https://www.wikidata.org/wiki/Q124305", "", "Josua Zweifel", "Zweitfel"
"ch067", "géographie", "https://www.wikidata.org/wiki/Q675579", "", "Paul Flatters", "colonel Flatters""Chapter", "Section", "Ref", "SameAs", "Key", "Place"
"ch068", "récit", "http://www.wikidata.org/entity/Q319834", "", "Pierre Savorgnan de Brazza", "Brazza"
"ch068", "récit", "", "", "jacques", "Jacques"
"ch068", "récit", "http://www.wikidata.org/entity/Q48373", "", "David Livingstone", "Livingstone"
"ch068", "récit", "", "", "pascal", "Pascal"
"ch068", "récit", "", "", "pascal", "Pascal"
"ch068", "récit", "", "", "pascal", "Pascal"
"ch068", "récit", "http://www.wikidata.org/entity/Q171421", "", "Henry Morton Stanley", "Stanley"
"ch068", "récit", "", "", "suzette", "Suzette"
"ch068", "récit", "", "", "sylvain", "Sylvain"
"ch068", "récit", "", "", "sylvain", "Sylvain"
"ch068", "récit", "", "", "sylvain", "Sylvain"
"ch068", "récit", "", "", "sylvain", "Sylvain"
"ch068", "questionnaire", "", "", "jacques", "Jacques"
"ch068", "questionnaire", "", "", "m_dumay", "M. Dumay"
"ch068", "questionnaire", "", "", "pascal", "Pascal"
"ch068", "questionnaire", "", "", "pascal", "Pascal"
"ch068", "questionnaire", "", "", "sylvain", "Sylvain"
"ch068", "questionnaire", "", "", "sylvain", "Sylvain"
"ch068", "morale", "", "", "", "Mme de Lambert"
"ch068", "composition", "http://www.wikidata.org/entity/Q1401", "", "Petrarch", "Pétrarque""Chapter", "Section", "Ref", "SameAs", "Key", "Place"
"ch069", "récit", "", "", "charlot", "Charlot"
"ch069", "récit", "", "", "françois", "François"
"ch069", "récit", "", "", "françois", "François"
"ch069", "récit", "", "", "jacques", "Jacques"
"ch069", "récit", "", "", "m_dumay", "M. Dumay"
"ch069", "récit", "", "", "marthe", "Marthe Dumay"
"ch069", "récit", "", "", "pascal", "Pascal"
"ch069", "récit", "", "", "pascal", "Pascal"
"ch069", "récit", "", "", "suzette", "Suzette"
"ch069", "récit", "", "", "suzette", "Suzette"
"ch069", "récit", "", "", "mme_richard", "madame Richard"
"ch069", "questionnaire", "", "", "m_dumay", "M. Dumay"
"ch069", "questionnaire", "", "", "pascal", "Pascal"
"ch069", "questionnaire", "", "", "pascal", "Pascal"
"ch069", "questionnaire", "", "", "suzette", "Suzette"
"ch069", "morale", "", "", "pascal", "Pascal"
"ch069", "morale", "", "", "pascal", "Pascal"
"ch069", "morale", "", "", "pascal", "Pascal"
"ch069", "composition", "", "", "", "E. LAPORTE"
"ch069", "composition", "", "", "pascal", "Pascal"
"ch069", "composition", "", "", "pascal", "Pascal"
"ch069", "composition", "", "", "suzette", "Suzette"
"ch069", "hygiène", "", "", "", "M. Lévy""Chapter", "Section", "Ref", "SameAs", "Key", "Place"
"ch070", "récit", "", "", "charlot", "Charlot"
"ch070", "récit", "", "", "françois", "François"
"ch070", "récit", "", "", "jacques", "Jacques"
"ch070", "récit", "", "", "m_dumay", "M. Dumay"
"ch070", "récit", "", "", "pascal", "Pascal"
"ch070", "récit", "", "", "suzette", "Suzette"
"ch070", "récit", "", "", "sylvain", "Sylvain"
"ch070", "récit", "", "", "sylvain", "Sylvain"
"ch070", "récit", "", "", "sylvain", "Sylvain"
"ch070", "questionnaire", "", "", "m_dumay", "M. Dumay"
"ch070", "questionnaire", "", "", "sylvain", "Sylvain""Chapter", "Section", "Ref", "SameAs", "Key", "Place"
"ch071", "récit", "", "", "charlot", "Charlot"
"ch071", "récit", "", "", "françois", "François"
"ch071", "récit", "", "", "jacques", "Jacques"
"ch071", "récit", "", "", "jacques", "Jacques"
"ch071", "récit", "http://www.wikidata.org/entity/Q3188643", "", "Jules Gérard", "Jules Gérard"
"ch071", "récit", "http://www.wikidata.org/entity/Q3188643", "", "Jules Gérard", "Jules Gérard"
"ch071", "récit", "", "", "m_cartier", "M. Cartier"
"ch071", "récit", "", "", "m_dumay", "M. Dumay"
"ch071", "récit", "", "", "m_dumay", "M. Dumay"
"ch071", "récit", "", "", "m_dumay", "M. Dumay"
"ch071", "récit", "", "", "suzette", "Suzette"
"ch071", "récit", "", "", "sylvain", "Sylvain"
"ch071", "questionnaire", "", "", "charlot", "Charlot"
"ch071", "questionnaire", "", "", "françois", "François"
"ch071", "questionnaire", "", "", "jacques", "Jacques"
"ch071", "questionnaire", "", "", "pascal", "Pascal"
"ch071", "questionnaire", "", "", "pascal", "Pascal"
"ch071", "questionnaire", "", "", "sylvain", "Sylvain"
"ch071", "questionnaire", "", "", "sylvain", "Sylvain"
"ch071", "questionnaire", "", "", "sylvain", "Sylvain"
"ch071", "composition", "http://www.wikidata.org/entity/Q512602", "", "Androcles", "Androclès"
"ch071", "composition", "http://www.wikidata.org/entity/Q512602", "", "Androcles", "Androclès"
"ch071", "composition", "http://www.wikidata.org/entity/Q512602", "", "Androcles", "Androclès"
"ch071", "composition", "http://www.wikidata.org/entity/Q512602", "", "Androcles", "Androclès"
"ch071", "composition", "http://www.wikidata.org/entity/Q512602", "", "Androcles", "Androclès"
"ch071", "composition", "http://www.wikidata.org/entity/Q512602", "", "Androcles", "Androclès""Chapter", "Section", "Ref", "SameAs", "Key", "Place"
"ch072", "récit", "http://www.wikidata.org/entity/Q32500", "", "Charles V", "Charles-Quint"
"ch072", "récit", "", "", "jacques", "Jacques"
"ch072", "récit", "", "", "jacques", "Jacques"
"ch072", "récit", "http://www.wikidata.org/entity/Q7742", "", "Louis XIV of France", "Louis XIV"
"ch072", "récit", "", "", "pascal", "Pascal"
"ch072", "récit", "", "", "pascal", "Pascal"
"ch072", "récit", "", "", "suzette", "Suzette"
"ch072", "questionnaire", "", "", "jacques", "Jacques"
"ch072", "questionnaire", "", "", "jacques", "Jacques"
"ch072", "questionnaire", "", "", "pascal", "Pascal"
"ch072", "questionnaire", "", "", "suzette", "Suzette"
"ch072", "questionnaire", "", "", "suzette", "Suzette"
"ch072", "histoire", "http://www.wikidata.org/entity/Q332586", "", "Pierre Adolphe Chéruel", "CHÉRUEL"
"ch072", "histoire", "http://www.wikidata.org/entity/Q151120", "", "Charles the Bold", "Charles le Téméraire"
"ch072", "histoire", "http://www.wikidata.org/entity/Q32500", "", "Charles V", "Charles-Quint"
"ch072", "histoire", "http://www.wikidata.org/entity/Q32500", "", "Charles V", "Charles-Quint"
"ch072", "histoire", "http://www.wikidata.org/entity/Q12860", "", "Ferdinand II of Aragon", "Ferdinand"
"ch072", "histoire", "http://www.wikidata.org/entity/Q129857", "", "Francis I of France", "François Ier"
"ch072", "histoire", "http://www.wikidata.org/entity/Q132545", "", "Henry II of France", "Henri II"
"ch072", "histoire", "http://www.wikidata.org/entity/Q171136", "", "Juana I of Castile", "Jeanne la Folle"
"ch072", "histoire", "http://www.wikidata.org/entity/Q157073", "", "Mary of Burgundy", "Marie de Bourgogne"
"ch072", "histoire", "http://www.wikidata.org/entity/Q157098", "", "Philip I of Castile", "Philippe le Beau"
"ch072", "histoire", "http://www.wikidata.org/entity/Q26702", "", "Armand-Jean du Plessis, duc de Richelieu", "Richelieu""Chapter", "Section", "Ref", "SameAs", "Key", "Place"
"ch073", "récit", "http://www.wikidata.org/entity/Q34969", "", "Benjamin Franklin", "Franklin"
"ch073", "récit", "http://www.wikidata.org/entity/Q34969", "", "Benjamin Franklin", "Franklin"
"ch073", "récit", "http://www.wikidata.org/entity/Q3121274", "", "Gustave Nadaud", "G. NADAUD"
"ch073", "récit", "", "", "mme_richard", "Mme Richard"
"ch073", "récit", "", "", "pascal", "Pascal"
"ch073", "récit", "", "", "sylvain", "Sylvain"
"ch073", "questionnaire", "", "", "pascal", "Pascal""Chapter", "Section", "Ref", "SameAs", "Key", "Place"
"ch074", "récit", "", "", "m_dumay", "Denis"
"ch074", "récit", "", "", "mme_richard", "Jeanne"
"ch074", "récit", "", "", "mme_richard", "Jeanne"
"ch074", "récit", "", "", "louis", "Louis"
"ch074", "récit", "http://www.wikidata.org/entity/Q7732", "", "Louis XVI of France", "Louis XVI"
"ch074", "récit", "", "", "m_cartier", "M. Cartier"
"ch074", "récit", "", "", "m_dumay", "M. Dumay"
"ch074", "récit", "", "", "m_dumay", "M. Dumay"
"ch074", "récit", "", "", "m_dumay", "M. Dumay"
"ch074", "récit", "", "", "marthe", "Marthe"
"ch074", "récit", "", "", "pascal", "Pascal"
"ch074", "récit", "", "", "suzette", "Suzette"
"ch074", "récit", "", "", "suzette", "Suzette"
"ch074", "récit", "", "", "sylvain", "Sylvain"
"ch074", "questionnaire", "", "", "m_dumay", "M. Dumay"
"ch074", "questionnaire", "", "", "mme_richard", "Mme Richard"
"ch074", "questionnaire", "", "", "mme_richard", "Mme Richard"
"ch074", "questionnaire", "", "", "mme_richard", "Mme Richard"
"ch074", "questionnaire", "", "", "mme_richard", "Mme Richard"
"ch074", "questionnaire", "", "", "suzette", "Suzette"
"ch074", "questionnaire", "", "", "sylvain", "Sylvain"
"ch074", "questionnaire", "", "", "", "Duval"
"ch074", "questionnaire", "http://www.wikidata.org/entity/Q2279426", "", "Jean Charles Dominique de Lacretelle", "LACRETELLE"
"ch074", "questionnaire", "http://www.wikidata.org/entity/Q7732", "", "Louis XVI of France", "Louis XVI"
"ch074", "questionnaire", "", "", "", "Louis XVI"
"ch074", "questionnaire", "http://www.wikidata.org/entity/Q7738", "", "Louis XV of France", "Louis XV"
"ch074", "questionnaire", "http://www.wikidata.org/entity/Q463728", "", "Louis de Rouvroy, duc de Saint-Simon", "Saint-Simon"
"ch074", "questionnaire", "http://www.wikidata.org/entity/Q221303", "", "Anne Robert Jacques Turgot", "TURGOT"
"ch074", "questionnaire", "http://www.wikidata.org/entity/Q221303", "", "Anne Robert Jacques Turgot", "Turgot"
"ch074", "questionnaire", "http://www.wikidata.org/entity/Q221303", "", "Anne Robert Jacques Turgot", "Turgot"
"ch074", "questionnaire", "http://www.wikidata.org/entity/Q221303", "", "Anne Robert Jacques Turgot", "Turgot"
"ch074", "questionnaire", "http://www.wikidata.org/entity/Q439144", "", "André-Hercule de Fleury", "cardinal Fleury"
"ch074", "questionnaire", "http://www.wikidata.org/entity/Q1363436", "", "Marc Pierre de Voyer de Paulmy d'Argenson", "comte d'Argenson"
"ch074", "questionnaire", "http://www.wikidata.org/entity/Q348183", "", "Louis Philippe I, Duke of Orléans", "duc d'Orléans"
"ch074", "questionnaire", "http://www.wikidata.org/entity/Q128538", "", "Luke the Evangelist", "saint Luc""Chapter", "Section", "Ref", "SameAs", "Key", "Place"
"ch075", "récit", "", "", "jacques", "Jacques"
"ch075", "récit", "", "", "m_dumay", "M.Dumay"
"ch075", "récit", "", "", "m_dumay", "M.Dumay"
"ch075", "récit", "", "", "mme_valon", "Mme. Valon"
"ch075", "récit", "", "", "suzette", "Suzette"
"ch075", "récit", "", "", "suzette", "Suzette"
"ch075", "récit", "", "", "suzette", "Suzette"
"ch075", "récit", "", "", "suzette", "Suzette"
"ch075", "questionnaire", "", "", "m_dumay", "M.Dumay"
"ch075", "questionnaire", "", "", "mme_valon", "Mme Valon"
"ch075", "questionnaire", "", "", "suzette", "Suzette"
"ch075", "questionnaire", "", "", "suzette", "Suzette"
"ch075", "questionnaire", "", "", "suzette", "Suzette"
"ch075", "composition", "", "", "jacques", "Jacques"
"ch075", "composition", "", "", "mme_valon", "Mme Valon"
"ch075", "composition", "", "", "suzette", "Suzette"
"ch075", "composition", "", "", "suzette", "Suzette"
"ch075", "composition", "", "", "suzette", "Suzette""Chapter", "Section", "Ref", "SameAs", "Key", "Place"
"ch076", "récit", "", "", "charlot", "Charlot"
"ch076", "récit", "", "", "charlot", "Charlot"
"ch076", "récit", "", "", "françois", "François"
"ch076", "récit", "", "", "françois", "François"
"ch076", "récit", "", "", "françois", "François"
"ch076", "récit", "", "", "jacques", "Jacques"
"ch076", "récit", "", "", "jacques", "Jacques"
"ch076", "récit", "", "", "ludivine", "Ludivine"
"ch076", "récit", "", "", "ludivine", "Ludivine"
"ch076", "récit", "", "", "ludivine", "Ludivine"
"ch076", "récit", "", "", "m_dumay", "M.Dumay"
"ch076", "récit", "", "", "mme_valon", "Mme Valon"
"ch076", "récit", "", "", "suzette", "Suzette"
"ch076", "récit", "", "", "suzette", "Suzette"
"ch076", "questionnaire", "", "", "jacques", "Jacques"
"ch076", "questionnaire", "", "", "ludivine", "Ludivine"
"ch076", "questionnaire", "", "", "ludivine", "Ludivine"
"ch076", "questionnaire", "", "", "m_dumay", "M.Dumay"
"ch076", "questionnaire", "", "", "suzette", "Suzette"
"ch076", "questionnaire", "", "", "suzette", "Suzette"
"ch076", "complexe", "", "", "", "L. TABOURY"
"ch076", "complexe", "", "", "", "MONSIEUR ROBERT""Chapter", "Section", "Ref", "SameAs", "Key", "Place"
"ch077", "récit", "", "", "ludivine", "Ludivine"
"ch077", "récit", "", "", "ludivine", "Ludivine"
"ch077", "récit", "", "", "ludivine", "Ludivine"
"ch077", "récit", "", "", "ludivine", "Ludivine"
"ch077", "récit", "", "", "ludivine", "Ludivine"
"ch077", "récit", "", "", "suzette", "Suzette"
"ch077", "récit", "", "", "suzette", "Suzette"
"ch077", "récit", "", "", "suzette", "Suzette"
"ch077", "récit", "", "", "suzette", "Suzette"
"ch077", "récit", "", "", "suzette", "Suzette"
"ch077", "récit", "", "", "suzette", "Suzette"
"ch077", "questionnaire", "", "", "ludivine", "Ludivine"
"ch077", "questionnaire", "", "", "ludivine", "Ludivine"
"ch077", "questionnaire", "", "", "ludivine", "Ludivine"
"ch077", "questionnaire", "", "", "ludivine", "Ludivine"
"ch077", "composition", "", "", "", "E. LAPORTE""Chapter", "Section", "Ref", "SameAs", "Key", "Place"
"ch078", "récit", "", "", "louis", "Louis"
"ch078", "récit", "", "", "louis", "Louis"
"ch078", "récit", "", "", "louis", "Louis"
"ch078", "récit", "", "", "marthe", "Marthe"
"ch078", "récit", "", "", "marthe", "Marthe"
"ch078", "récit", "", "", "mme_valon", "Mme Valon"
"ch078", "récit", "", "", "mme_valon", "Mme Valon"
"ch078", "récit", "", "", "pascal", "Pascal"
"ch078", "récit", "", "", "pascal", "Pascal"
"ch078", "récit", "", "", "suzette", "SUZANNE"
"ch078", "questionnaire", "", "", "louis", "Louis"
"ch078", "questionnaire", "", "", "marthe", "Marthe"
"ch078", "questionnaire", "", "", "pascal", "Pascal"
"ch078", "questionnaire", "", "", "suzette", "Suzette"
"ch078", "questionnaire", "", "", "suzette", "Suzette"
"ch078", "questionnaire", "", "", "suzette", "Suzette"
"ch078", "civilité", "http://www.wikidata.org/entity/Q332487", "", "Philip Stanhope", "LORD CHESTERFIELD""Chapter", "Section", "Ref", "SameAs", "Key", "Place"
"ch079", "récit", "http://www.wikidata.org/entity/Q131552", "", "Catherine de' Medici", "Catherine de Médicis"
"ch079", "récit", "http://www.wikidata.org/entity/Q143046", "", "Étienne Marcel", "Etienne Marcel"
"ch079", "récit", "http://www.wikidata.org/entity/Q441714", "", "Jean Eudes", "Eudes"
"ch079", "récit", "http://www.wikidata.org/entity/Q65963804", "", "François Ier de La Rochefoucauld", "François Ier"
"ch079", "récit", "http://www.wikidata.org/entity/Q711295", "", "Gozlin, Count of Bidgau", "Gozlin"
"ch079", "récit", "", "", "mme_richard", "Jeanne"
"ch079", "récit", "", "", "louis", "Louis"
"ch079", "récit", "", "", "louis", "Louis"
"ch079", "récit", "", "", "marthe", "Marthe"
"ch079", "récit", "http://www.wikidata.org/entity/Q310791", "", "Jules Michelet", "Michelet"
"ch079", "récit", "", "", "mme_richard", "Mme Richard"
"ch079", "récit", "", "", "pascal", "Pascal"
"ch079", "récit", "", "", "pascal", "Pascal"
"ch079", "récit", "", "", "pascal", "Pascal"
"ch079", "récit", "", "", "suzette", "Suzette"
"ch079", "récit", "http://www.wikidata.org/entity/Q346", "", "Louis IX of France", "saint Louis"
"ch079", "questionnaire", "http://www.wikidata.org/entity/Q143046", "", "Étienne Marcel", "Etienne Marcel"
"ch079", "questionnaire", "http://www.wikidata.org/entity/Q441714", "", "Jean Eudes", "Eudes"
"ch079", "questionnaire", "http://www.wikidata.org/entity/Q65963804", "", "François Ier de La Rochefoucauld", "François Ier"
"ch079", "questionnaire", "http://www.wikidata.org/entity/Q711295", "", "Gozlin, Count of Bidgau", "Gozlin"
"ch079", "questionnaire", "http://www.wikidata.org/entity/Q98674678", "", "Michelet", "Michelet"
"ch079", "questionnaire", "", "", "suzette", "Suzette"
"ch079", "histoire", "http://www.wikidata.org/entity/Q143046", "", "Étienne Marcel", "Etienne Marcel"
"ch079", "histoire", "http://www.wikidata.org/entity/Q143046", "", "Étienne Marcel", "Etienne Marcel"
"ch079", "histoire", "http://www.wikidata.org/entity/Q441714", "", "Jean Eudes", "Eudes"
"ch079", "histoire", "http://www.wikidata.org/entity/Q65963804", "", "François Ier de La Rochefoucauld", "François Ier"
"ch079", "histoire", "http://www.wikidata.org/entity/Q7738", "", "Louis XV of France", "Louis XV"
"ch079", "histoire", "http://www.wikidata.org/entity/Q7771", "", "Louis-Philippe I", "Louis-Philippe"
"ch079", "histoire", "http://www.wikidata.org/entity/Q7721", "", "Napoleon III", "Napoléon III"
"ch079", "histoire", "http://www.wikidata.org/entity/Q1314747", "", "Pierre de Montreuil", "Pierre de Montereau"
"ch079", "histoire", "http://www.wikidata.org/entity/Q346", "", "Louis IX of France", "Saint Louis"
"ch079", "histoire", "http://www.wikidata.org/entity/Q38022", "", "St. Louis", "saint Louis"
"ch079", "histoire", "http://www.wikidata.org/entity/Q346", "", "Louis IX of France", "saint Louis""Chapter", "Section", "Ref", "SameAs", "Key", "Place"
"ch080", "récit", "", "", "louis", "Louis"
"ch080", "récit", "", "", "suzette", "Suzette"
"ch080", "histoire", "http://www.wikidata.org/entity/Q131552", "", "Catherine de' Medici", "Catherine de Médicis"
"ch080", "histoire", "http://www.wikidata.org/entity/Q129857", "", "Francis I of France", "François Ier"
"ch080", "histoire", "http://www.wikidata.org/entity/Q310002", "", "François Fénelon", "Fénelon"
"ch080", "histoire", "http://www.wikidata.org/entity/Q936976", "", "Henry IV of France", "Henri IV"
"ch080", "histoire", "http://www.wikidata.org/entity/Q132545", "", "Henry II of France", "Henri II"
"ch080", "histoire", "http://www.wikidata.org/entity/Q737533", "", "Louis XIII of France", "Louis XIII"
"ch080", "histoire", "http://www.wikidata.org/entity/Q7742", "", "Louis XIV of France", "Louis XIV"
"ch080", "histoire", "http://www.wikidata.org/entity/Q7742", "", "Louis XIV of France", "Louis XIV"
"ch080", "histoire", "http://www.wikidata.org/entity/Q517", "", "Napoleon", "Napoléon"
"ch080", "histoire", "http://www.wikidata.org/entity/Q7721", "", "Napoleon III", "Napoléon III"
"ch080", "histoire", "http://www.wikidata.org/entity/Q381724", "", "Pierre Lescot", "P. Lescot"
"ch080", "histoire", "http://www.wikidata.org/entity/Q347699", "", "Claude Perrault", "Perrault"
"ch080", "histoire", "http://www.wikidata.org/entity/Q440053", "", "Philibert de l'Orme", "Philibert Delorme"
"ch080", "histoire", "http://www.wikidata.org/entity/Q442205", "", "Concino Concini", "maréchal d'Ancre"
"ch080", "géographie", "http://www.wikidata.org/entity/Q260", "", "Jean-François Champollion", "Champollion""Chapter", "Section", "Ref", "SameAs", "Key", "Place"
"ch081", "récit", "", "", "louis", "Louis"
"ch081", "récit", "", "", "louis", "Louis"
"ch081", "récit", "http://www.wikidata.org/entity/Q7742", "", "Louis XIV of France", "Louis XIV"
"ch081", "récit", "", "", "marthe", "Marthe"
"ch081", "récit", "", "", "pascal", "Pascal"
"ch081", "questionnaire", "", "", "louis", "Louis"
"ch081", "questionnaire", "", "", "pascal", "Pascal"
"ch081", "questionnaire", "", "", "suzette", "Suzette"
"ch081", "histoire", "http://www.wikidata.org/entity/Q3090458", "", "Libéral Bruant", "Bruant"
"ch081", "histoire", "http://www.wikidata.org/entity/Q53448", "", "Henry III of France", "Henri III"
"ch081", "histoire", "http://www.wikidata.org/entity/Q936976", "", "Henry IV of France", "Henri IV"
"ch081", "histoire", "http://www.wikidata.org/entity/Q737533", "", "Louis XIII of France", "Louis XIII"
"ch081", "histoire", "http://www.wikidata.org/entity/Q7742", "", "Louis XIV of France", "Louis XIV"
"ch081", "histoire", "http://www.wikidata.org/entity/Q7742", "", "Louis XIV of France", "Louis XIV"
"ch081", "histoire", "http://www.wikidata.org/entity/Q7742", "", "Louis XIV of France", "Louis XIV"
"ch081", "histoire", "", "", "", "Louis XIV"
"ch081", "histoire", "http://www.wikidata.org/entity/Q8053", "", "Jules Hardouin-Mansart", "Mansart"
"ch081", "histoire", "http://www.wikidata.org/entity/Q517", "", "Napoleon", "Napoléon Ier""Chapter", "Section", "Ref", "SameAs", "Key", "Place"
"ch082", "récit", "http://www.wikidata.org/entity/Q524252", "", "Bernard Palissy", "Bernard Palissy"
"ch082", "récit", "", "", "jacques", "Jacques"
"ch082", "récit", "", "", "", "Louis"
"ch082", "questionnaire", "", "", "", "Louis"
"ch082", "industrie", "http://www.wikidata.org/entity/Q524252", "", "Bernard Palissy", "Bernard Palissy"
"ch082", "industrie", "http://www.wikidata.org/entity/Q524252", "", "Bernard Palissy", "Bernard Palissy""Chapter", "Section", "Ref", "SameAs", "Key", "Place"
"ch083", "récit", "", "", "", "Louis"
"ch083", "récit", "", "", "pascal", "Pascal"
"ch083", "récit", "", "", "suzette", "Suzette"
"ch083", "récit", "", "", "suzette", "Suzette"
"ch083", "questionnaire", "", "", "", "Louis"
"ch083", "questionnaire", "", "", "pascal", "Pascal"
"ch083", "industrie", "", "", "", "E. LAPORTE""Chapter", "Section", "Ref", "SameAs", "Key", "Place"
"ch084", "récit", "http://www.wikidata.org/entity/Q106208", "", "Denis Papin", "Denis Papin"
"ch084", "récit", "http://www.wikidata.org/entity/Q106208", "", "Denis Papin", "Denis Papin"
"ch084", "récit", "http://www.wikidata.org/entity/Q142", "", "France", "France"
"ch084", "récit", "http://www.wikidata.org/entity/Q7742", "", "Louis XIV of France", "Louis XIV"
"ch084", "récit", "http://www.wikidata.org/entity/Q106208", "", "Denis Papin", "Papin"
"ch084", "questionnaire", "", "", "louis", "Louis"
"ch084", "questionnaire", "http://www.wikidata.org/entity/Q106208", "", "Denis Papin", "Papin"
"ch084", "histoire", "http://www.wikidata.org/entity/Q37577", "", "John Calvin", "Calvin"
"ch084", "histoire", "http://www.wikidata.org/entity/Q936976", "", "Henry IV of France", "Henri IV"
"ch084", "histoire", "http://www.wikidata.org/entity/Q936976", "", "Henry IV of France", "Henri IV"
"ch084", "histoire", "http://www.wikidata.org/entity/Q9554", "", "Martin Luther", "Luther"
"ch084", "histoire", "http://www.wikidata.org/entity/Q9554", "", "Martin Luther", "Luther""Chapter", "Section", "Ref", "SameAs", "Key", "Place"
"ch085", "récit", "http://www.wikidata.org/entity/Q517", "", "Napoleon", "Bonaparte"
"ch085", "récit", "http://www.wikidata.org/entity/Q517", "", "Napoleon", "Bonaparte"
"ch085", "récit", "http://www.wikidata.org/entity/Q106208", "", "Denis Papin", "Denis Papin"
"ch085", "récit", "http://www.wikidata.org/entity/Q192496", "", "Robert Fulton", "Fulton"
"ch085", "récit", "http://www.wikidata.org/entity/Q192496", "", "Robert Fulton", "Fulton"
"ch085", "récit", "http://www.wikidata.org/entity/Q192496", "", "Robert Fulton", "Fulton"
"ch085", "récit", "http://www.wikidata.org/entity/Q192496", "", "Robert Fulton", "Fulton"
"ch085", "récit", "http://www.wikidata.org/entity/Q192496", "", "Robert Fulton", "Fulton"
"ch085", "questionnaire", "http://www.wikidata.org/entity/Q517", "", "Napoleon", "Bonaparte"
"ch085", "questionnaire", "http://www.wikidata.org/entity/Q192496", "", "Robert Fulton", "Fulton"
"ch085", "questionnaire", "http://www.wikidata.org/entity/Q192496", "", "Robert Fulton", "Fulton"
"ch085", "questionnaire", "http://www.wikidata.org/entity/Q192496", "", "Robert Fulton", "Fulton"
"ch085", "questionnaire", "http://www.wikidata.org/entity/Q106208", "", "Denis Papin", "Papin"
"ch085", "histoire", "http://www.wikidata.org/entity/Q517", "", "Napoleon", "BONAPARTE"
"ch085", "histoire", "http://www.wikidata.org/entity/Q517", "", "Napoleon", "Bonaparte"
"ch085", "histoire", "http://www.wikidata.org/entity/Q517", "", "Napoleon", "Bonaparte Napoléon"
"ch085", "histoire", "http://www.wikidata.org/entity/Q151869", "", "Carlo Bonaparte", "Charles Bonaparte"
"ch085", "histoire", "http://www.wikidata.org/entity/Q171480", "", "Joséphine de Beauharnais", "Joséphine de la Tascherie"
"ch085", "histoire", "http://www.wikidata.org/entity/Q151995", "", "Maria-Letizia Bonaparte", "Letizia Ramolino"
"ch085", "histoire", "http://www.wikidata.org/entity/Q44197", "", "Maximilien Robespierre", "Robespierre"
"ch085", "histoire", "http://www.wikidata.org/entity/Q456122", "", "Alexandre de Beauharnais", "général de Beauharnais"
"ch085", "géographie", "http://www.wikidata.org/entity/Q23", "", "George Washington", "Washington"
"ch085", "industrie", "http://www.wikidata.org/entity/Q192496", "", "Robert Fulton", "Fulton"
"ch085", "industrie", "http://www.wikidata.org/entity/Q193751", "", "Montgolfier brothers", "Montgolfier"
"ch085", "industrie", "http://www.wikidata.org/entity/Q361305", "", "Claude Chappe", "frères Chappe""Chapter", "Section", "Ref", "SameAs", "Key", "Place"
"ch086", "récit", "http://www.wikidata.org/entity/Q179680", "", "Alfred de Musset", "A. DE MUSSET"
"ch086", "récit", "http://www.wikidata.org/entity/Q42596", "", "Frédéric Mistral", "Mistral"
"ch086", "récit", "", "", "suzette", "Suzette"
"ch086", "questionnaire", "http://www.wikidata.org/entity/Q42596", "", "Frédéric Mistral", "Mistral"
"ch086", "questionnaire", "", "", "suzette", "Suzette"
"ch086", "français", "http://www.wikidata.org/entity/Q7226", "", "Joan of Arc", "Jeanne d'Arc"
"ch086", "industrie", "", "", "", "E. LAPORTE"
"ch086", "géographie", "http://www.wikidata.org/entity/Q294100", "", "Jacques Bénigne Bossuet", "Bossuet"
"ch086", "géographie", "http://www.wikidata.org/entity/Q229264", "", "Georges-Louis Leclerc, Comte de Buffon", "Buffon"
"ch086", "géographie", "http://www.wikidata.org/entity/Q310767", "", "Lazare Carnot", "Carnot"
"ch086", "géographie", "http://www.wikidata.org/entity/Q569416", "", "Nicolas Anne Théodule Changarnier", "Changarnier"
"ch086", "géographie", "http://www.wikidata.org/entity/Q32500", "", "Charles V", "Charles-Quint"
"ch086", "géographie", "http://www.wikidata.org/entity/Q551721", "", "Prosper Jolyot de Crébillon", "Crébillon"
"ch086", "géographie", "http://www.wikidata.org/entity/Q171969", "", "Georges Cuvier", "Cuvier"
"ch086", "géographie", "http://www.wikidata.org/entity/Q158778", "", "Louis-Nicolas Davout", "Davout"
"ch086", "géographie", "http://www.wikidata.org/entity/Q551735", "", "Edgar Quinet", "Edgar Quinet"
"ch086", "géographie", "http://www.wikidata.org/entity/Q347139", "", "Jean-Baptiste Greuze", "Greuze"
"ch086", "géographie", "http://www.wikidata.org/entity/Q3385621", "", "Pierre-Joseph Habert", "Habert"
"ch086", "géographie", "http://www.wikidata.org/entity/Q936976", "", "Henry IV of France", "Henri IV"
"ch086", "géographie", "http://www.wikidata.org/entity/Q128743", "", "Barthélémy Catherine Joubert", "Joubert"
"ch086", "géographie", "http://www.wikidata.org/entity/Q1374591", "", "François Jouffroy", "Jouffroy"
"ch086", "géographie", "http://www.wikidata.org/entity/Q353907", "", "Jean-Andoche Junot", "Junot"
"ch086", "géographie", "http://www.wikidata.org/entity/Q605534", "", "Jean-Baptiste Henri Lacordaire", "Lacordaire"
"ch086", "géographie", "http://www.wikidata.org/entity/Q168419", "", "Jérôme Lalande", "Lalande"
"ch086", "géographie", "http://www.wikidata.org/entity/Q188697", "", "Alphonse de Lamartine", "Lamartine"
"ch086", "géographie", "http://www.wikidata.org/entity/Q1096347", "", "Claude Lecourbe", "Lecourbe"
"ch086", "géographie", "http://www.wikidata.org/entity/Q158838", "", "Patrice de Mac-Mahon, Duke of Magenta", "Mac-Mahon"
"ch086", "géographie", "http://www.wikidata.org/entity/Q312676", "", "Auguste de Marmont", "Marmont"
"ch086", "géographie", "http://www.wikidata.org/entity/Q206832", "", "Gaspard Monge", "Monge"
"ch086", "géographie", "http://www.wikidata.org/entity/Q355643", "", "Jean-Charles Pichegru", "Pichegru"
"ch086", "géographie", "http://www.wikidata.org/entity/Q469056", "", "Pierre-Paul Prud'hon", "Prud'hon"
"ch086", "géographie", "http://www.wikidata.org/entity/Q1145", "", "Jean-Philippe Rameau", "Rameau"
"ch086", "géographie", "http://www.wikidata.org/entity/Q207660", "", "Claude Joseph Rouget de Lisle", "Rouget de Lisle"
"ch086", "géographie", "http://www.wikidata.org/entity/Q346491", "", "François Rude", "Rude"
"ch086", "géographie", "http://www.wikidata.org/entity/Q550244", "", "Jacques-Germain Soufflot", "Soufflot"
"ch086", "géographie", "http://www.wikidata.org/entity/Q115694", "", "Jean-Baptiste Philibert Vaillant", "Vaillant"
"ch086", "géographie", "http://www.wikidata.org/entity/Q192839", "", "Sébastien Le Prestre de Vauban", "Vauban"
"ch086", "géographie", "http://www.wikidata.org/entity/Q560343", "", "Claude Favre de Vaugelas", "Vaugelas"
"ch086", "géographie", "http://www.wikidata.org/entity/Q535", "", "Victor Hugo", "Victor Hugo"
"ch086", "géographie", "http://www.wikidata.org/entity/Q451178", "", "Antoine Perrenot de Granvelle", "cardinal Granvelle"
"ch086", "géographie", "http://www.wikidata.org/entity/Q188411", "", "Bernard of Clairvaux", "saint Bernard""Chapter", "Section", "Ref", "SameAs", "Key", "Place"
"ch087", "récit", "", "", "marthe", "Marthe"
"ch087", "récit", "", "", "mme_richard", "Mme Richard"
"ch087", "récit", "", "", "mme_richard", "Mme Richard"
"ch087", "récit", "", "", "pascal", "Pascal"
"ch087", "récit", "", "", "pascal", "Pascal"
"ch087", "récit", "", "", "suzette", "Suzette"
"ch087", "récit", "", "", "suzette", "Suzette"
"ch087", "questionnaire", "", "", "mme_richard", "Mme Richard"
"ch087", "questionnaire", "", "", "pascal", "Pascal"
"ch087", "questionnaire", "", "", "pascal", "Pascal""Chapter", "Section", "Ref", "SameAs", "Key", "Place"
"ch088", "récit", "", "", "mme_richard", "Mme Richard"
"ch088", "récit", "", "", "pascal", "Pascal"
"ch088", "récit", "", "", "pascal", "Pascal"
"ch088", "récit", "", "", "pascal", "Pascal"
"ch088", "récit", "", "", "pascal", "Pascal"
"ch088", "récit", "http://www.wikidata.org/entity/Q2735843", "", "Pierre Dupont", "Pierre Dupont"
"ch088", "récit", "http://www.wikidata.org/entity/Q2735843", "", "Pierre Dupont", "Pierre Dupont"
"ch088", "questionnaire", "", "", "mme_richard", "Mme Richard"
"ch088", "questionnaire", "", "", "mme_richard", "Mme Richard"
"ch088", "questionnaire", "", "", "pascal", "Pascal"
"ch088", "questionnaire", "", "", "pascal", "Pascal"
"ch088", "questionnaire", "http://www.wikidata.org/entity/Q2735843", "", "Pierre Dupont", "Pierre Dupont""Chapter", "Section", "Ref", "SameAs", "Key", "Place"
"ch089", "récit", "", "", "", "Gargantua"
"ch089", "récit", "", "", "", "Gargantua"
"ch089", "récit", "", "", "mme_richard", "Mme Richard"
"ch089", "récit", "", "", "suzette", "Suzette"
"ch089", "questionnaire", "", "", "mme_richard", "Mme Richard""Chapter", "Section", "Ref", "SameAs", "Key", "Place"
"ch090", "récit", "", "", "mme_richard", "Mme Richard"
"ch090", "récit", "", "", "suzette", "Suzette"
"ch090", "récit", "", "", "suzette", "Suzette"
"ch090", "récit", "", "", "suzette", "Suzette"
"ch090", "récit", "", "", "", "mère Gigogne"
"ch090", "questionnaire", "", "", "suzette", "Suzette"
"ch090", "questionnaire", "", "", "suzette", "Suzette"
"ch090", "composition", "", "", "", "E. LAPORTE"
"ch090", "économie_domestique", "", "", "", "M. Prud'homme"
"ch090", "économie_domestique", "", "", "", "Mlle ZOE GOSSELIN""Chapter", "Section", "Ref", "SameAs", "Key", "Place"
"ch091", "récit", "", "", "mme_richard", "Mme Richard"
"ch091", "récit", "", "", "mme_richard", "Mme Richard"
"ch091", "récit", "", "", "mme_richard", "Mme Richard"
"ch091", "récit", "", "", "pascal", "Pascal"
"ch091", "récit", "", "", "pascal", "Pascal"
"ch091", "récit", "", "", "suzette", "Suzette"
"ch091", "récit", "", "", "suzette", "Suzette"
"ch091", "questionnaire", "", "", "mme_richard", "Mme Richard"
"ch091", "questionnaire", "", "", "suzette", "Suzette"
"ch091", "civilité", "", "", "mme_richard", "Mme Richard""Chapter", "Section", "Ref", "SameAs", "Key", "Place"
"ch092", "récit", "", "", "", "Gargantua"
"ch092", "récit", "", "", "mme_richard", "Mme Richard"
"ch092", "récit", "", "", "suzette", "Suzette"
"ch092", "récit", "", "", "suzette", "Suzette"
"ch092", "récit", "", "", "suzette", "Suzette"
"ch092", "récit", "", "", "suzette", "Suzette"
"ch092", "questionnaire", "", "", "suzette", "Suzette"
"ch092", "questionnaire", "", "", "suzette", "Suzette"
"ch092", "morale", "http://www.wikidata.org/entity/Q34969", "", "Benjamin Franklin", "Franklin""Chapter", "Section", "Ref", "SameAs", "Key", "Place"
"ch093", "récit", "http://www.wikidata.org/entity/Q294153", "", "Richard Arkwright", "Arkwright"
"ch093", "récit", "http://www.wikidata.org/entity/Q133372", "", "Charles VII of France", "Charles VIl"
"ch093", "récit", "http://www.wikidata.org/entity/Q710176", "", "Gabriel Naudé", "Gabriel Naudé"
"ch093", "récit", "", "", "", "Jacques Bonhomme"
"ch093", "récit", "", "", "", "Jacques Bonhomme"
"ch093", "récit", "http://www.wikidata.org/entity/Q7742", "", "Louis XIV of France", "Louis XIV"
"ch093", "récit", "", "", "marthe", "Marthe"
"ch093", "récit", "", "", "mme_richard", "Mme Richard"
"ch093", "récit", "", "", "suzette", "Suzette"
"ch093", "questionnaire", "http://www.wikidata.org/entity/Q294153", "", "Richard Arkwright", "Arkwright"
"ch093", "histoire", "http://www.wikidata.org/entity/Q3044", "", "Charlemagne", "Charlemagne""Chapter", "Section", "Ref", "SameAs", "Key", "Place"
"ch094", "récit", "", "", "pascal", "Pascal"
"ch094", "récit", "", "", "", "duchesse de Chartres"
"ch094", "récit", "", "", "mme_richard", "tante Richard"
"ch094", "questionnaire", "", "", "pascal", "Pascal"
"ch094", "questionnaire", "", "", "", "duchesse de Chartres"
"ch094", "économie_domestique", "", "", "", "EMMA DELILLE""Chapter", "Section", "Ref", "SameAs", "Key", "Place"
"ch095", "récit", "http://www.wikidata.org/entity/Q160349", "", "Charles VI of France", "Charles VI"
"ch095", "récit", "http://www.wikidata.org/entity/Q154064", "", "Isabeau of Bavaria", "Isabeau"
"ch095", "récit", "http://www.wikidata.org/entity/Q154064", "", "Isabeau of Bavaria", "Isabeau"
"ch095", "récit", "http://www.wikidata.org/entity/Q154064", "", "Isabeau of Bavaria", "Isabeau"
"ch095", "récit", "http://www.wikidata.org/entity/Q154064", "", "Isabeau of Bavaria", "Isabeau de Bavière"
"ch095", "récit", "http://www.wikidata.org/entity/Q229901", "", "Isabella of Valois", "Isabelle"
"ch095", "récit", "http://www.wikidata.org/entity/Q81000", "", "Richard II of England", "Richard II d'Angleterre"
"ch095", "récit", "", "", "mme_richard", "tante Richard"
"ch095", "questionnaire", "http://www.wikidata.org/entity/Q154064", "", "Isabeau of Bavaria", "Isabeau"
"ch095", "questionnaire", "http://www.wikidata.org/entity/Q154064", "", "Isabeau of Bavaria", "Isabeau de Bavière"
"ch095", "histoire", "http://www.wikidata.org/entity/Q229192", "", "Catherine of Valois", "Cathérine"
"ch095", "histoire", "http://www.wikidata.org/entity/Q133372", "", "Charles VII of France", "Charles"
"ch095", "histoire", "http://www.wikidata.org/entity/Q160349", "", "Charles VI of France", "Charles VI"
"ch095", "histoire", "http://www.wikidata.org/entity/Q160349", "", "Charles VI of France", "Charles VI"
"ch095", "histoire", "http://viaf.org/viaf/444159474048327660914/", "", "Charles VI, re di Francia, 1368-1422", "Charles VI"
"ch095", "histoire", "http://www.wikidata.org/entity/Q160349", "", "Charles VI of France", "Charles VI "
"ch095", "histoire", "http://www.wikidata.org/entity/Q131581", "", "Henry V of England", "Henri V d'Angleterre"
"ch095", "histoire", "http://www.wikidata.org/entity/Q154064", "", "Isabeau of Bavaria", "Isabeau"
"ch095", "histoire", "http://www.wikidata.org/entity/Q154064", "", "Isabeau of Bavaria", "Isabeau"
"ch095", "histoire", "http://www.wikidata.org/entity/Q154064", "", "Isabeau of Bavaria", "Isabeau de Bavière"
"ch095", "histoire", "http://www.wikidata.org/entity/Q154064", "", "Isabeau of Bavaria", "Isabeau de Bavière"
"ch095", "histoire", "http://www.wikidata.org/entity/Q229901", "", "Isabella of Valois", "Isabelle"
"ch095", "histoire", "http://www.wikidata.org/entity/Q3387524", "", "Pierre de Craon", "Pierre de Craon"
"ch095", "histoire", "http://www.wikidata.org/entity/Q81000", "", "Richard II of England", "Richard II"
"ch095", "histoire", "http://www.wikidata.org/entity/Q727658", "", "Olivier de Clisson", "connétable de Clisson"
"ch095", "histoire", "http://www.wikidata.org/entity/Q454013", "", "John V", "duc de Bretagne""Chapter", "Section", "Ref", "SameAs", "Key", "Place"
"ch096", "récit", "", "", "mme_richard", "Mme Richard"
"ch096", "récit", "", "", "mme_richard", "Mme Richard"
"ch096", "récit", "", "", "suzette", "Suzette"
"ch096", "récit", "", "", "suzette", "Suzette"
"ch096", "récit", "", "", "suzette", "Suzette"
"ch096", "questionnaire", "", "", "mme_richard", "Mme Richard"
"ch096", "questionnaire", "", "", "suzette", "Suzette"
"ch096", "questionnaire", "", "", "suzette", "Suzette"
"ch096", "économie_domestique", "", "", "", "MARIE AGRON"
"ch096", "industrie", "http://www.wikidata.org/entity/Q3103746", "", "Georgette Shéfer", "Mme G. Schéfer"
"ch096", "complexe", "", "", "", "Mme Schéfer""Chapter", "Section", "Ref", "SameAs", "Key", "Place"
"ch097", "récit", "", "", "mme_richard", "Mme Richard"
"ch097", "récit", "", "", "mme_richard", "Mme Richard"
"ch097", "récit", "", "", "suzette", "Suzette"
"ch097", "récit", "", "", "suzette", "Suzette"
"ch097", "récit", "", "", "suzette", "Suzette"
"ch097", "récit", "", "", "suzette", "Suzon"
"ch097", "récit", "", "", "suzette", "Suzon"
"ch097", "récit", "", "", "suzette", "Suzon"
"ch097", "questionnaire", "", "", "mme_richard", "Mme Richard"
"ch097", "questionnaire", "", "", "mme_richard", "Mme Richard"
"ch097", "questionnaire", "", "", "mme_richard", "Mme Richard"
"ch097", "questionnaire", "", "", "suzette", "Suzette"
"ch097", "questionnaire", "", "", "suzette", "Suzette"
"ch097", "industrie", "http://www.wikidata.org/entity/Q360359", "", "Elias Howe", "Howe"
"ch097", "industrie", "http://dbpedia.org/resource/Barthélemy_Thimonnier", "", "Barthélemy Thimonnier", "Thimonier""Chapter", "Section", "Ref", "SameAs", "Key", "Place"
"ch098", "récit", "http://www.wikidata.org/entity/Q809416", "", "Barthélemy Thimonnier", "Barthélemy Thimonier"
"ch098", "récit", "http://www.wikidata.org/entity/Q106208", "", "Denis Papin", "Denis Papin"
"ch098", "récit", "http://www.wikidata.org/entity/Q310833", "", "Joseph Marie Jacquard", "Jacquard"
"ch098", "récit", "", "", "louis", "Louis"
"ch098", "récit", "", "", "louis", "Louis"
"ch098", "récit", "", "", "suzette", "Suzette"
"ch098", "récit", "http://www.wikidata.org/entity/Q809416", "", "Barthélemy Thimonnier", "Thimonier"
"ch098", "récit", "http://www.wikidata.org/entity/Q809416", "", "Barthélemy Thimonnier", "Thimonier"
"ch098", "récit", "https://www.wikidata.org/wiki/Q809416", "", "Thimonier", "Thimonier"
"ch098", "questionnaire", "", "", "suzette", "Suzette"
"ch098", "questionnaire", "http://www.wikidata.org/entity/Q809416", "", "Barthélemy Thimonnier", "Thimonier"
"ch098", "morale", "http://www.wikidata.org/entity/Q524252", "", "Bernard Palissy", "Bernard Palissy"
"ch098", "morale", "http://www.wikidata.org/entity/Q3340160", "", "Nicolas Brémontier", "Brémontier"
"ch098", "morale", "http://www.wikidata.org/entity/Q3340160", "", "Nicolas Brémontier", "Brémontier"
"ch098", "morale", "http://www.wikidata.org/entity/Q7322", "", "Christopher Columbus", "Christophe Colomb"
"ch098", "morale", "http://www.wikidata.org/entity/Q7322", "", "Christopher Columbus", "Christophe Colomb"
"ch098", "morale", "http://www.wikidata.org/entity/Q12860", "", "Ferdinand II of Aragon", "Ferdinand II"
"ch098", "morale", "http://www.wikidata.org/entity/Q192496", "", "Robert Fulton", "Fulton"
"ch098", "morale", "http://www.wikidata.org/entity/Q132545", "", "Henry II of France", "Henri II"
"ch098", "morale", "http://www.wikidata.org/entity/Q45859", "", "Isabella I of Castile", "Isabelle"
"ch098", "morale", "http://www.wikidata.org/entity/Q462371", "", "Jacques Amyot", "Jacques Amyot"
"ch098", "morale", "http://www.wikidata.org/entity/Q462371", "", "Jacques Amyot", "Jacques Amyot"
"ch098", "morale", "http://www.wikidata.org/entity/Q8479", "", "Peter the Great", "Pierre le Grand""Chapter", "Section", "Ref", "SameAs", "Key", "Place"
"ch099", "récit", "http://www.wikidata.org/entity/Q310833", "", "Joseph Marie Jacquard", "Jacquard"
"ch099", "récit", "", "", "", "Polichinelle"
"ch099", "récit", "", "", "", "Polichinelle"
"ch099", "récit", "", "", "", "Polichinelle"
"ch099", "récit", "", "", "", "Polichinelle"
"ch099", "récit", "", "", "", "Polichinelle"
"ch099", "récit", "", "", "", "Polichinelle"
"ch099", "récit", "http://dbpedia.org/resource/Barthélemy_Thimonnier", "", "Barthélemy Thimonnier", "Thimonier"
"ch099", "récit", "", "", "", "Thimonier"
"ch099", "questionnaire", "", "", "", "Polichinelle"
"ch099", "questionnaire", "", "", "", "Thimonier"
"ch099", "questionnaire", "", "", "", "Thimonier"
"ch099", "questionnaire", "", "", "", "Thimonier"
"ch099", "composition", "", "", "", "Bonaparte"
"ch099", "composition", "", "", "", "Bonaparte"
"ch099", "composition", "", "", "", "Bonaparte"
"ch099", "composition", "", "", "", "Brémontier"
"ch099", "composition", "", "", "", "Carnot"
"ch099", "composition", "", "", "", "Carnot"
"ch099", "composition", "", "", "", "Jacquard"
"ch099", "composition", "", "", "", "Jacquard"
"ch099", "composition", "", "", "", "Jacquard"
"ch099", "composition", "", "", "", "Jacquard"
"ch099", "composition", "", "", "", "Jacquard"
"ch099", "composition", "", "", "", "Jacquard"
"ch099", "composition", "", "", "", "Jacquard"
"ch099", "composition", "", "", "", "Joseph-Marie Jacquard"
"ch099", "composition", "", "", "", "Vaucanson""Chapter", "Section", "Ref", "SameAs", "Key", "Place"
"ch100", "récit", "http://www.wikidata.org/entity/Q360359", "", "Elias Howe", "Howe"
"ch100", "récit", "", "", "louis", "Louis"
"ch100", "récit", "", "", "mme_richard", "Mme Richard"
"ch100", "récit", "", "", "mme_valon", "Mme Valon"
"ch100", "récit", "", "", "suzette", "Suzette"
"ch100", "récit", "", "", "suzette", "Suzette"
"ch100", "récit", "http://www.wikidata.org/entity/Q809416", "", "Barthélemy Thimonnier", "Thimonier"
"ch100", "récit", "http://www.wikidata.org/entity/Q809416", "", "Barthélemy Thimonnier", "Thimonier"
"ch100", "questionnaire", "", "", "suzette", ""
"ch100", "questionnaire", "http://www.wikidata.org/entity/Q360359", "", "Elias Howe", "Howe"
"ch100", "questionnaire", "http://www.wikidata.org/entity/Q360359", "", "Elias Howe", "Howe"
"ch100", "questionnaire", "", "", "louis", "Louis"
"ch100", "questionnaire", "", "", "suzette", "Suzette"
"ch100", "questionnaire", "http://www.wikidata.org/entity/Q809416", "", "Barthélemy Thimonnier", "Thimonier"
"ch100", "morale", "http://www.wikidata.org/entity/Q34969", "", "Benjamin Franklin", "Franklin"
"ch100", "morale", "http://www.wikidata.org/entity/Q34969", "", "Benjamin Franklin", "Franklin"
"ch100", "morale", "http://www.wikidata.org/entity/Q2837302", "", "Alix de Lamartine", "Mme de Lamartine"
"ch100", "composition", "", "", "", "E. LAPORTE"
"ch100", "civilité", "", "", "", "E. LAPORTE""Chapter", "Section", "Ref", "SameAs", "Key", "Place"
"ch101", "récit", "", "", "", "Mademoiselle Villette"
"ch101", "récit", "", "", "marthe", "Marthe"
"ch101", "récit", "", "", "", "Mlle Villette"
"ch101", "récit", "", "", "", "Mlle Villette"
"ch101", "récit", "", "", "", "Mlle Villette"
"ch101", "récit", "", "", "", "Mlle Villette"
"ch101", "récit", "", "", "mme_richard", "Mme Richard"
"ch101", "récit", "", "", "mme_richard", "Mme Richard"
"ch101", "récit", "", "", "mme_richard", "Mme Richard"
"ch101", "récit", "", "", "suzette", "Suzette"
"ch101", "récit", "", "", "suzette", "Suzette"
"ch101", "récit", "", "", "suzette", "Suzette"
"ch101", "récit", "", "", "suzette", "Suzette"
"ch101", "récit", "", "", "mme_richard", "madame Richard"
"ch101", "questionnaire", "", "", "", "Mlle Villette"
"ch101", "questionnaire", "", "", "mme_richard", "Mme Richard"
"ch101", "questionnaire", "", "", "mme_richard", "Mme Richard"
"ch101", "questionnaire", "", "", "suzette", "Suzette"
"ch101", "questionnaire", "", "", "suzette", "Suzette""Chapter", "Section", "Ref", "SameAs", "Key", "Place"
"ch102", "récit", "", "", "", "Américain"
"ch102", "récit", "http://www.wikidata.org/entity/Q1405", "", "Augustus", "Auguste"
"ch102", "récit", "", "", "", "Mlle Villette"
"ch102", "récit", "", "", "", "Mlle Villette"
"ch102", "récit", "", "", "suzette", "Suzette"
"ch102", "récit", "", "", "suzette", "Suzette"
"ch102", "récit", "http://www.wikidata.org/entity/Q23", "", "George Washington", "Washington"
"ch102", "récit", "http://www.wikidata.org/entity/Q23", "", "George Washington", "Washington"
"ch102", "questionnaire", "", "", "suzette", "Suzette"
"ch102", "instruction_civique", "http://www.wikidata.org/entity/Q142", "", "France", "France"
"ch102", "histoire", "http://www.wikidata.org/entity/Q1405", "", "Augustus", "Auguste"
"ch102", "histoire", "http://www.wikidata.org/entity/Q7742", "", "Louis XIV of France", "Louis XIV"
"ch102", "histoire", "http://www.wikidata.org/entity/Q517", "", "Napoleon", "Napoléon Ier"
"ch102", "histoire", "http://www.wikidata.org/entity/Q517", "", "Napoleon", "Napoléon ler""Chapter", "Section", "Ref", "SameAs", "Key", "Place"
"ch103", "récit", "http://www.wikidata.org/entity/Q310833", "", "Joseph Marie Jacquard", "Jacquard"
"ch103", "récit", "", "", "", "Mlle Villette"
"ch103", "récit", "", "", "", "Mlle Villette"
"ch103", "récit", "", "", "", "Mlle Villette"
"ch103", "récit", "", "", "", "Mlle Villette"
"ch103", "récit", "", "", "", "Mlle Villette"
"ch103", "récit", "", "", "suzette", "Suzette"
"ch103", "récit", "", "", "suzette", "Suzette"
"ch103", "récit", "", "", "suzette", "Suzette"
"ch103", "questionnaire", "", "", "", "Mlle Villette"
"ch103", "questionnaire", "", "", "", "Mlle Villette"
"ch103", "questionnaire", "", "", "suzette", "Suzette"
"ch103", "questionnaire", "", "", "suzette", "Suzette"
"ch103", "questionnaire", "", "", "suzette", "Suzette"
"ch103", "industrie", "http://www.wikidata.org/entity/Q562604", "", "Philippe le Bon", "Philippe Lebon""Chapter", "Section", "Ref", "SameAs", "Key", "Place"
"ch104", "récit", "", "", "", "Mlle Villette"
"ch104", "récit", "", "", "", "Mlle Villette"
"ch104", "récit", "", "", "", "Mlle Villette"
"ch104", "récit", "", "", "", "Mlle Villette"
"ch104", "récit", "", "", "", "Mme Lajotte"
"ch104", "récit", "", "", "", "Mme Lajotte"
"ch104", "récit", "", "", "suzette", "Suzette"
"ch104", "récit", "", "", "suzette", "Suzette"
"ch104", "récit", "", "", "suzette", "Suzette"
"ch104", "récit", "", "", "suzette", "Suzette"
"ch104", "récit", "", "", "", "madame Pierre"
"ch104", "questionnaire", "", "", "suzette", "Suzette"
"ch104", "morale", "", "", "", ""
"ch104", "morale", "http://www.wikidata.org/entity/Q912271", "", "Arsène Arnaud Claretie", "J. CLARETIE.""Chapter", "Section", "Ref", "SameAs", "Key", "Place"
"ch105", "récit", "", "", "", "Mlle Villette"
"ch105", "récit", "", "", "", "Mlle Villette"
"ch105", "récit", "", "", "", "Mlle Villette"
"ch105", "récit", "", "", "", "Mlle Villette"
"ch105", "récit", "", "", "mme_richard", "Mme Richard"
"ch105", "récit", "", "", "", "Mme Élisa Lemonnier"
"ch105", "récit", "", "", "suzette", "Suzette"
"ch105", "récit", "", "", "suzette", "Suzette"
"ch105", "récit", "", "", "suzette", "Suzette"
"ch105", "récit", "", "", "suzette", "Suzette"
"ch105", "questionnaire", "", "", "", "Mlle Elisa Lemonnier"
"ch105", "questionnaire", "", "", "", "Mlle Villette"
"ch105", "questionnaire", "", "", "", "Mlle Villette"
"ch105", "questionnaire", "", "", "", "Mlle Villette"
"ch105", "questionnaire", "", "", "suzette", "Suzette"
"ch105", "questionnaire", "", "", "suzette", "Suzette""Chapter", "Section", "Ref", "SameAs", "Key", "Place"
"ch106", "récit", "http://www.wikidata.org/entity/Q324998", "", "Pierre-Jean de Béranger", "BÉRANGER"
"ch106", "récit", "", "", "louis", "Louis"
"ch106", "récit", "", "", "pascal", "Pascal"
"ch106", "récit", "", "", "suzette", "Suzette"
"ch106", "récit", "", "", "", "fée Urgande"
"ch106", "récit", "", "", "mme_richard", "tante Richard"
"ch106", "questionnaire", "", "", "mme_richard", "tante Richard""Chapter", "Section", "Ref", "SameAs", "Key", "Place"
"ch107", "récit", "", "", "mme_richard", "Mme Richard"
"ch107", "composition", "", "", "", "E. LAPORTE""Chapter", "Section", "Ref", "SameAs", "Key", "Place""Chapter", "Section", "Ref", "SameAs", "Key", "Place"
"ch109", "récit", "", "", "", "Marie-Antoinette"
"ch109", "récit", "", "", "mme_richard", "Mme Richard"
"ch109", "récit", "", "", "suzette", "Suzette"
"ch109", "récit", "", "", "", "fée Urgande"
"ch109", "récit", "", "", "mme_richard", "tante Richard"
"ch109", "questionnaire", "", "", "", "fée Urgande"
"ch109", "questionnaire", "", "", "mme_richard", "tante Richard"
"ch109", "histoire", "http://www.wikidata.org/entity/Q3159083", "", "Jacques Hardouin-Mansart de Sagonne", "Hardouin Mansart"
"ch109", "histoire", "http://www.wikidata.org/entity/Q273849", "", "André Le Nôtre", "Le Nôtre"
"ch109", "histoire", "http://www.wikidata.org/entity/Q3164360", "", "Jean-Baptiste Le Brun", "Lebrun"
"ch109", "histoire", "http://www.wikidata.org/entity/Q310530", "", "Louis Le Vau", "Levau"
"ch109", "histoire", "http://www.wikidata.org/entity/Q7742", "", "Louis XIV of France", "Louis XIV"
"ch109", "histoire", "http://www.wikidata.org/entity/Q7742", "", "Louis XIV of France", "Louis XIV"
"ch109", "histoire", "http://www.wikidata.org/entity/Q7738", "", "Louis XV of France", "Louis XV"
"ch109", "histoire", "http://www.wikidata.org/entity/Q7738", "", "Louis XV of France", "Louis XV,"
"ch109", "histoire", "http://www.wikidata.org/entity/Q7732", "", "Louis XVI of France", "Louis XVI"
"ch109", "histoire", "http://www.wikidata.org/entity/Q7732", "", "Louis XVI of France", "Louis XVI"
"ch109", "histoire", "http://www.wikidata.org/entity/Q7771", "", "Louis-Philippe I", "Louis-Philippe"
"ch109", "histoire", "http://www.wikidata.org/entity/Q47365", "", "Marie Antoinette", "Marie Antoinette"
"ch109", "histoire", "http://www.wikidata.org/entity/Q47365", "", "Marie Antoinette", "Marie-Antoinette"
"ch109", "histoire", "http://www.wikidata.org/entity/Q47365", "", "Marie Antoinette", "Marie-Antoinette"
"ch109", "histoire", "http://www.wikidata.org/entity/Q47365", "", "Marie Antoinette", "Marie-Antoinette ""Chapter", "Section", "Ref", "SameAs", "Key", "Place"
"ch110", "récit", "", "", "louis", "Louis"
"ch110", "récit", "", "", "marthe", "Marthe"
"ch110", "récit", "", "", "mme_richard", "Mme Richard"
"ch110", "récit", "", "", "pascal", "Pascal"
"ch110", "récit", "", "", "pascal", "Pascal"
"ch110", "récit", "", "", "pascal", "Pascal"
"ch110", "récit", "", "", "suzette", "Suzette"
"ch110", "récit", "", "", "suzette", "Suzette"
"ch110", "récit", "", "", "suzette", "Suzette"
"ch110", "récit", "", "", "suzette", "Suzette"
"ch110", "questionnaire", "", "", "pascal", "Pascal"
"ch110", "questionnaire", "", "", "suzette", "Suzette"
"ch110", "questionnaire", "", "", "suzette", "Suzette"
"ch110", "questionnaire", "", "", "suzette", "Suzette""Chapter", "Section", "Ref", "SameAs", "Key", "Place""Chapter", "Section", "Ref", "SameAs", "Key", "Place"
"ch112", "récit", "", "", "suzette", "Louis"
"ch112", "récit", "", "", "suzette", "Suzette"
"ch112", "récit", "", "", "suzette", "Suzette"
"ch112", "questionnaire", "", "", "suzette", "Suzette"
"ch112", "calcul", "", "", "", "JEANNE FAYEMENDIT"
"ch112", "calcul", "", "", "", "M. MAUDUIT""Chapter", "Section", "Ref", "SameAs", "Key", "Place"
"ch113", "récit", "", "", "charlot", "Charlot"
"ch113", "récit", "", "", "françois", "François"
"ch113", "récit", "", "", "françois", "François"
"ch113", "récit", "", "", "françois", "François"
"ch113", "récit", "", "", "jacques", "Jacques"
"ch113", "récit", "", "", "m_dumay", "M. Dumay"
"ch113", "récit", "", "", "m_dumay", "M. Dumay"
"ch113", "récit", "", "", "mme_valon", "Mme Valon"
"ch113", "récit", "", "", "mme_valon", "Mme Valon"
"ch113", "récit", "", "", "suzette", "Suzette"
"ch113", "récit", "", "", "suzette", "Suzette"
"ch113", "récit", "", "", "suzette", "Suzette"
"ch113", "récit", "", "", "suzette", "Suzette"
"ch113", "récit", "", "", "sylvain", "Sylvain"
"ch113", "récit", "", "", "sylvain", "Sylvain"
"ch113", "questionnaire", "", "", "charlot", "Charlot"
"ch113", "questionnaire", "", "", "françois", "François"
"ch113", "questionnaire", "", "", "m_dumay", "M. Dumay"
"ch113", "questionnaire", "", "", "mme_valon", "Mme Valon"
"ch113", "questionnaire", "", "", "suzette", "Suzette"
"ch113", "questionnaire", "", "", "suzette", "Suzette"
"ch113", "questionnaire", "", "", "suzette", "Suzette"
"ch113", "questionnaire", "", "", "suzette", "Suzette"
"ch113", "questionnaire", "", "", "suzette", "Suzette"
"ch113", "questionnaire", "", "", "sylvain", "Sylvain""Chapter", "Section", "Ref", "SameAs", "Key", "Place"
"ch114", "récit", "", "", "", "Dumay"
"ch114", "récit", "", "", "m_dumay", "M. Dumay"
"ch114", "récit", "", "", "m_dumay", "M. Dumay"
"ch114", "récit", "", "", "suzette", "Suzette"
"ch114", "récit", "", "", "suzette", "Suzette"
"ch114", "récit", "", "", "sylvain", "Sylvain"
"ch114", "récit", "", "", "sylvain", "Sylvain"
"ch114", "récit", "", "", "sylvain", "Sylvain"
"ch114", "questionnaire", "", "", "m_dumay", "M. Dumay"
"ch114", "questionnaire", "", "", "m_dumay", "M. Dumay"
"ch114", "questionnaire", "", "", "m_dumay", "M. Dumay"
"ch114", "questionnaire", "", "", "suzette", "Suzette"
"ch114", "questionnaire", "", "", "suzette", "Suzette"
"ch114", "questionnaire", "", "", "sylvain", "Syivain"
"ch114", "questionnaire", "", "", "sylvain", "Sylvain"
"ch114", "questionnaire", "", "", "sylvain", "Sylvain""Chapter", "Section", "Ref", "SameAs", "Key", "Place"
"ch115", "récit", "", "", "françois", "François"
"ch115", "récit", "", "", "jacques", "Jacques"
"ch115", "récit", "", "", "jacques", "Jacques"
"ch115", "récit", "", "", "suzette", "Suzette"
"ch115", "récit", "", "", "suzette", "Suzette"
"ch115", "questionnaire", "", "", "jacques", "Jacques"
"ch115", "questionnaire", "", "", "suzette", "Suzette"
"ch115", "questionnaire", "", "", "suzette", "Suzette"
"ch115", "sciences_naturelles", "", "", "", "RICHARD""Chapter", "Section", "Ref", "SameAs", "Key", "Place"
"ch116", "récit", "", "", "suzette", "Suzette"
"ch116", "récit", "", "", "suzette", "Suzette"
"ch116", "questionnaire", "", "", "suzette", "Suzette"
"ch116", "questionnaire", "", "", "suzette", "Suzette"
"ch116", "sciences_naturelles", "", "", "", "FIGUIER""Chapter", "Section", "Ref", "SameAs", "Key", "Place"
"ch117", "récit", "", "", "", "Anglais John"
"ch117", "récit", "", "", "charlot", "Charlot"
"ch117", "récit", "", "", "charlot", "Charlot"
"ch117", "récit", "", "", "françois", "François"
"ch117", "récit", "", "", "françois", "François"
"ch117", "récit", "", "", "jacques", "Jacques"
"ch117", "récit", "", "", "jacques", "Jacques"
"ch117", "récit", "", "", "jacques", "Jacques"
"ch117", "récit", "", "", "jacques", "Jacques"
"ch117", "récit", "", "", "jacques", "Jacques"
"ch117", "récit", "", "", "jacques", "Jacques"
"ch117", "récit", "", "", "m_dumay", "M. Dumay"
"ch117", "récit", "", "", "m_dumay", "M. Dumay"
"ch117", "récit", "", "", "m_dumay", "M. Dumay"
"ch117", "récit", "", "", "", "Mme John"
"ch117", "récit", "", "", "suzette", "Suzette"
"ch117", "récit", "", "", "suzette", "Suzette"
"ch117", "récit", "", "", "suzette", "Suzette"
"ch117", "récit", "", "", "suzette", "Suzette"
"ch117", "récit", "", "", "suzette", "Suzette"
"ch117", "questionnaire", "", "", "charlot", "Charlot"
"ch117", "questionnaire", "", "", "françois", "François"
"ch117", "questionnaire", "", "", "jacques", "Jacques"
"ch117", "questionnaire", "", "", "jacques", "Jacques"
"ch117", "questionnaire", "", "", "jacques", "Jacques"
"ch117", "questionnaire", "", "", "jacques", "Jacques"
"ch117", "questionnaire", "", "", "m_dumay", "M. Dumay"
"ch117", "questionnaire", "", "", "suzette", "Suzette"
"ch117", "questionnaire", "", "", "suzette", "Suzette"
"ch117", "composition", "", "", "", "E. LAPORTE""Chapter", "Section", "Ref", "SameAs", "Key", "Place"
"ch118", "récit", "", "", "benoît", "Benoît"
"ch118", "récit", "", "", "benoît", "Benoît"
"ch118", "récit", "", "", "m_dumay", "Denis"
"ch118", "récit", "", "", "françois", "François"
"ch118", "récit", "", "", "françois", "François"
"ch118", "récit", "", "", "jacques", "Jacques"
"ch118", "récit", "", "", "jacques", "Jacques"
"ch118", "récit", "", "", "jacques", "Jacques"
"ch118", "récit", "", "", "jacques", "Jacques"
"ch118", "récit", "", "", "jacques", "Jacques"
"ch118", "récit", "", "", "jacques", "Jacques"
"ch118", "récit", "", "", "", "Jean Brunet"
"ch118", "récit", "", "", "", "Joseph Michon"
"ch118", "récit", "", "", "mme_valon", "L'institutrice"
"ch118", "récit", "", "", "lisa", "Lisa"
"ch118", "récit", "", "", "ludivine", "Ludivine"
"ch118", "récit", "", "", "ludivine", "Ludivine"
"ch118", "récit", "", "", "m_valon", "M."
"ch118", "récit", "", "", "m_dumay", "M. Dumay"
"ch118", "récit", "", "", "m_dumay", "M. Dumay"
"ch118", "récit", "", "", "mme_valon", "Mme Valon"
"ch118", "récit", "", "", "", "Petit-Claude"
"ch118", "récit", "", "", "suzette", "Suzette"
"ch118", "récit", "", "", "suzette", "Suzette"
"ch118", "récit", "", "", "vincent", "Vincent"
"ch118", "récit", "", "", "vincent", "Vincent"
"ch118", "récit", "", "", "m_valon", "son mari"
"ch118", "questionnaire", "", "", "benoît", "Benoît"
"ch118", "questionnaire", "", "", "françois", "François"
"ch118", "questionnaire", "", "", "jacques", "Jacques"
"ch118", "questionnaire", "", "", "jacques", "Jacques"
"ch118", "questionnaire", "", "", "jacques", "Jacques"
"ch118", "questionnaire", "", "", "jacques", "Jacques"
"ch118", "questionnaire", "", "", "ludivine", "Ludivine"
"ch118", "questionnaire", "", "", "m_valon", "M"
"ch118", "questionnaire", "", "", "m_dumay", "M. Dumay"
"ch118", "questionnaire", "", "", "m_dumay", "M. Dumay"
"ch118", "questionnaire", "", "", "mme_valon", "Mme Valon"
"ch118", "questionnaire", "", "", "suzette", "Suzette"
"ch118", "morale", "", "", "benoît", "Benoît"
"ch118", "morale", "", "", "benoît", "Benoît"
"ch118", "morale", "http://www.wikidata.org/entity/Q1094964", "", "Paul Déroulède", "DÉROULÈDE"
"ch118", "morale", "http://www.wikidata.org/entity/Q517", "", "Napoleon", "Napoléon"
"ch118", "histoire", "", "", "", ""
"ch118", "histoire", "http://www.wikidata.org/entity/Q179825", "", "Abdelkader El Djezairi", "Abd-el-Kader"
"ch118", "histoire", "http://www.wikidata.org/entity/Q7758", "", "Charles X of France", "Charles X"
"ch118", "histoire", "http://www.wikidata.org/entity/Q188971", "", "Jean-Baptiste Colbert", "Colbert"
"ch118", "histoire", "", "", "", "Hussein-Pacha"
"ch118", "histoire", "http://www.wikidata.org/entity/Q7742", "", "Louis XIV of France", "Louis XIV"
"ch118", "histoire", "", "", "", "dey d'Alger"
"ch118", "histoire", "http://www.wikidata.org/entity/Q349167", "", "Thomas Robert Bugeaud", "maréchal Bugeaud""Chapter", "Section", "Ref", "SameAs", "Key", "Place"
"ch119", "récit", "", "", "jacques", "Jacques"
"ch119", "récit", "", "", "", "M. Thierry"
"ch119", "récit", "", "", "m_dumay", "M. Dumay"
"ch119", "récit", "", "", "m_dumay", "M. Dumay"
"ch119", "récit", "", "", "m_dumay", "M. Dumay"
"ch119", "récit", "", "", "", "M. Thierry"
"ch119", "récit", "", "", "suzette", "Suzette"
"ch119", "récit", "", "", "suzette", "Suzette"
"ch119", "récit", "", "", "suzette", "Suzette"
"ch119", "questionnaire", "", "", "m_dumay", "M. Dumay"
"ch119", "questionnaire", "", "", "suzette", "Suzette"
"ch119", "questionnaire", "", "", "suzette", "Suzette"
"ch119", "questionnaire", "", "", "suzette", "Suzette""Chapter", "Section", "Ref", "SameAs", "Key", "Place"
"ch120", "récit", "http://www.wikidata.org/entity/Q7226", "", "Joan of Arc", "Jeanne d'Arc"
"ch120", "récit", "http://www.wikidata.org/entity/Q7226", "", "Joan of Arc", "Jeanne d'Arc"
"ch120", "récit", "http://www.wikidata.org/entity/Q7226", "", "Joan of Arc", "Jeanne d'Arc"
"ch120", "récit", "http://www.wikidata.org/entity/Q7226", "", "Joan of Arc", "Jeanne d'Arc"
"ch120", "récit", "", "", "", "Le député"
"ch120", "récit", "", "", "", "Le député"
"ch120", "récit", "", "", "", "Le député "
"ch120", "récit", "", "", "m_dumay", "M. Dumay"
"ch120", "récit", "", "", "m_dumay", "M. Dumay"
"ch120", "récit", "", "", "suzette", "Mademoiselle"
"ch120", "récit", "", "", "suzette", "Suzette"
"ch120", "récit", "", "", "suzette", "Suzette"
"ch120", "récit", "", "", "suzette", "la jeune fille"
"ch120", "questionnaire", "", "", "suzette", "Suzette"
"ch120", "questionnaire", "", "", "suzette", "Suzette"
"ch120", "questionnaire", "", "", "", "le député"
"ch120", "morale", "http://www.wikidata.org/entity/Q517", "", "Napoleon", "Napoléon"
"ch120", "morale", "http://www.wikidata.org/entity/Q3351818", "", "Omar Agha", "dey d'Alger"
"ch120", "morale", "http://www.wikidata.org/entity/Q262589", "", "Tewodros II", "roi d'Abyssinie"
"ch120", "histoire", "http://www.wikidata.org/entity/Q2773", "", "Brunswick", "Brunswick"
"ch120", "histoire", "http://www.wikidata.org/entity/Q378572", "", "Charles François Dumouriez", "Dumouriez"
"ch120", "histoire", "http://www.wikidata.org/entity/Q138105", "", "François Étienne de Kellermann", "Kellermann"
"ch120", "histoire", "http://www.wikidata.org/entity/Q7732", "", "Louis XVI of France", "Louis XVI"
"ch120", "histoire", "", "", "", "Louis-Philippe"
"ch120", "histoire", "http://www.wikidata.org/entity/Q694498", "", "Nicolas Luckner", "Luckner"
"ch120", "histoire", "", "", "", "Napoléon III"
"ch120", "histoire", "http://www.wikidata.org/entity/Q58773", "", "Charles William Ferdinand, Duke of Brunswick-Wolfenbüttel", "duc de Brunswick,""Chapter", "Section", "Ref", "SameAs", "Key", "Place"
"ch121", "récit", "", "", "", "Artaban"
"ch121", "récit", "", "", "", "Artaban"
"ch121", "récit", "", "", "benoît", "Benoît"
"ch121", "récit", "", "", "benoît", "Benoît"
"ch121", "récit", "", "", "benoît", "Benoît"
"ch121", "récit", "", "", "charlot", "Charlot"
"ch121", "récit", "", "", "charlot", "Charlot"
"ch121", "récit", "", "", "", "Dumay"
"ch121", "récit", "", "", "françois", "François"
"ch121", "récit", "", "", "jacques", "Jacques"
"ch121", "récit", "", "", "jacques", "Jacques"
"ch121", "récit", "", "", "jacques", "Jacques"
"ch121", "récit", "", "", "ludivine", "Ludivine"
"ch121", "récit", "", "", "ludivine", "Ludivine"
"ch121", "récit", "", "", "ludivine", "Ludivine"
"ch121", "récit", "", "", "ludivine", "Ludivine"
"ch121", "récit", "", "", "suzette", "Suzette"
"ch121", "récit", "", "", "suzette", "Suzette"
"ch121", "récit", "", "", "suzette", "Suzette"
"ch121", "questionnaire", "", "", "benoît", "Benoît"
"ch121", "questionnaire", "", "", "benoît", "Benoît"
"ch121", "questionnaire", "", "", "charlot", "Charlot"
"ch121", "questionnaire", "", "", "jacques", "Jacques"
"ch121", "questionnaire", "", "", "jacques", "Jacques"
"ch121", "questionnaire", "", "", "jacques", "Jacques"
"ch121", "questionnaire", "", "", "ludivine", "Ludivine"
"ch121", "questionnaire", "", "", "m_dumay", "M. Dumay"
"ch121", "morale", "", "", "", "E. LAPORTE""Chapter", "Section", "Ref", "SameAs", "Key", "Place"
"ch122", "récit", "", "", "françois", "François"
"ch122", "récit", "", "", "françois", "François"
"ch122", "récit", "", "", "françois", "François"
"ch122", "récit", "", "", "françois", "François"
"ch122", "récit", "", "", "françois", "François"
"ch122", "récit", "", "", "jacques", "Jacques"
"ch122", "récit", "", "", "m_dumay", "M. Dumay"
"ch122", "récit", "", "", "suzette", "Suzette"
"ch122", "questionnaire", "", "", "françois", "François"
"ch122", "questionnaire", "", "", "françois", "François"
"ch122", "questionnaire", "", "", "jacques", "Jacques"
"ch122", "questionnaire", "", "", "jacques", "Jacques"
"ch122", "questionnaire", "", "", "suzette", "Suzette"
"ch122", "géographie", "", "", "jacques", "Jacques"
"ch122", "sciences_naturelles", "", "", "", "BUFFON""Chapter", "Section", "Ref", "SameAs", "Key", "Place"
"ch123", "récit", "", "", "françois", "François"
"ch123", "récit", "", "", "françois", "François"
"ch123", "récit", "", "", "françois", "François"
"ch123", "récit", "", "", "jacques", "Jacques"
"ch123", "récit", "", "", "m_dumay", "M. Dumay"
"ch123", "récit", "", "", "m_dumay", "M. Dumay"
"ch123", "questionnaire", "", "", "françois", "François"
"ch123", "questionnaire", "", "", "françois", "François"
"ch123", "questionnaire", "", "", "françois", "François"
"ch123", "questionnaire", "", "", "m_dumay", "M. Dumay"
"ch123", "composition", "", "", "", "E. LAPORTE"
"ch123", "industrie", "http://www.wikidata.org/entity/Q897171", "", "Mathieu de Dombasle", "Dombasle""Chapter", "Section", "Ref", "SameAs", "Key", "Place"
"ch124", "récit", "", "", "charlot", "Charlot"
"ch124", "récit", "", "", "françois", "François"
"ch124", "récit", "", "", "françois", "François"
"ch124", "récit", "", "", "françois", "François"
"ch124", "récit", "", "", "françois", "François"
"ch124", "récit", "", "", "françois", "François"
"ch124", "récit", "", "", "m_dumay", "M. Dumay"
"ch124", "récit", "", "", "m_dumay", "M. Dumay"
"ch124", "récit", "", "", "suzette", "Suzette"
"ch124", "questionnaire", "", "", "françois", "François"
"ch124", "questionnaire", "", "", "françois", "François"
"ch124", "questionnaire", "", "", "m_dumay", "M. Dumay"
"ch124", "questionnaire", "", "", "suzette", "Suzette""Chapter", "Section", "Ref", "SameAs", "Key", "Place"
"ch125", "récit", "", "", "charlot", "Charlot"
"ch125", "récit", "", "", "françois", "François"
"ch125", "récit", "", "", "françois", "François"
"ch125", "récit", "", "", "françois", "François"
"ch125", "récit", "", "", "françois", "François"
"ch125", "récit", "", "", "françois", "François"
"ch125", "récit", "", "", "jacques", "Jacques"
"ch125", "récit", "", "", "ludivine", "Ludivine"
"ch125", "récit", "", "", "m_dumay", "M. Dumay"
"ch125", "récit", "", "", "m_dumay", "M. Dumay"
"ch125", "récit", "", "", "suzette", "Suzette"
"ch125", "récit", "", "", "suzette", "Suzette"
"ch125", "récit", "", "", "suzette", "Suzette"
"ch125", "récit", "", "", "vincent", "Vincent"
"ch125", "questionnaire", "", "", "françois", "François"
"ch125", "questionnaire", "", "", "françois", "François"
"ch125", "questionnaire", "", "", "m_dumay", "M. Dumay"
"ch125", "questionnaire", "", "", "m_dumay", "M. Dumay"
"ch125", "questionnaire", "", "", "m_dumay", "M. Dumay"
"ch125", "questionnaire", "", "", "suzette", "Suzette"
"ch125", "questionnaire", "", "", "suzette", "Suzette"
"ch125", "industrie", "http://www.wikidata.org/entity/Q934295", "", "François Fresneau de La Gataudière", "Fresneau"
"ch125", "industrie", "http://www.wikidata.org/entity/Q26681", "", "Charles Marie de La Condamine", "La Condamine"
"ch125", "industrie", "", "", "", "Mérigot""Chapter", "Section", "Ref", "SameAs", "Key", "Place"
"ch126", "récit", "", "", "", "Antiope"
"ch126", "récit", "", "", "", "Antiope"
"ch126", "récit", "", "", "", "Antiope"
"ch126", "récit", "", "", "charlot", "Charlot"
"ch126", "récit", "", "", "m_dumay", "Denis"
"ch126", "récit", "", "", "françois", "François"
"ch126", "récit", "", "", "françois", "François"
"ch126", "récit", "", "", "", "Fénelon"
"ch126", "récit", "", "", "louis", "Louis"
"ch126", "récit", "", "", "louis", "Louis"
"ch126", "récit", "", "", "louis", "Louis"
"ch126", "récit", "", "", "louis", "Louis"
"ch126", "récit", "", "", "louis", "Louis"
"ch126", "récit", "", "", "m_dumay", "M. Dumay"
"ch126", "récit", "", "", "madeleine", "Madeleine"
"ch126", "récit", "", "", "madeleine", "Madeleine"
"ch126", "récit", "", "", "pascal", "Pascal"
"ch126", "récit", "", "", "mme_richard", "RICHARD"
"ch126", "récit", "", "", "", "Suzette"
"ch126", "récit", "", "", "suzette", "Suzette"
"ch126", "récit", "", "", "", "Télémaque"
"ch126", "récit", "", "", "", "Télémaque"
"ch126", "questionnaire", "", "", "louis", "Louis"
"ch126", "questionnaire", "", "", "m_dumay", "M. Dumay"
"ch126", "questionnaire", "", "", "mme_richard", "Mme Richard"
"ch126", "questionnaire", "", "", "mme_richard", "Mme Richard"
"ch126", "questionnaire", "", "", "mme_richard", "Mme Richard"
"ch126", "questionnaire", "", "", "pascal", "Pascal"
"ch126", "questionnaire", "", "", "suzette", "Suzette"
"ch126", "questionnaire", "", "", "suzette", "Suzette""Chapter", "Section", "Ref", "SameAs", "Key", "Place"
"ch127", "récit", "", "", "charlot", "Charlot"
"ch127", "récit", "", "", "charlot", "Charlot"
"ch127", "récit", "", "", "", "Florentin Lejoly"
"ch127", "récit", "", "", "françois", "François"
"ch127", "récit", "", "", "françois", "François"
"ch127", "récit", "", "", "françois", "François"
"ch127", "récit", "", "", "françois", "François"
"ch127", "récit", "", "", "françois", "François"
"ch127", "récit", "", "", "louis", "Louis"
"ch127", "récit", "", "", "ludivine", "Ludivine"
"ch127", "récit", "", "", "suzette", "Suzette"
"ch127", "récit", "", "", "suzette", "Suzette"
"ch127", "récit", "", "", "vincent", "Vincent"
"ch127", "récit", "", "", "vincent", "Vincent"
"ch127", "récit", "", "", "vincent", "Vincent"
"ch127", "récit", "", "", "vincent", "Vincent"
"ch127", "récit", "", "", "vincent", "Vincent"
"ch127", "récit", "", "", "benoît", "père Benoît"
"ch127", "récit", "", "", "benoît", "père Benoît"
"ch127", "questionnaire", "", "", "charlot", "Charlot"
"ch127", "questionnaire", "", "", "françois", "François"
"ch127", "questionnaire", "", "", "françois", "François"
"ch127", "questionnaire", "", "", "françois", "François"
"ch127", "questionnaire", "", "", "françois", "François"
"ch127", "questionnaire", "", "", "louis", "Louis"
"ch127", "questionnaire", "", "", "suzette", "Suzette"
"ch127", "questionnaire", "", "", "suzette", "Suzette"
"ch127", "questionnaire", "", "", "suzette", "Suzette"
"ch127", "questionnaire", "", "", "suzette", "Suzette"
"ch127", "questionnaire", "", "", "vincent", "Vincent"
"ch127", "hygiène", "http://www.wikidata.org/entity/Q109854455", "", "Aimé Riant", "Dr RIANT""Chapter", "Section", "Ref", "SameAs", "Key", "Place"
"ch128", "récit", "", "", "charlot", "Charlot"
"ch128", "récit", "", "", "", "Dumay"
"ch128", "récit", "", "", "françois", "François"
"ch128", "récit", "", "", "françois", "François"
"ch128", "récit", "", "", "françois", "François"
"ch128", "récit", "", "", "françois", "François"
"ch128", "récit", "", "", "suzette", "Suzette"
"ch128", "récit", "", "", "vincent", "Vincent"
"ch128", "récit", "", "", "vincent", "Vincent"
"ch128", "récit", "", "", "vincent", "Vincent"
"ch128", "récit", "", "", "", "tante Arzélie"
"ch128", "récit", "", "", "", "tante Arzélie"
"ch128", "questionnaire", "", "", "charlot", "Charlot"
"ch128", "questionnaire", "", "", "françois", "Francois"
"ch128", "questionnaire", "", "", "françois", "François"
"ch128", "questionnaire", "", "", "françois", "François"
"ch128", "questionnaire", "", "", "françois", "François"
"ch128", "questionnaire", "", "", "suzette", "Suzette"
"ch128", "questionnaire", "", "", "vincent", "Vincent"
"ch128", "questionnaire", "", "", "vincent", "Vincent"
"ch128", "questionnaire", "", "", "", "tante Arzélie""Chapter", "Section", "Ref", "SameAs", "Key", "Place"
"ch129", "hygiène", "http://www.wikidata.org/entity/Q109854455", "", "Aimé Riant", "Dr RIANT""Chapter", "Section", "Ref", "SameAs", "Key", "Place"
"ch130", "récit", "", "", "benoît", "Benoît"
"ch130", "récit", "", "", "charlot", "Charles"
"ch130", "récit", "", "", "charlot", "Charlot"
"ch130", "récit", "", "", "charlot", "Charlot"
"ch130", "récit", "", "", "charlot", "Charlot"
"ch130", "récit", "", "", "charlot", "Charlot"
"ch130", "récit", "", "", "charlot", "Charlot"
"ch130", "récit", "", "", "françois", "François"
"ch130", "récit", "", "", "françois", "François"
"ch130", "récit", "", "", "lisa", "Lisa"
"ch130", "récit", "", "", "ludivine", "Ludivine"
"ch130", "récit", "", "", "ludivine", "Ludivine"
"ch130", "récit", "", "", "ludivine", "Ludivine"
"ch130", "récit", "", "", "suzette", "Suzette"
"ch130", "récit", "", "", "suzette", "Suzette"
"ch130", "récit", "", "", "suzette", "Suzette"
"ch130", "récit", "", "", "suzette", "Suzette"
"ch130", "récit", "", "", "suzette", "Suzette"
"ch130", "récit", "", "", "suzette", "Suzette"
"ch130", "récit", "", "", "vincent", "Vincent"
"ch130", "récit", "", "", "vincent", "Vincent"
"ch130", "questionnaire", "", "", "charlot", "Charlot"
"ch130", "questionnaire", "", "", "françois", "François"
"ch130", "questionnaire", "", "", "ludivine", "Ludivine"
"ch130", "questionnaire", "", "", "ludivine", "Ludivine"
"ch130", "questionnaire", "", "", "suzette", "Suzette"
"ch130", "questionnaire", "", "", "suzette", "Suzette"
"ch130", "questionnaire", "", "", "suzette", "Suzette"
"ch130", "questionnaire", "", "", "vincent", "Vincent""Chapter", "Section", "Ref", "SameAs", "Key", "Place"
"ch131", "récit", "", "", "charlot", "Charlot"
"ch131", "récit", "", "", "charlot", "Charlot"
"ch131", "récit", "", "", "françois", "François"
"ch131", "récit", "", "", "françois", "François"
"ch131", "récit", "", "", "ludivine", "Ludivine"
"ch131", "récit", "", "", "suzette", "Suzette"
"ch131", "récit", "", "", "suzette", "Suzette"
"ch131", "récit", "", "", "suzette", "Suzette"
"ch131", "récit", "", "", "suzette", "Suzette"
"ch131", "récit", "", "", "suzette", "Suzette"
"ch131", "récit", "", "", "vincent", "Vincent"
"ch131", "récit", "", "", "vincent", "Vincent"
"ch131", "récit", "", "", "vincent", "Vincent"
"ch131", "récit", "", "", "vincent", "Vincent"
"ch131", "questionnaire", "", "", "françois", "François"
"ch131", "questionnaire", "", "", "suzette", "Suzette"
"ch131", "questionnaire", "", "", "suzette", "Suzette"
"ch131", "questionnaire", "", "", "suzette", "Suzette"
"ch131", "questionnaire", "", "", "vincent", "Vincent"
"ch131", "morale", "http://www.wikidata.org/entity/Q434346", "", "Victor Cousin", "COUSIN"
"ch131", "morale", "http://www.wikidata.org/entity/Q49767", "", "François-Auguste-René de Chateaubriand", "Chateaubriand"
"ch131", "morale", "", "", "", "Mme GUIZOT"
"ch131", "composition", "", "", "suzette", "Suzette""Chapter", "Section", "Ref", "SameAs", "Key", "Place"
"ch132", "récit", "", "", "françois", "François"
"ch132", "récit", "", "", "françois", "François"
"ch132", "récit", "", "", "françois", "François"
"ch132", "récit", "http://www.wikidata.org/entity/Q132548", "", "Francis II of France", "François II"
"ch132", "récit", "", "", "", "Louis XI"
"ch132", "récit", "http://www.wikidata.org/entity/Q8058", "", "Louis XI of France", "Louis XI"
"ch132", "récit", "", "", "m_dumay", "M. Dumay"
"ch132", "récit", "", "", "m_dumay", "M. Dumay"
"ch132", "récit", "", "", "madeleine", "Mme Louis"
"ch132", "récit", "", "", "madeleine", "Mme Louis Richard"
"ch132", "récit", "", "", "madeleine", "Mme Richard"
"ch132", "récit", "", "", "mme_valon", "Mme Valon"
"ch132", "récit", "", "", "mme_valon", "Mme Valon"
"ch132", "récit", "", "", "suzette", "Suzette"
"ch132", "récit", "", "", "suzette", "Suzette"
"ch132", "questionnaire", "", "", "françois", "François"
"ch132", "questionnaire", "", "", "mme_valon", "Mme Valon"
"ch132", "questionnaire", "", "", "madeleine", "Mme Louis Richard"
"ch132", "questionnaire", "", "", "madeleine", "Mme Louis Richard"
"ch132", "questionnaire", "", "", "suzette", "Suzette"
"ch132", "questionnaire", "", "", "suzette", "Suzette"
"ch132", "questionnaire", "", "", "suzette", "Suzette"
"ch132", "complexe", "http://www.wikidata.org/entity/Q179825", "", "Abdelkader El Djezairi", "Abd-el-kader"
"ch132", "complexe", "http://www.wikidata.org/entity/Q155734", "", "Louis-Alexandre Berthier", "Berthier"
"ch132", "complexe", "http://www.wikidata.org/entity/Q134452", "", "Charles VIII of France", "Charles VIII"
"ch132", "complexe", "http://www.wikidata.org/entity/Q134452", "", "Charles VIII of France", "Charles VIII"
"ch132", "complexe", "http://www.wikidata.org/entity/Q442205", "", "Concino Concini", "Concini"
"ch132", "complexe", "http://www.wikidata.org/entity/Q132548", "", "Francis II of France", "François II"
"ch132", "complexe", "http://www.wikidata.org/entity/Q129857", "", "Francis I of France", "François Ier"
"ch132", "complexe", "http://www.wikidata.org/entity/Q129857", "", "Francis I of France", "François Ier"
"ch132", "complexe", "http://www.wikidata.org/entity/Q129857", "", "Francis I of France", "François Ier"
"ch132", "complexe", "http://www.wikidata.org/entity/Q644635", "", "Gaston, Duke of Orléans", "Gaston d'Orléans"
"ch132", "complexe", "http://www.wikidata.org/entity/Q53448", "", "Henry III of France", "Henri IlI"
"ch132", "complexe", "http://www.wikidata.org/entity/Q53448", "", "Henry III of France", "Henri III"
"ch132", "complexe", "http://www.wikidata.org/entity/Q936976", "", "Henry IV of France", "Henri de Navarre"
"ch132", "complexe", "http://www.wikidata.org/entity/Q8058", "", "Louis XI of France", "Louis XI"
"ch132", "complexe", "http://www.wikidata.org/entity/Q8058", "", "Louis XI of France", "Louis XI"
"ch132", "complexe", "http://www.wikidata.org/entity/Q58514", "", "Louis XII of France", "Louis XII"
"ch132", "complexe", "http://www.wikidata.org/entity/Q58514", "", "Louis XII of France", "Louis XII"
"ch132", "complexe", "http://www.wikidata.org/entity/Q58514", "", "Louis XII of France", "Louis XII"
"ch132", "complexe", "http://www.wikidata.org/entity/Q737533", "", "Louis XIII of France", "Louis XIII"
"ch132", "complexe", "http://www.wikidata.org/entity/Q7738", "", "Louis XV of France", "Louis XV"
"ch132", "complexe", "http://www.wikidata.org/entity/Q7732", "", "Louis XVI of France", "Louis XVI"
"ch132", "complexe", "http://www.wikidata.org/entity/Q7750", "", "Louis XVIII of France", "Louis XVIII"
"ch132", "complexe", "http://www.wikidata.org/entity/Q182021", "", "Marie de' Medici", "Marie de Médicis"
"ch132", "complexe", "http://www.wikidata.org/entity/Q157491", "", "Marie Louise I, Duchess of Parma", "Marie-Louise"
"ch132", "complexe", "http://www.wikidata.org/entity/Q517", "", "Napoleon", "Napoléon"
"ch132", "complexe", "http://www.wikidata.org/entity/Q3386424", "", "Pierre Nepveu", "Pierre Nepveu"
"ch132", "complexe", "http://www.wikidata.org/entity/Q113695172", "", "François Camille de Polignac, Marquis de Polignac", "Polignac"
"ch132", "complexe", "http://www.wikidata.org/entity/Q54022", "", "Stanisław Leszczyński", "Stanislas"
"ch132", "complexe", "http://www.wikidata.org/entity/Q712264", "", "Charles, Cardinal of Lorraine", "cardinal de Guise"
"ch132", "complexe", "http://www.wikidata.org/entity/Q88851", "", "Prince Henri, Count of Chambord", "comte de Chambord"
"ch132", "complexe", "http://www.wikidata.org/entity/Q61883629", "", "count of Blois, Châteaudun and Chartres", "comtes de Blois"
"ch132", "complexe", "http://www.wikidata.org/entity/Q76723", "", "Maurice de Saxe", "maréchal de Saxe""Chapter", "Section", "Ref", "SameAs", "Key", "Place"
"ch133", "récit", "", "", "jacques", "Jacques"
"ch133", "récit", "", "", "jacques", "Jacques"
"ch133", "récit", "", "", "m_dumay", "M. Dumay"
"ch133", "récit", "", "", "m_dumay", "M. Dumay"
"ch133", "récit", "", "", "m_dumay", "M. Dumay"
"ch133", "récit", "", "", "pascal", "Pascal"
"ch133", "récit", "", "", "suzette", "Suzette"
"ch133", "récit", "", "", "sylvain", "Sylvain"
"ch133", "récit", "", "", "sylvain", "Sylvain"
"ch133", "récit", "", "", "sylvain", "Sylvain"
"ch133", "récit", "", "", "sylvain", "Sylvain"
"ch133", "récit", "", "", "sylvain", "Sylvain"
"ch133", "récit", "", "", "sylvain", "Sylvain"
"ch133", "questionnaire", "", "", "", "Dumay"
"ch133", "questionnaire", "", "", "m_dumay", "M. Dumay"
"ch133", "questionnaire", "", "", "suzette", "Suzette"
"ch133", "questionnaire", "", "", "sylvain", "Sylvain""Chapter", "Section", "Ref", "SameAs", "Key", "Place"
"ch134", "récit", "", "", "", " Philémon"
"ch134", "récit", "", "", "", "Baucis"
"ch134", "récit", "", "", "louis", "Louis"
"ch134", "récit", "", "", "louis", "Louis"
"ch134", "récit", "", "", "madeleine", "Mme Louis"
"ch134", "récit", "", "", "suzette", "Suzette"
"ch134", "récit", "", "", "suzette", "Suzette"
"ch134", "récit", "", "", "suzette", "Suzette"
"ch134", "récit", "", "", "suzette", "Suzette"
"ch134", "récit", "", "", "suzette", "Suzette"
"ch134", "questionnaire", "", "", "louis", "Louis"
"ch134", "questionnaire", "", "", "louis", "Louis"
"ch134", "questionnaire", "", "", "suzette", "Suzette"
"ch134", "questionnaire", "", "", "suzette", "Suzette"
"ch134", "composition", "", "", "", "Baucis"
"ch134", "composition", "http://www.wikidata.org/entity/Q49496", "", "Jean de La Fontaine", "La Fontaine"
"ch134", "composition", "", "", "", "Philémon""Chapter", "Section", "Ref", "SameAs", "Key", "Place"
"ch135", "récit", "", "", "charlot", "Charlot"
"ch135", "récit", "", "", "charlot", "Charlot"
"ch135", "récit", "", "", "françois", "François"
"ch135", "récit", "", "", "françois", "François"
"ch135", "récit", "", "", "françois", "François"
"ch135", "récit", "", "", "françois", "François"
"ch135", "récit", "", "", "jacques", "Jacques"
"ch135", "récit", "", "", "madeleine", "La Parisienne"
"ch135", "récit", "", "", "louis", "Louis"
"ch135", "récit", "", "", "louis", "Louis"
"ch135", "récit", "", "", "m_dumay", "M. Dumay"
"ch135", "récit", "", "", "m_dumay", "M. Dumay"
"ch135", "récit", "", "", "madeleine", "Madeleine"
"ch135", "récit", "", "", "madeleine", "Madeleine"
"ch135", "récit", "", "", "suzette", "Suzette"
"ch135", "récit", "", "", "suzette", "Suzette"
"ch135", "questionnaire", "", "", "charlot", "Charlot"
"ch135", "questionnaire", "", "", "françois", "François"
"ch135", "questionnaire", "", "", "françois", "François"
"ch135", "questionnaire", "", "", "louis", "Louis"
"ch135", "questionnaire", "", "", "madeleine", "Madeleine"
"ch135", "questionnaire", "", "", "suzette", "Suzette"
"ch135", "économie_domestique", "", "", "", "Audot""Chapter", "Section", "Ref", "SameAs", "Key", "Place"
"ch136", "récit", "http://www.wikidata.org/entity/Q7322", "", "Christopher Columbus", "Christophe Colomb"
"ch136", "récit", "", "", "pascal", "Pascal"
"ch136", "récit", "", "", "", "Philémon"
"ch136", "récit", "", "", "suzette", "Suzette"
"ch136", "récit", "", "", "suzette", "Suzette"
"ch136", "récit", "", "", "sylvain", "Sylvain"
"ch136", "questionnaire", "", "", "jacques", "Jacques"
"ch136", "questionnaire", "", "", "jacques", "Jacques"
"ch136", "questionnaire", "", "", "suzette", "Suzette"
"ch136", "questionnaire", "", "", "sylvain", "Sylvain"
"ch136", "géographie", "", "", "jacques", "Jacques""Chapter", "Section", "Ref", "SameAs", "Key", "Place"
"ch137", "récit", "", "", "charlot", "Charlot"
"ch137", "récit", "", "", "françois", "François"
"ch137", "récit", "", "", "françois", "François"
"ch137", "récit", "", "", "jacques", "JACOUES DUMAY"
"ch137", "récit", "", "", "louis", "Louis"
"ch137", "récit", "", "", "louis", "Louis"
"ch137", "récit", "", "", "madeleine", "Madeleine"
"ch137", "récit", "", "", "suzette", "Suzette"
"ch137", "récit", "", "", "sylvain", "Sylvain"
"ch137", "récit", "", "", "sylvain", "Sylvain"
"ch137", "questionnaire", "", "", "françois", "François"
"ch137", "questionnaire", "", "", "jacques", "Jacques"
"ch137", "questionnaire", "", "", "jacques", "Jacques"
"ch137", "questionnaire", "", "", "suzette", "Suzette"
"ch137", "géographie", "", "", "", "Boscowitz""Chapter", "Section", "Ref", "SameAs", "Key", "Place"
"ch138", "récit", "", "", "m_dumay", "M. Dumay"
"ch138", "récit", "", "", "m_dumay", "M. Dumay"
"ch138", "récit", "", "", "suzette", "Suzette"
"ch138", "questionnaire", "", "", "m_dumay", "M. Dumay"
"ch138", "questionnaire", "", "", "suzette", "Suzette"
"ch138", "questionnaire", "", "", "suzette", "Suzette"
"ch138", "composition", "", "", "", "E. LAPORTE"
"ch138", "calcul", "", "", "", "E. FOURNIER"
"ch138", "calcul", "", "", "", "FOURNER Eléonore"
"ch138", "calcul", "", "", "", "Mlle LENOIR Henriette""Chapter", "Section", "Ref", "SameAs", "Key", "Place"
"ch139", "récit", "", "", "", "Antoine"
"ch139", "récit", "", "", "", "Antoine"
"ch139", "récit", "", "", "", "Antoine"
"ch139", "récit", "", "", "charlot", "Charlot"
"ch139", "récit", "", "", "charlot", "Charlot"
"ch139", "récit", "", "", "m_dumay", "M. Dumay"
"ch139", "récit", "", "", "m_dumay", "M. Dumay"
"ch139", "récit", "", "", "m_dumay", "M. Dumay"
"ch139", "récit", "", "", "mme_valon", "Mme Valon"
"ch139", "récit", "", "", "suzette", "Suzette"
"ch139", "récit", "", "", "suzette", "Suzette"
"ch139", "récit", "", "", "suzette", "Suzette"
"ch139", "récit", "", "", "suzette", "Suzette"
"ch139", "questionnaire", "", "", "", "Antoine"
"ch139", "questionnaire", "", "", "", "Antoine"
"ch139", "questionnaire", "", "", "m_dumay", "M. Dumay"
"ch139", "questionnaire", "", "", "suzette", "Suzette"
"ch139", "questionnaire", "", "", "suzette", "Suzette"
"ch139", "questionnaire", "", "", "suzette", "Suzette""Chapter", "Section", "Ref", "SameAs", "Key", "Place"
"ch140", "récit", "", "", "", "Antoine"
"ch140", "récit", "", "", "", "Antoine"
"ch140", "récit", "", "", "", "Georges"
"ch140", "récit", "", "", "", "Lucie Valon"
"ch140", "récit", "", "", "m_valon", "M"
"ch140", "récit", "", "", "m_dumay", "M. Dumay"
"ch140", "récit", "", "", "m_dumay", "M. Dumay"
"ch140", "récit", "", "", "m_dumay", "M. Dumay"
"ch140", "récit", "", "", "m_valon", "M. Valon"
"ch140", "récit", "", "", "m_valon", "M. Valon"
"ch140", "récit", "", "", "mme_valon", "Mme Valon"
"ch140", "récit", "", "", "mme_valon", "Mme Valon"
"ch140", "récit", "", "", "mme_valon", "Mme Valon"
"ch140", "récit", "", "", "mme_valon", "Mme Valon"
"ch140", "récit", "", "", "mme_valon", "Mme Valon"
"ch140", "récit", "", "", "suzette", "Suzette"
"ch140", "récit", "", "", "suzette", "Suzette"
"ch140", "récit", "", "", "suzette", "Suzette"
"ch140", "récit", "", "", "suzette", "Suzette"
"ch140", "récit", "", "", "suzette", "Suzette"
"ch140", "récit", "", "", "suzette", "Suzette"
"ch140", "récit", "", "", "mme_valon", "me Valon"
"ch140", "questionnaire", "", "", "m_dumay", "M. Dumay"
"ch140", "questionnaire", "", "", "mme_valon", "Mme Valon"
"ch140", "questionnaire", "", "", "mme_valon", "Mme Valon"
"ch140", "questionnaire", "", "", "mme_valon", "Mme Valon"
"ch140", "questionnaire", "", "", "suzette", "Suzette"
"ch140", "morale", "", "", "suzette", "Suzette"
"ch140", "morale", "", "", "suzette", "Suzette"
"ch140", "morale", "", "", "suzette", "Suzette"
"ch140", "morale", "", "", "suzette", "Suzette""Chapter", "Section", "Ref", "SameAs", "Key", "Place"
"ch141", "récit", "", "", "", "Adèle"
"ch141", "récit", "", "", "", "Adèle"
"ch141", "récit", "", "", "", "Antoine"
"ch141", "récit", "", "", "", "Antoine"
"ch141", "récit", "", "", "", "Antoine"
"ch141", "récit", "", "", "", "Louise"
"ch141", "récit", "", "", "", "Louise"
"ch141", "récit", "", "", "", "Margot"
"ch141", "récit", "", "", "", "Margot"
"ch141", "récit", "", "", "", "Margot"
"ch141", "récit", "", "", "", "Margot"
"ch141", "récit", "", "", "", "Margot"
"ch141", "récit", "", "", "", "Margot"
"ch141", "récit", "", "", "", "Mlle Lucie Valon"
"ch141", "récit", "", "", "mme_valon", "Mme Valon"
"ch141", "récit", "", "", "mme_valon", "Mme Valon"
"ch141", "récit", "", "", "mme_valon", "Mme Valon"
"ch141", "récit", "", "", "mme_valon", "Mme Valon"
"ch141", "récit", "", "", "mme_valon", "Mme Valon"
"ch141", "récit", "", "", "", "Rose"
"ch141", "récit", "", "", "", "Rose"
"ch141", "récit", "", "", "suzette", "Suzette"
"ch141", "récit", "", "", "suzette", "Suzette"
"ch141", "récit", "", "", "suzette", "Suzette"
"ch141", "récit", "", "", "suzette", "Suzette"
"ch141", "récit", "", "", "suzette", "Suzette"
"ch141", "récit", "", "", "suzette", "Suzette"
"ch141", "récit", "", "", "suzette", "Suzette"
"ch141", "récit", "", "", "suzette", "Suzette"
"ch141", "récit", "", "", "suzette", "Suzette"
"ch141", "récit", "", "", "suzette", "Suzette Dumay"
"ch141", "questionnaire", "", "", "", "Antoine"
"ch141", "questionnaire", "", "", "", "Louise"
"ch141", "questionnaire", "", "", "", "Margot"
"ch141", "questionnaire", "", "", "", "Margot"
"ch141", "questionnaire", "", "", "mme_valon", "Mme Valon"
"ch141", "questionnaire", "", "", "", "Rose"
"ch141", "questionnaire", "", "", "suzette", "Suzette"
"ch141", "questionnaire", "", "", "suzette", "Suzette"
"ch141", "questionnaire", "", "", "suzette", "Suzette"
"ch141", "questionnaire", "", "", "suzette", "Suzette"
"ch141", "questionnaire", "", "", "suzette", "Suzette"
"ch141", "questionnaire", "", "", "suzette", "Suzette""Chapter", "Section", "Ref", "SameAs", "Key", "Place"
"ch142", "récit", "", "", "jacques", "Jacques"
"ch142", "récit", "", "", "jacques", "Jacques"
"ch142", "récit", "", "", "m_cartier", "M. Cartier"
"ch142", "récit", "", "", "m_cartier", "M. Cartier"
"ch142", "récit", "", "", "m_cartier", "M. Cartier"
"ch142", "récit", "", "", "m_cartier", "M. Cartier"
"ch142", "récit", "", "", "m_cartier", "M. Cartier"
"ch142", "récit", "", "", "", "M. Cellier"
"ch142", "récit", "", "", "m_dumay", "M. Dumay"
"ch142", "récit", "", "", "", "Mme Cellier"
"ch142", "récit", "", "", "mme_valon", "Mme Valon"
"ch142", "récit", "", "", "", "Paul Cellier"
"ch142", "récit", "", "", "suzette", "Suzette"
"ch142", "récit", "", "", "suzette", "Suzette"
"ch142", "récit", "", "", "suzette", "Suzette"
"ch142", "récit", "", "", "suzette", "Suzette"
"ch142", "récit", "", "", "suzette", "Suzette"
"ch142", "récit", "", "", "sylvain", "Sylvain"
"ch142", "récit", "", "", "sylvain", "Sylvain"
"ch142", "récit", "", "", "sylvain", "Sylvain Manceau"
"ch142", "questionnaire", "", "", "m_cartier", "M. Cartier"
"ch142", "questionnaire", "", "", "m_cartier", "M. Cartier"
"ch142", "questionnaire", "", "", "suzette", "Suzette"
"ch142", "questionnaire", "", "", "suzette", "Suzette"
"ch142", "questionnaire", "", "", "m_dumay", "f"
"ch142", "composition", "", "", "", "E. LAPORTE"
"ch142", "géographie", "http://viaf.org/viaf/315643242/", "", "", "E. RECLUS""Chapter", "Section", "Ref", "SameAs", "Key", "Place"
"ch143", "récit", "", "", "m_cartier", "Cartier"
"ch143", "récit", "", "", "m_cartier", "Cartier"
"ch143", "récit", "", "", "charlot", "Charlot"
"ch143", "récit", "", "", "charlot", "Charlot"
"ch143", "récit", "", "", "cécile", "Cécile"
"ch143", "récit", "", "", "cécile", "Cécile"
"ch143", "récit", "", "", "m_dumay", "Dumay"
"ch143", "récit", "http://viaf.org/viaf/71475811/", "", "", "HÉGÉSIPPE MOREAU"
"ch143", "récit", "", "", "jacques", "Jacques"
"ch143", "récit", "", "", "jacques", "Jacques"
"ch143", "récit", "", "", "jacques", "Jacques"
"ch143", "récit", "", "", "jacques", "Jacques"
"ch143", "récit", "", "", "m_valon", "M"
"ch143", "récit", "", "", "m_valon", "M. Valon"
"ch143", "récit", "", "", "m_cartier", "M. Cartier"
"ch143", "récit", "", "", "m_dumay", "M. Dumay"
"ch143", "récit", "", "", "mme_valon", "Mme Valon"
"ch143", "récit", "", "", "mme_valon", "Mme Valon"
"ch143", "récit", "", "", "suzette", "Suzette"
"ch143", "récit", "", "", "suzette", "Suzette"
"ch143", "récit", "", "", "suzette", "Suzette"
"ch143", "récit", "", "", "suzette", "Suzette"
"ch143", "récit", "", "", "suzette", "Suzette"
"ch143", "récit", "", "", "suzette", "Suzette"
"ch143", "récit", "", "", "suzette", "Suzette"
"ch143", "récit", "", "", "suzette", "Suzette"
"ch143", "récit", "", "", "suzette", "Suzette"
"ch143", "récit", "", "", "sylvain", "Sylvain"
"ch143", "récit", "", "", "sylvain", "Sylvain"
"ch143", "récit", "", "", "sylvain", "Sylvain"
"ch143", "récit", "", "", "sylvain", "Sylvain"
"ch143", "récit", "", "", "sylvain", "Sylvain"
"ch143", "récit", "", "", "sylvain", "Sylvain"
"ch143", "questionnaire", "", "", "charlot", "Charlot"
"ch143", "questionnaire", "", "", "jacques", "Jacques"
"ch143", "questionnaire", "", "", "m_dumay", "M. Dumay"
"ch143", "questionnaire", "", "", "suzette", "Suzette"
"ch143", "questionnaire", "", "", "suzette", "Suzette"
"ch143", "questionnaire", "", "", "suzette", "Suzette"
"ch143", "questionnaire", "", "", "sylvain", "Sylvain""Chapter", "Section", "Ref", "SameAs", "Key", "Place"
"ch144", "récit", "", "", "benoît", "Benoît"
"ch144", "récit", "", "", "", "Brazza"
"ch144", "récit", "", "", "charlot", "Charlot"
"ch144", "récit", "", "", "cécile", "Cécile"
"ch144", "récit", "", "", "françois", "François"
"ch144", "récit", "", "", "jacques", "Jacques"
"ch144", "récit", "", "", "jacques", "Jacques"
"ch144", "récit", "", "", "louis", "Louis"
"ch144", "récit", "", "", "ludivine", "Ludivine"
"ch144", "récit", "", "", "ludivine", "Ludivine"
"ch144", "récit", "", "", "m_valon", "M."
"ch144", "récit", "", "", "m_cartier", "M. Cartier"
"ch144", "récit", "", "", "m_dumay", "M. Dumay"
"ch144", "récit", "", "", "m_dumay", "M. Dumay"
"ch144", "récit", "", "", "madeleine", "Madeleine"
"ch144", "récit", "", "", "marguerite", "Marguerite"
"ch144", "récit", "", "", "marguerite", "Marguerite"
"ch144", "récit", "", "", "marguerite", "Marguerite"
"ch144", "récit", "", "", "marguerite", "Marguerite"
"ch144", "récit", "", "", "marthe", "Marthe"
"ch144", "récit", "", "", "mme_richard", "Mme Richard"
"ch144", "récit", "", "", "mme_valon", "Mme Valon"
"ch144", "récit", "", "", "pascal", "Pascal"
"ch144", "récit", "", "", "pascal", "Pascal"
"ch144", "récit", "", "", "suzette", "Suzette"
"ch144", "récit", "", "", "suzette", "Suzette"
"ch144", "récit", "", "", "marguerite", "Suzette II"
"ch144", "récit", "", "", "sylvain", "Sylvain"
"ch144", "récit", "", "", "sylvain", "Sylvain"
"ch144", "questionnaire", "", "", "ludivine", "Ludivine"
"ch144", "questionnaire", "", "", "m_dumay", "M. Dumay"
"ch144", "questionnaire", "", "", "marguerite", "Marguerite"
"ch144", "questionnaire", "", "", "marguerite", "Marguerite"
"ch144", "questionnaire", "", "", "sylvain", "Sylvain"